ask,to,room,points,opened_eastern,closed_eastern,hours_to_close
20260913-175735-design-0001#1,Norm,,3,2026-09-13 17:57:00,2026-09-13 18:19:00,0.37
20260913-220747-design-0002#1,Norm,CRAG,5,2026-09-13 18:07:00,2026-09-13 18:19:00,0.20
20260913-220747-design-0002#2,Norm,CRAG,5,2026-09-13 18:07:00,2026-09-13 18:19:00,0.20
20260913-221940-dev-0001#1,Greg,,1,2026-09-13 18:19:00,2026-09-13 18:24:00,0.08
20260913-221958-dev-0002#1,Greg,CRAG,3,2026-09-13 18:19:00,2026-09-13 19:17:00,0.97
20260913-221958-dev-0002#2,Greg,CRAG,5,2026-09-13 18:19:00,2026-09-13 18:35:00,0.27
20260913-221958-dev-0002#3,Greg,CRAG,5,2026-09-13 18:19:00,2026-09-13 18:35:00,0.27
20260913-222130-design-0003#1,Norm,WINDING-STAIR,1,2026-09-13 18:21:00,2026-09-13 18:24:00,0.05
20260913-223506-design-0005#1,Norm,CRAG,5,2026-09-13 18:35:00,2026-09-13 18:44:00,0.15
20260913-223506-design-0006#1,Norm,WINDING-STAIR,3,2026-09-13 18:35:00,2026-09-13 18:41:00,0.10
20260913-224127-dev-0005#1,Greg,WINDING-STAIR,1,2026-09-13 18:41:00,2026-09-13 18:44:00,0.05
20260913-224127-dev-0005#2,Greg,WINDING-STAIR,3,2026-09-13 18:41:00,2026-09-13 20:09:00,1.47
20260913-224127-dev-0005#3,Greg,WINDING-STAIR,5,2026-09-13 18:41:00,2026-09-13 20:38:00,1.95
20260913-224443-dev-0006#1,Greg,CRAG,3,2026-09-13 18:44:00,2026-09-13 19:02:00,0.30
20260913-225314-dev-0007#1,Greg,CRAG,1,2026-09-13 18:53:00,2026-09-13 18:58:00,0.08
20260913-230233-design-0010#1,Norm,CRAG,1,2026-09-13 19:02:00,2026-09-13 19:05:00,0.05
20260913-231705-design-0012#1,Norm,WINDING-STAIR,3,2026-09-13 19:17:00,2026-09-13 19:19:00,0.03
20260913-231955-dev-0010#1,Greg,WINDING-STAIR,1,2026-09-13 19:19:00,2026-09-13 19:32:00,0.22
20260913-233702-dev-0011#1,Greg,DORM-D,2,2026-09-13 19:37:00,2026-09-13 20:09:00,0.53
20260913-234437-design-0014#1,Norm,DORM-D,3,2026-09-13 19:44:00,2026-09-13 19:46:00,0.03
20260913-234622-dev-0012#1,Greg,DORM-D,2,2026-09-13 19:46:00,2026-09-13 20:09:00,0.38
20260913-234657-design-0015#1,Norm,WINDING-STAIR,8,2026-09-13 19:46:00,2026-09-13 19:53:00,0.12
20260913-234837-design-0016#1,Norm,DORM-D,3,2026-09-13 19:48:00,2026-09-13 19:55:00,0.12
20260913-235348-dev-0013#1,Greg,WINDING-STAIR,1,2026-09-13 19:53:00,2026-09-13 20:09:00,0.27
20260913-235348-dev-0013#2,Greg,WINDING-STAIR,1,2026-09-13 19:53:00,2026-09-13 20:09:00,0.27
20260913-235512-dev-0014#1,Greg,DORM-D,1,2026-09-13 19:55:00,2026-09-13 20:09:00,0.23
20260913-235711-design-0017#1,Norm,WINDING-STAIR,2,2026-09-13 19:57:00,2026-09-13 20:00:00,0.05
20260913-235950-design-0018#1,Norm,DORM-D,2,2026-09-13 19:59:00,2026-09-13 20:01:00,0.03
20260914-000917-design-0020#1,Norm,WINDING-STAIR,5,2026-09-13 20:09:00,2026-09-13 20:32:00,0.38
20260914-001115-design-0021#1,Norm,WINDING-STAIR,3,2026-09-13 20:11:00,2026-09-13 20:16:00,0.08
20260914-001647-dev-0017#1,Greg,WINDING-STAIR,1,2026-09-13 20:16:00,2026-09-13 20:38:00,0.37
20260914-002018-design-0022#1,Norm,WINDING-STAIR,3,2026-09-13 20:20:00,2026-09-13 20:32:00,0.20
20260914-002431-design-0023#1,Norm,COURTYARD,3,2026-09-13 20:24:00,2026-09-13 20:51:00,0.45
20260914-004738-design-0025#1,Norm,ESCAPE-POD,1,2026-09-13 20:47:00,2026-09-13 21:28:00,0.68
20260914-005147-dev-0019#1,Greg,COURTYARD,5,2026-09-13 20:51:00,2026-09-13 21:23:00,0.53
20260914-010035-design-0026#1,Norm,COURTYARD,3,2026-09-13 21:00:00,2026-09-13 21:04:00,0.07
20260914-010401-dev-0020#1,Greg,COURTYARD,5,2026-09-13 21:04:00,2026-09-13 21:23:00,0.32
20260914-011044-design-0027#1,Norm,COURTYARD,5,2026-09-13 21:10:00,2026-09-13 21:12:00,0.03
20260914-011231-dev-0021#1,Greg,COURTYARD,5,2026-09-13 21:12:00,2026-09-13 21:38:00,0.43
20260914-012330-design-0028#1,Norm,COURTYARD,5,2026-09-13 21:23:00,2026-09-13 21:25:00,0.03
20260914-012519-dev-0022#1,Greg,COURTYARD,1,2026-09-13 21:25:00,2026-09-14 05:41:00,8.27
20260914-012839-dev-0023#1,Greg,ESCAPE-POD,1,2026-09-13 21:28:00,2026-09-13 21:32:00,0.07
20260914-012839-dev-0023#2,Greg,ESCAPE-POD,1,2026-09-13 21:28:00,2026-09-13 21:32:00,0.07
20260914-013802-design-0030#1,Norm,COURTYARD,5,2026-09-13 21:38:00,2026-09-14 05:39:00,8.02
20260914-093657-dev-0024#1,Greg,,1,2026-09-14 05:36:00,2026-09-14 18:37:00,13.02
20260914-093944-dev-0025#1,Greg,COURTYARD,1,2026-09-14 05:39:00,2026-09-14 05:41:00,0.03
20260914-093944-dev-0025#2,Greg,COURTYARD,13,2026-09-14 05:39:00,2026-09-14 06:24:00,0.75
20260914-094317-design-0033#1,Norm,MESS-CORRIDOR,5,2026-09-14 05:43:00,2026-09-14 06:04:00,0.35
20260914-095019-design-0034#1,Norm,MESS-HALL,3,2026-09-14 05:50:00,2026-09-14 06:19:00,0.48
20260914-095259-design-0035#1,Norm,KITCHEN,3,2026-09-14 05:52:00,2026-09-14 06:19:00,0.45
20260914-095413-design-0036#1,Norm,DORM-CORRIDOR,3,2026-09-14 05:54:00,2026-09-14 06:28:00,0.57
20260914-095515-design-0037#1,Norm,REC-CORRIDOR,3,2026-09-14 05:55:00,2026-09-14 11:53:00,5.97
20260914-095647-design-0039#1,Norm,REC-AREA,3,2026-09-14 05:56:00,2026-09-14 11:53:00,5.95
20260914-095754-design-0040#1,Norm,CORRIDOR-JUNCTION,3,2026-09-14 05:57:00,2026-09-14 11:53:00,5.93
20260914-095907-design-0041#1,Norm,LAWANDA-PLATFORM,3,2026-09-14 05:59:00,2026-09-14 11:07:00,5.13
20260914-100039-design-0042#1,Norm,SYSTEMS-CORRIDOR-WEST,3,2026-09-14 06:00:00,2026-09-14 11:07:00,5.12
20260914-100218-design-0043#1,Norm,COURTYARD,1,2026-09-14 06:02:00,2026-09-14 06:10:00,0.13
20260914-100238-design-0044#1,Norm,SYSTEMS-CORRIDOR,3,2026-09-14 06:02:00,2026-09-14 11:07:00,5.08
20260914-100323-design-0045#1,Norm,SYSTEMS-CORRIDOR-EAST,3,2026-09-14 06:03:00,2026-09-14 11:07:00,5.07
20260914-100409-design-0046#1,Norm,INFIRMARY,3,2026-09-14 06:04:00,2026-09-14 11:07:00,5.05
20260914-100432-dev-0026#1,Greg,MESS-CORRIDOR,5,2026-09-14 06:04:00,2026-09-14 06:13:00,0.15
20260914-100525-design-0047#1,Norm,COURTYARD,1,2026-09-14 06:05:00,2026-09-14 06:10:00,0.08
20260914-101005-dev-0027#1,Greg,COURTYARD,13,2026-09-14 06:10:00,2026-09-14 06:24:00,0.23
20260914-101324-design-0048#1,Norm,MESS-CORRIDOR,5,2026-09-14 06:13:00,2026-09-14 06:15:00,0.03
20260914-101559-dev-0029#1,Greg,MESS-CORRIDOR,8,2026-09-14 06:15:00,2026-09-14 06:45:00,0.50
20260914-101559-dev-0029#2,Greg,MESS-CORRIDOR,5,2026-09-14 06:15:00,2026-09-14 06:42:00,0.45
20260914-101831-dev-0030#1,Greg,,1,2026-09-14 06:18:00,2026-09-14 18:37:00,12.32
20260914-101935-dev-0031#1,Greg,MESS-HALL,5,2026-09-14 06:19:00,2026-09-14 08:32:00,2.22
20260914-101935-dev-0032#1,Greg,KITCHEN,5,2026-09-14 06:19:00,2026-09-14 07:18:00,0.98
20260914-102423-design-0052#1,Norm,COURTYARD,3,2026-09-14 06:24:00,2026-09-14 06:38:00,0.23
20260914-102806-dev-0033#1,Greg,DORM-CORRIDOR,5,2026-09-14 06:28:00,2026-09-14 09:36:00,3.13
20260914-103832-dev-0034#1,Greg,COURTYARD,8,2026-09-14 06:38:00,2026-09-14 06:57:00,0.32
20260914-104235-design-0053#1,Norm,MESS-CORRIDOR,3,2026-09-14 06:42:00,2026-09-14 06:44:00,0.03
20260914-104407-dev-0035#1,Greg,MESS-CORRIDOR,5,2026-09-14 06:44:00,2026-09-14 07:08:00,0.40
20260914-104516-design-0054#1,Norm,MESS-CORRIDOR,3,2026-09-14 06:45:00,2026-09-14 06:46:00,0.02
20260914-104632-dev-0036#1,Greg,MESS-CORRIDOR,5,2026-09-14 06:46:00,2026-09-14 07:08:00,0.37
20260914-105719-design-0055#1,Norm,COURTYARD,1,2026-09-14 06:57:00,2026-09-14 06:59:00,0.03
20260914-110846-design-0056#1,Norm,MESS-CORRIDOR,2,2026-09-14 07:08:00,2026-09-14 07:22:00,0.23
20260914-111846-design-0057#1,Norm,KITCHEN,3,2026-09-14 07:18:00,2026-09-14 07:21:00,0.05
20260914-112143-dev-0038#1,Greg,KITCHEN,1,2026-09-14 07:21:00,2026-09-14 07:57:00,0.60
20260914-112143-dev-0038#2,Greg,KITCHEN,5,2026-09-14 07:21:00,2026-09-14 08:07:00,0.77
20260914-112217-dev-0039#1,Greg,MESS-CORRIDOR,8,2026-09-14 07:22:00,2026-09-14 07:57:00,0.58
20260914-112850-dev-0040#1,Greg,,1,2026-09-14 07:28:00,2026-09-14 09:27:00,1.98
20260914-115733-design-0058#1,Norm,MESS-CORRIDOR,2,2026-09-14 07:57:00,2026-09-14 08:07:00,0.17
20260914-120732-dev-0041#1,Greg,MESS-CORRIDOR,1,2026-09-14 08:07:00,2026-09-14 08:09:00,0.03
20260914-120753-design-0060#1,Norm,KITCHEN,3,2026-09-14 08:07:00,2026-09-14 08:14:00,0.12
20260914-120940-design-0061#1,Norm,MESS-CORRIDOR,1,2026-09-14 08:09:00,2026-09-14 08:20:00,0.18
20260914-121422-dev-0042#1,Greg,KITCHEN,5,2026-09-14 08:14:00,2026-09-14 08:22:00,0.13
20260914-121422-dev-0042#2,Greg,KITCHEN,5,2026-09-14 08:14:00,2026-09-14 08:22:00,0.13
20260914-122240-design-0062#1,Norm,KITCHEN,3,2026-09-14 08:22:00,2026-09-14 08:57:00,0.58
20260914-123215-design-0063#1,Norm,MESS-HALL,3,2026-09-14 08:32:00,2026-09-14 08:55:00,0.38
20260914-124933-design-0064#1,Norm,DORM-CORRIDOR,3,2026-09-14 08:49:00,2026-09-14 08:55:00,0.10
20260914-125505-dev-0044#1,Greg,MESS-HALL,5,2026-09-14 08:55:00,2026-09-14 09:31:00,0.60
20260914-125525-dev-0045#1,Greg,DORM-CORRIDOR,5,2026-09-14 08:55:00,2026-09-14 09:36:00,0.68
20260914-125707-dev-0046#1,Greg,KITCHEN,5,2026-09-14 08:57:00,2026-09-14 09:27:00,0.50
20260914-130145-design-0065#1,Norm,,1,2026-09-14 09:01:00,2026-09-14 09:03:00,0.03
20260914-130817-design-0066#1,Norm,KITCHEN,3,2026-09-14 09:08:00,2026-09-14 09:10:00,0.03
20260914-131054-dev-0048#1,Greg,KITCHEN,5,2026-09-14 09:10:00,2026-09-14 09:27:00,0.28
20260914-132704-design-0069#1,Norm,,1,2026-09-14 09:27:00,2026-09-14 12:26:00,2.98
20260914-133130-design-0070#1,Norm,MESS-HALL,3,2026-09-14 09:31:00,2026-09-14 09:49:00,0.30
20260914-133630-design-0071#1,Norm,DORM-CORRIDOR,3,2026-09-14 09:36:00,2026-09-14 09:49:00,0.22
20260914-134633-design-0072#1,Norm,STORAGE-WEST,3,2026-09-14 09:46:00,2026-09-14 12:00:00,2.23
20260914-134907-dev-0049#1,Greg,MESS-HALL,5,2026-09-14 09:49:00,2026-09-14 09:57:00,0.13
20260914-134908-dev-0050#1,Greg,DORM-CORRIDOR,5,2026-09-14 09:49:00,2026-09-14 10:04:00,0.25
20260914-135749-design-0073#1,Norm,MESS-HALL,3,2026-09-14 09:57:00,2026-09-14 10:00:00,0.05
20260914-140055-dev-0052#1,Greg,MESS-HALL,5,2026-09-14 10:00:00,2026-09-14 10:14:00,0.23
20260914-140402-design-0074#1,Norm,DORM-CORRIDOR,1,2026-09-14 10:04:00,2026-09-14 10:05:00,0.02
20260914-141414-design-0075#1,Norm,MESS-HALL,2,2026-09-14 10:14:00,2026-09-14 10:15:00,0.02
20260914-141510-dev-0054#1,Greg,MESS-HALL,3,2026-09-14 10:15:00,2026-09-14 10:23:00,0.13
20260914-142658-design-0077#1,Norm,PLAIN-HALL,1,2026-09-14 10:26:00,2026-09-14 11:53:00,1.45
20260914-142816-dev-0055#1,Greg,KITCHEN,3,2026-09-14 10:28:00,2026-09-14 10:38:00,0.17
20260914-143819-design-0078#1,Norm,KITCHEN,3,2026-09-14 10:38:00,2026-09-14 10:39:00,0.02
20260914-143950-dev-0057#1,Greg,KITCHEN,13,2026-09-14 10:39:00,2026-09-14 10:56:00,0.28
20260914-145658-design-0079#1,Norm,KITCHEN,3,2026-09-14 10:56:00,2026-09-14 11:06:00,0.17
20260914-150610-dev-0058#1,Greg,KITCHEN,5,2026-09-14 11:06:00,2026-09-14 11:31:00,0.42
20260914-150729-dev-0059#1,Greg,LAWANDA-PLATFORM,5,2026-09-14 11:07:00,2026-09-14 11:37:00,0.50
20260914-150729-dev-0060#1,Greg,SYSTEMS-CORRIDOR-WEST,5,2026-09-14 11:07:00,2026-09-14 11:49:00,0.70
20260914-150729-dev-0061#1,Greg,SYSTEMS-CORRIDOR,5,2026-09-14 11:07:00,2026-09-14 15:51:00,4.73
20260914-150730-dev-0062#1,Greg,SYSTEMS-CORRIDOR-EAST,5,2026-09-14 11:07:00,2026-09-14 16:02:00,4.92
20260914-150730-dev-0063#1,Greg,INFIRMARY,5,2026-09-14 11:07:00,2026-09-16 08:19:00,45.20
20260914-150807-design-0080#1,Norm,WEST-WING,3,2026-09-14 11:08:00,2026-09-14 11:14:00,0.10
20260914-151416-dev-0065#1,Greg,WEST-WING,5,2026-09-14 11:14:00,2026-09-16 08:59:00,45.75
20260914-153116-design-0081#1,Norm,KITCHEN,1,2026-09-14 11:31:00,2026-09-14 11:42:00,0.18
20260914-153727-design-0082#1,Norm,LAWANDA-PLATFORM,3,2026-09-14 11:37:00,2026-09-14 11:44:00,0.12
20260914-154414-dev-0068#1,Greg,LAWANDA-PLATFORM,8,2026-09-14 11:44:00,2026-09-14 13:50:00,2.10
20260914-154935-design-0083#1,Norm,SYSTEMS-CORRIDOR-WEST,3,2026-09-14 11:49:00,2026-09-14 11:55:00,0.10
20260914-155238-dev-0069#1,Greg,MESS-HALL,5,2026-09-14 11:52:00,2026-09-14 12:02:00,0.17
20260914-155324-dev-0070#1,Greg,REC-CORRIDOR,1,2026-09-14 11:53:00,2026-09-17 07:32:00,67.65
20260914-155324-dev-0071#1,Greg,REC-AREA,1,2026-09-14 11:53:00,2026-09-17 07:43:00,67.83
20260914-155324-dev-0072#1,Greg,CORRIDOR-JUNCTION,1,2026-09-14 11:53:00,2026-09-17 07:47:00,67.90
20260914-155324-dev-0073#1,Greg,PLAIN-HALL,1,2026-09-14 11:53:00,2026-09-17 07:50:00,67.95
20260914-155506-dev-0074#1,Greg,SYSTEMS-CORRIDOR-WEST,1,2026-09-14 11:55:00,2026-09-14 21:29:00,9.57
20260914-160052-dev-0075#1,Greg,STORAGE-WEST,5,2026-09-14 12:00:00,2026-09-14 13:13:00,1.22
20260914-160259-design-0084#1,Norm,MESS-HALL,3,2026-09-14 12:02:00,2026-09-14 12:12:00,0.17
20260914-160345-dev-0076#1,Greg,KITCHEN,3,2026-09-14 12:03:00,2026-09-14 13:03:00,1.00
20260914-161223-dev-0077#1,Greg,MESS-HALL,5,2026-09-14 12:12:00,2026-09-14 21:38:00,9.43
20260914-161223-dev-0077#2,Greg,MESS-HALL,5,2026-09-14 12:12:00,2026-09-14 22:28:00,10.27
20260914-162604-dev-0078#1,Greg,GANGWAY,5,2026-09-14 12:26:00,2026-09-15 11:53:00,23.45
20260914-162605-dev-0079#1,Greg,DECK-EIGHT,5,2026-09-14 12:26:00,2026-09-15 15:25:00,26.98
20260914-162605-dev-0080#1,Greg,REACTOR-LOBBY,5,2026-09-14 12:26:00,2026-09-16 08:04:00,43.63
20260914-162605-dev-0081#1,Greg,BRIG,5,2026-09-14 12:26:00,2026-09-14 13:59:00,1.55
20260914-162616-design-0085#1,Norm,KITCHEN,1,2026-09-14 12:26:00,2026-09-14 12:49:00,0.38
20260914-162616-design-0085#2,Norm,KITCHEN,1,2026-09-14 12:26:00,2026-09-14 12:49:00,0.38
20260914-170913-design-0087#1,Norm,MESS-HALL,5,2026-09-14 13:09:00,2026-09-14 13:24:00,0.25
20260914-171304-design-0088#1,Norm,STORAGE-WEST,3,2026-09-14 13:13:00,2026-09-14 13:30:00,0.28
20260914-175041-design-0092#1,Norm,LAWANDA-PLATFORM,3,2026-09-14 13:50:00,2026-09-14 14:03:00,0.22
20260914-175909-design-0097#1,Norm,BRIG,5,2026-09-14 13:59:00,2026-09-14 14:27:00,0.47
20260914-181430-design-0098#1,Norm,LAWANDA-PLATFORM,3,2026-09-14 14:14:00,2026-09-14 14:21:00,0.12
20260914-184114-design-0100#1,Norm,LAWANDA-PLATFORM,3,2026-09-14 14:41:00,2026-09-14 14:53:00,0.20
20260914-191400-design-0103#1,Norm,LAWANDA-PLATFORM,1,2026-09-14 15:14:00,2026-09-14 15:20:00,0.10
20260914-191400-design-0103#2,Norm,LAWANDA-PLATFORM,1,2026-09-14 15:14:00,2026-09-14 15:20:00,0.10
20260914-193104-design-0104#1,Norm,BRIG,1,2026-09-14 15:31:00,2026-09-14 15:33:00,0.03
20260914-195120-design-0107#1,Norm,SYSTEMS-CORRIDOR,5,2026-09-14 15:51:00,2026-09-14 15:54:00,0.05
20260914-200253-design-0108#1,Norm,SYSTEMS-CORRIDOR-EAST,1,2026-09-14 16:02:00,2026-09-14 16:04:00,0.03
20260914-204506-design-0109#1,Norm,SYSTEMS-CORRIDOR,1,2026-09-14 16:45:00,2026-09-14 16:52:00,0.12
20260914-204728-design-0110#1,Norm,SYSTEMS-CORRIDOR-EAST,1,2026-09-14 16:47:00,2026-09-14 16:49:00,0.03
20260914-204735-dev-0106#1,Greg,BRIG,5,2026-09-14 16:47:00,2026-09-14 17:02:00,0.25
20260914-210225-design-0111#1,Norm,BRIG,1,2026-09-14 17:02:00,2026-09-14 17:03:00,0.02
20260914-210323-dev-0109#1,Greg,BRIG,5,2026-09-14 17:03:00,2026-09-14 17:12:00,0.15
20260914-211224-design-0112#1,Norm,BRIG,1,2026-09-14 17:12:00,2026-09-14 17:13:00,0.02
20260914-211339-dev-0110#1,Greg,BRIG,5,2026-09-14 17:13:00,2026-09-14 18:35:00,1.37
20260914-214455-design-0113#1,Norm,BRIG,1,2026-09-14 17:44:00,2026-09-14 17:45:00,0.02
20260914-223503-design-0115#1,Norm,BRIG,1,2026-09-14 18:35:00,2026-09-14 18:36:00,0.02
20260914-223610-dev-0118#1,Greg,BRIG,5,2026-09-14 18:36:00,2026-09-14 19:07:00,0.52
20260914-230710-design-0117#1,Norm,BRIG,1,2026-09-14 19:07:00,2026-09-14 19:09:00,0.03
20260914-231817-design-0118#1,Norm,ESCAPE-POD,1,2026-09-14 19:18:00,2026-09-14 19:19:00,0.02
20260914-231929-dev-0121#1,Greg,ESCAPE-POD,5,2026-09-14 19:19:00,2026-09-14 19:26:00,0.12
20260914-232234-dev-0123#1,Greg,ESCAPE-POD,5,2026-09-14 19:22:00,2026-09-14 19:26:00,0.07
20260914-232641-design-0119#1,Norm,ESCAPE-POD,1,2026-09-14 19:26:00,2026-09-14 19:27:00,0.02
20260914-233521-design-0120#1,Norm,ESCAPE-POD,1,2026-09-14 19:35:00,2026-09-14 19:37:00,0.03
20260914-233521-design-0120#2,Norm,ESCAPE-POD,1,2026-09-14 19:35:00,2026-09-14 19:37:00,0.03
20260914-234721-design-0121#1,Norm,ESCAPE-POD,1,2026-09-14 19:47:00,2026-09-14 19:53:00,0.10
20260914-235754-design-0122#1,Norm,ESCAPE-POD,1,2026-09-14 19:57:00,2026-09-14 20:00:00,0.05
20260915-001055-design-0123#1,Norm,ESCAPE-POD,1,2026-09-14 20:10:00,2026-09-14 20:13:00,0.05
20260915-002255-design-0124#1,Norm,ESCAPE-POD,1,2026-09-14 20:22:00,2026-09-14 20:27:00,0.08
20260915-002747-dev-0129#1,Greg,ESCAPE-POD,5,2026-09-14 20:27:00,2026-09-14 20:33:00,0.10
20260915-003310-design-0125#1,Norm,ESCAPE-POD,1,2026-09-14 20:33:00,2026-09-14 20:45:00,0.20
20260915-004512-dev-0130#1,Greg,ESCAPE-POD,3,2026-09-14 20:45:00,2026-09-14 21:24:00,0.65
20260915-004634-design-0126#1,Norm,ESCAPE-POD,1,2026-09-14 20:46:00,2026-09-14 20:50:00,0.07
20260915-013833-design-0129#1,Norm,MESS-HALL,1,2026-09-14 21:38:00,2026-09-14 21:43:00,0.08
20260915-014302-dev-0133#1,Greg,MESS-HALL,8,2026-09-14 21:43:00,2026-09-14 21:58:00,0.25
20260915-015813-design-0131#1,Norm,MESS-HALL,1,2026-09-14 21:58:00,2026-09-14 22:01:00,0.05
20260915-021732-design-0132#1,Norm,MESS-CORRIDOR,1,2026-09-14 22:17:00,2026-09-14 22:20:00,0.05
20260915-022803-design-0133#1,Norm,STORAGE-WEST,1,2026-09-14 22:28:00,2026-09-14 22:29:00,0.02
20260915-024910-design-0134#1,Norm,KITCHEN,1,2026-09-14 22:49:00,2026-09-14 22:50:00,0.02
20260915-025025-dev-0139#1,Greg,KITCHEN,2,2026-09-14 22:50:00,2026-09-15 00:13:00,1.38
20260915-025355-dev-0140#1,Greg,CONFERENCE-ROOM,5,2026-09-14 22:53:00,2026-09-15 00:11:00,1.30
20260915-025355-dev-0141#1,Greg,BOOTH-1,5,2026-09-14 22:53:00,2026-09-15 01:43:00,2.83
20260915-025355-dev-0142#1,Greg,ADMIN-CORRIDOR-S,5,2026-09-14 22:53:00,2026-09-16 12:31:00,37.63
20260915-025355-dev-0143#1,Greg,ADMIN-CORRIDOR,5,2026-09-14 22:53:00,2026-09-16 12:43:00,37.83
20260915-025355-dev-0144#1,Greg,ADMIN-CORRIDOR-N,5,2026-09-14 22:53:00,2026-09-16 13:56:00,39.05
20260915-025355-dev-0145#1,Greg,SANFAC-E,5,2026-09-14 22:53:00,2026-09-16 14:13:00,39.33
20260915-025355-dev-0146#1,Greg,SYSTEMS-MONITORS,5,2026-09-14 22:53:00,2026-09-16 15:04:00,40.18
20260915-025355-dev-0147#1,Greg,PLAN-ROOM,5,2026-09-14 22:53:00,2026-09-16 16:58:00,42.08
20260915-025355-dev-0148#1,Greg,TRANSPORTATION-SUPPLY,5,2026-09-14 22:53:00,2026-09-16 17:18:00,42.42
20260915-025356-dev-0149#1,Greg,SMALL-OFFICE,5,2026-09-14 22:53:00,2026-09-16 17:36:00,42.72
20260915-025356-dev-0150#1,Greg,LARGE-OFFICE,5,2026-09-14 22:53:00,2026-09-16 17:49:00,42.93
20260915-030438-design-0135#1,Norm,STORAGE-WEST,1,2026-09-14 23:04:00,2026-09-14 23:07:00,0.05
20260915-033732-design-0136#1,Norm,KITCHEN,2,2026-09-14 23:37:00,2026-09-15 00:03:00,0.43
20260915-033812-design-0137#1,Norm,KITCHEN,2,2026-09-14 23:38:00,2026-09-15 00:03:00,0.42
20260915-035528-design-0138#1,Norm,STORAGE-WEST,1,2026-09-14 23:55:00,2026-09-15 00:03:00,0.13
20260915-040318-dev-0153#1,Greg,STORAGE-WEST,3,2026-09-15 00:03:00,2026-09-15 00:22:00,0.32
20260915-041155-design-0139#1,Norm,CONFERENCE-ROOM,1,2026-09-15 00:11:00,2026-09-15 00:19:00,0.13
20260915-041955-dev-0155#1,Greg,CONFERENCE-ROOM,8,2026-09-15 00:19:00,2026-09-15 01:07:00,0.80
20260915-042249-design-0141#1,Norm,STORAGE-WEST,1,2026-09-15 00:22:00,2026-09-15 00:25:00,0.05
20260915-042540-dev-0156#1,Greg,STORAGE-WEST,3,2026-09-15 00:25:00,2026-09-15 00:45:00,0.33
20260915-044536-design-0142#1,Norm,DECK-NINE,1,2026-09-15 00:45:00,2026-09-15 00:50:00,0.08
20260915-044631-design-0143#1,Norm,CONFERENCE-ROOM,1,2026-09-15 00:46:00,2026-09-15 00:54:00,0.13
20260915-044953-design-0144#1,Norm,CONFERENCE-ROOM,1,2026-09-15 00:49:00,2026-09-15 00:54:00,0.08
20260915-050743-design-0145#1,Norm,CONFERENCE-ROOM,1,2026-09-15 01:07:00,2026-09-15 01:11:00,0.07
20260915-051104-dev-0159#1,Greg,CONFERENCE-ROOM,3,2026-09-15 01:11:00,2026-09-15 01:17:00,0.10
20260915-051104-dev-0159#2,Greg,CONFERENCE-ROOM,8,2026-09-15 01:11:00,2026-09-15 01:26:00,0.25
20260915-051743-design-0146#1,Norm,CONFERENCE-ROOM,1,2026-09-15 01:17:00,2026-09-15 01:25:00,0.13
20260915-052658-design-0147#1,Norm,CONFERENCE-ROOM,1,2026-09-15 01:26:00,2026-09-15 01:29:00,0.05
20260915-053121-design-0148#1,Norm,BOOTH-1,1,2026-09-15 01:31:00,2026-09-15 01:45:00,0.23
20260915-054302-design-0149#1,Norm,BOOTH-1,1,2026-09-15 01:43:00,2026-09-15 01:45:00,0.03
20260915-055801-design-0150#1,Norm,BOOTH-1,1,2026-09-15 01:58:00,2026-09-15 02:09:00,0.18
20260915-061125-design-0151#1,Norm,BOOTH-1,1,2026-09-15 02:11:00,2026-09-15 02:14:00,0.05
20260915-061931-design-0152#1,Norm,BOOTH-1,1,2026-09-15 02:19:00,2026-09-15 02:23:00,0.07
20260915-101904-dev-0166#1,Greg,MECH-CORRIDOR-N,5,2026-09-15 06:19:00,2026-09-16 17:57:00,35.63
20260915-101904-dev-0167#1,Greg,MECH-CORRIDOR,5,2026-09-15 06:19:00,2026-09-16 18:04:00,35.75
20260915-101905-dev-0168#1,Greg,MECH-CORRIDOR-S,5,2026-09-15 06:19:00,2026-09-16 18:11:00,35.87
20260915-101905-dev-0169#1,Greg,STORAGE-EAST,5,2026-09-15 06:19:00,2026-09-16 18:19:00,36.00
20260915-101905-dev-0170#1,Greg,PHYSICAL-PLANT,5,2026-09-15 06:19:00,2026-09-16 18:27:00,36.13
20260915-101905-dev-0171#1,Greg,TOOL-ROOM,5,2026-09-15 06:19:00,2026-09-16 18:35:00,36.27
20260915-101905-dev-0172#1,Greg,MACHINE-SHOP,5,2026-09-15 06:19:00,2026-09-16 18:46:00,36.45
20260915-101905-dev-0173#1,Greg,ROBOT-SHOP,5,2026-09-15 06:19:00,2026-09-16 18:55:00,36.60
20260915-101905-dev-0174#1,Greg,REACTOR-CONTROL,5,2026-09-15 06:19:00,2026-09-16 19:07:00,36.80
20260915-101905-dev-0175#1,Greg,REACTOR-ACCESS-STAIRS,5,2026-09-15 06:19:00,2026-09-16 19:20:00,37.02
20260915-101905-dev-0176#1,Greg,REACTOR-ELEVATOR,5,2026-09-15 06:19:00,2026-09-16 19:33:00,37.23
20260915-143822-design-0153#1,Norm,ADMIN-CORRIDOR-S,1,2026-09-15 10:38:00,2026-09-15 14:52:00,4.23
20260915-144513-design-0154#1,Norm,GANGWAY,1,2026-09-15 10:45:00,2026-09-15 10:52:00,0.12
20260915-144604-dev-0180#1,Greg,UNDERWATER,1,2026-09-15 10:46:00,2026-09-15 10:47:00,0.02
20260915-150106-design-0156#1,Norm,ESCAPE-POD,2,2026-09-15 11:01:00,2026-09-15 14:50:00,3.82
20260915-150617-dev-0182#1,Greg,ESCAPE-POD,1,2026-09-15 11:06:00,2026-09-15 11:10:00,0.07
20260915-150617-dev-0182#2,Greg,ESCAPE-POD,1,2026-09-15 11:06:00,2026-09-15 11:10:00,0.07
20260915-150910-design-0157#1,Norm,ESCAPE-POD,2,2026-09-15 11:09:00,2026-09-15 14:50:00,3.68
20260915-155319-design-0160#1,Norm,GANGWAY,1,2026-09-15 11:53:00,2026-09-15 14:50:00,2.95
20260915-185010-dev-0185#1,Greg,GANGWAY,5,2026-09-15 14:50:00,2026-09-16 05:21:00,14.52
20260915-185048-dev-0186#1,Greg,ESCAPE-POD,2,2026-09-15 14:50:00,2026-09-16 08:06:00,17.27
20260915-185222-dev-0187#1,Greg,ADMIN-CORRIDOR-S,3,2026-09-15 14:52:00,2026-09-16 05:26:00,14.57
20260915-192557-design-0161#1,Norm,DECK-EIGHT,1,2026-09-15 15:25:00,2026-09-16 05:17:00,13.87
20260916-091726-dev-0188#1,Greg,UNDERWATER,3,2026-09-16 05:17:00,2026-09-16 05:38:00,0.35
20260916-091756-dev-0189#1,Greg,DECK-EIGHT,2,2026-09-16 05:17:00,2026-09-16 08:06:00,2.82
20260916-092144-design-0162#1,Norm,GANGWAY,1,2026-09-16 05:21:00,2026-09-16 05:24:00,0.05
20260916-092457-dev-0190#1,Greg,GANGWAY,3,2026-09-16 05:24:00,2026-09-16 05:47:00,0.38
20260916-092645-design-0163#1,Norm,ADMIN-CORRIDOR-S,1,2026-09-16 05:26:00,2026-09-16 05:28:00,0.03
20260916-092816-dev-0191#1,Greg,ADMIN-CORRIDOR-S,3,2026-09-16 05:28:00,2026-09-16 05:38:00,0.17
20260916-093615-design-0164#1,Norm,UNDERWATER,5,2026-09-16 05:36:00,2026-09-16 05:42:00,0.10
20260916-093840-design-0165#1,Norm,UNDERWATER,3,2026-09-16 05:38:00,2026-09-17 07:57:00,26.32
20260916-094233-dev-0192#1,Greg,UNDERWATER,5,2026-09-16 05:42:00,2026-09-16 06:12:00,0.50
20260916-094722-design-0166#1,Norm,GANGWAY,1,2026-09-16 05:47:00,2026-09-16 05:54:00,0.12
20260916-095436-design-0167#1,Norm,UNDERWATER,3,2026-09-16 05:54:00,2026-09-17 07:57:00,26.05
20260916-095802-dev-0194#1,Greg,UNDERWATER,5,2026-09-16 05:58:00,2026-09-16 06:12:00,0.23
20260916-101215-design-0168#1,Norm,UNDERWATER,2,2026-09-16 06:12:00,2026-09-17 07:57:00,25.75
20260916-101711-dev-0195#1,Greg,UNDERWATER,13,2026-09-16 06:17:00,2026-09-16 06:47:00,0.50
20260916-102149-design-0169#1,Norm,DECK-EIGHT,1,2026-09-16 06:21:00,2026-09-16 06:48:00,0.45
20260916-104714-design-0170#1,Norm,ESCAPE-POD,1,2026-09-16 06:47:00,2026-09-16 06:52:00,0.08
20260916-104823-dev-0196#1,Greg,DECK-EIGHT,5,2026-09-16 06:48:00,2026-09-16 07:00:00,0.20
20260916-105256-dev-0197#1,Greg,ESCAPE-POD,5,2026-09-16 06:52:00,2026-09-16 07:16:00,0.40
20260916-110046-design-0171#1,Norm,DECK-EIGHT,1,2026-09-16 07:00:00,2026-09-16 07:05:00,0.08
20260916-110517-dev-0199#1,Greg,DECK-EIGHT,5,2026-09-16 07:05:00,2026-09-16 07:35:00,0.50
20260916-111630-design-0172#1,Norm,REACTOR-LOBBY,1,2026-09-16 07:16:00,2026-09-16 07:57:00,0.68
20260916-112806-design-0173#1,Norm,ESCAPE-POD,1,2026-09-16 07:28:00,2026-09-16 07:41:00,0.22
20260916-113509-design-0174#1,Norm,REACTOR-LOBBY,1,2026-09-16 07:35:00,2026-09-16 07:57:00,0.37
20260916-114326-dev-0201#1,Greg,UNDERWATER,8,2026-09-16 07:43:00,2026-09-16 07:55:00,0.20
20260916-115557-design-0175#1,Norm,UNDERWATER,1,2026-09-16 07:55:00,2026-09-17 20:35:00,36.67
20260916-115701-dev-0202#1,Greg,REACTOR-LOBBY,5,2026-09-16 07:57:00,2026-09-16 08:04:00,0.12
20260916-120438-design-0176#1,Norm,REACTOR-LOBBY,1,2026-09-16 08:04:00,2026-09-16 08:23:00,0.32
20260916-121939-design-0178#1,Norm,INFIRMARY,1,2026-09-16 08:19:00,2026-09-16 09:26:00,1.12
20260916-124553-design-0179#1,Norm,INFIRMARY,1,2026-09-16 08:45:00,2026-09-16 09:26:00,0.68
20260916-124806-dev-0206#1,Greg,ESCAPE-POD,8,2026-09-16 08:48:00,2026-09-16 13:28:00,4.67
20260916-124806-dev-0206#2,Greg,ESCAPE-POD,8,2026-09-16 08:48:00,2026-09-16 13:19:00,4.52
20260916-125711-dev-0207#1,Greg,ESCAPE-POD,5,2026-09-16 08:57:00,2026-09-16 12:47:00,3.83
20260916-125936-design-0180#1,Norm,WEST-WING,1,2026-09-16 08:59:00,2026-09-16 09:31:00,0.53
20260916-131005-design-0181#1,Norm,WEST-WING,1,2026-09-16 09:10:00,2026-09-16 09:31:00,0.35
20260916-131015-dev-0208#1,Greg,ESCAPE-POD,5,2026-09-16 09:10:00,2026-09-16 09:40:00,0.50
20260916-132646-dev-0209#1,Greg,INFIRMARY,8,2026-09-16 09:26:00,2026-09-16 09:54:00,0.47
20260916-133115-dev-0210#1,Greg,WEST-WING,5,2026-09-16 09:31:00,2026-09-16 09:55:00,0.40
20260916-134053-design-0182#1,Norm,ESCAPE-POD,1,2026-09-16 09:40:00,2026-09-16 09:44:00,0.07
20260916-134441-dev-0211#1,Greg,ESCAPE-POD,5,2026-09-16 09:44:00,2026-09-16 10:19:00,0.58
20260916-135416-design-0183#1,Norm,INFIRMARY,1,2026-09-16 09:54:00,2026-09-16 10:00:00,0.10
20260916-135436-dev-0212#1,Greg,DECK-NINE,5,2026-09-16 09:54:00,2026-09-16 13:33:00,3.65
20260916-135529-design-0184#1,Norm,WEST-WING,1,2026-09-16 09:55:00,2026-09-16 10:00:00,0.08
20260916-141937-design-0185#1,Norm,ESCAPE-POD,1,2026-09-16 10:19:00,2026-09-16 10:22:00,0.05
20260916-142229-dev-0215#1,Greg,ESCAPE-POD,8,2026-09-16 10:22:00,2026-09-16 10:43:00,0.35
20260916-144349-design-0186#1,Norm,ESCAPE-POD,1,2026-09-16 10:43:00,2026-09-16 10:47:00,0.07
20260916-144752-dev-0216#1,Greg,ESCAPE-POD,3,2026-09-16 10:47:00,2026-09-16 11:35:00,0.80
20260916-145751-design-0187#1,Norm,ESCAPE-POD,1,2026-09-16 10:57:00,2026-09-16 11:16:00,0.32
20260916-151617-dev-0217#1,Greg,ESCAPE-POD,21,2026-09-16 11:16:00,2026-09-16 11:25:00,0.15
20260916-152531-design-0188#1,Norm,ESCAPE-POD,1,2026-09-16 11:25:00,2026-09-16 11:33:00,0.13
20260916-153310-dev-0218#1,Greg,ESCAPE-POD,1,2026-09-16 11:33:00,2026-09-16 11:41:00,0.13
20260916-153522-design-0189#1,Norm,ESCAPE-POD,1,2026-09-16 11:35:00,2026-09-16 11:37:00,0.03
20260916-153734-dev-0219#1,Greg,DECK-NINE,3,2026-09-16 11:37:00,2026-09-16 11:44:00,0.12
20260916-154235-dev-0220#1,Greg,ESCAPE-POD,21,2026-09-16 11:42:00,2026-09-16 12:15:00,0.55
20260916-154427-design-0191#1,Norm,DECK-NINE,1,2026-09-16 11:44:00,2026-09-16 11:46:00,0.03
20260916-154608-dev-0221#1,Greg,DECK-NINE,1,2026-09-16 11:46:00,2026-09-16 12:20:00,0.57
20260916-161517-design-0192#1,Norm,ESCAPE-POD,1,2026-09-16 12:15:00,2026-09-16 12:24:00,0.15
20260916-162456-dev-0222#1,Greg,ESCAPE-POD,1,2026-09-16 12:24:00,2026-09-16 12:32:00,0.13
20260916-163132-design-0194#1,Norm,ADMIN-CORRIDOR-S,3,2026-09-16 12:31:00,2026-09-17 07:57:00,19.43
20260916-163739-dev-0223#1,Greg,ESCAPE-POD,1,2026-09-16 12:37:00,2026-09-16 12:47:00,0.17
20260916-163925-dev-0224#1,Greg,ADMIN-CORRIDOR-S,5,2026-09-16 12:39:00,2026-09-16 13:47:00,1.13
20260916-163925-dev-0224#2,Greg,ADMIN-CORRIDOR-S,5,2026-09-16 12:39:00,2026-09-16 13:47:00,1.13
20260916-164336-design-0196#1,Norm,ADMIN-CORRIDOR,3,2026-09-16 12:43:00,2026-09-17 08:29:00,19.77
20260916-164853-dev-0225#1,Greg,ADMIN-CORRIDOR,3,2026-09-16 12:48:00,2026-09-16 13:39:00,0.85
20260916-164853-dev-0225#2,Greg,ADMIN-CORRIDOR,3,2026-09-16 12:48:00,2026-09-16 13:39:00,0.85
20260916-171936-design-0199#1,Norm,ESCAPE-POD,5,2026-09-16 13:19:00,2026-09-17 20:35:00,31.27
20260916-173912-design-0202#1,Norm,ADMIN-CORRIDOR,2,2026-09-16 13:39:00,2026-09-17 07:57:00,18.30
20260916-174718-design-0203#1,Norm,ADMIN-CORRIDOR-S,2,2026-09-16 13:47:00,2026-09-17 20:35:00,30.80
20260916-175646-design-0204#1,Norm,ADMIN-CORRIDOR-N,3,2026-09-16 13:56:00,2026-09-17 07:57:00,18.02
20260916-175711-dev-0227#1,Greg,ESCAPE-POD,1,2026-09-16 13:57:00,2026-09-16 14:02:00,0.08
20260916-180748-dev-0230#1,Greg,ADMIN-CORRIDOR-S,5,2026-09-16 14:07:00,2026-09-16 14:24:00,0.28
20260916-180748-dev-0230#2,Greg,ADMIN-CORRIDOR-S,5,2026-09-16 14:07:00,2026-09-16 14:24:00,0.28
20260916-181337-design-0206#1,Norm,SANFAC-E,2,2026-09-16 14:13:00,2026-09-17 08:29:00,18.27
20260916-182446-design-0207#1,Norm,ADMIN-CORRIDOR-S,1,2026-09-16 14:24:00,2026-09-17 20:35:00,30.18
20260916-182837-dev-0233#1,Greg,ADMIN-CORRIDOR-S,5,2026-09-16 14:28:00,2026-09-16 14:36:00,0.13
20260916-183632-design-0208#1,Norm,ADMIN-CORRIDOR-S,1,2026-09-16 14:36:00,2026-09-16 15:43:00,1.12
20260916-183957-dev-0234#1,Greg,,5,2026-09-16 14:39:00,2026-09-16 15:20:00,0.68
20260916-183957-dev-0234#2,Greg,,5,2026-09-16 14:39:00,2026-09-16 15:23:00,0.73
20260916-183957-dev-0234#3,Greg,,5,2026-09-16 14:39:00,2026-09-16 15:48:00,1.15
20260916-190405-design-0209#1,Norm,SYSTEMS-MONITORS,2,2026-09-16 15:04:00,2026-09-16 15:43:00,0.65
20260916-191500-dev-0236#1,Greg,SYSTEMS-MONITORS,3,2026-09-16 15:15:00,2026-09-16 15:26:00,0.18
20260916-191500-dev-0236#2,Greg,SYSTEMS-MONITORS,1,2026-09-16 15:15:00,2026-09-16 15:23:00,0.13
20260916-192040-design-0210#1,Norm,ADMIN-CORRIDOR,1,2026-09-16 15:20:00,2026-09-16 15:42:00,0.37
20260916-192315-design-0211#1,Norm,ADMIN-CORRIDOR-N,1,2026-09-16 15:23:00,2026-09-16 15:42:00,0.32
20260916-192626-design-0213#1,Norm,SYSTEMS-MONITORS,1,2026-09-16 15:26:00,2026-09-16 15:42:00,0.27
20260916-192739-dev-0238#1,Greg,,3,2026-09-16 15:27:00,2026-09-16 15:37:00,0.17
20260916-192739-dev-0238#2,Greg,,5,2026-09-16 15:27:00,2026-09-16 15:37:00,0.17
20260916-192926-dev-0239#1,Greg,SYSTEMS-MONITORS,1,2026-09-16 15:29:00,2026-09-16 15:29:00,0.00
20260916-193716-design-0215#1,Norm,ADMIN-CORRIDOR,1,2026-09-16 15:37:00,2026-09-16 15:42:00,0.08
20260916-193716-design-0216#1,Norm,ADMIN-CORRIDOR-N,1,2026-09-16 15:37:00,2026-09-16 15:42:00,0.08
20260916-194237-dev-0240#1,Greg,,5,2026-09-16 15:42:00,2026-09-16 15:53:00,0.18
20260916-194414-dev-0243#1,Greg,ADMIN-CORRIDOR,5,2026-09-16 15:44:00,2026-09-16 16:03:00,0.32
20260916-194414-dev-0243#2,Greg,ADMIN-CORRIDOR,5,2026-09-16 15:44:00,2026-09-16 16:03:00,0.32
20260916-194811-design-0217#1,Norm,SANFAC-E,2,2026-09-16 15:48:00,2026-09-17 20:35:00,28.78
20260916-195355-design-0218#1,Norm,ADMIN-CORRIDOR-N,2,2026-09-16 15:53:00,2026-09-17 20:35:00,28.70
20260916-200130-dev-0245#1,Greg,SANFAC-E,5,2026-09-16 16:01:00,2026-09-16 16:20:00,0.32
20260916-200130-dev-0246#1,Greg,ADMIN-CORRIDOR-N,5,2026-09-16 16:01:00,2026-09-16 16:31:00,0.50
20260916-200350-design-0219#1,Norm,ADMIN-CORRIDOR,1,2026-09-16 16:03:00,2026-09-17 20:35:00,28.53
20260916-202054-design-0220#1,Norm,SANFAC-E,1,2026-09-16 16:20:00,2026-09-17 20:35:00,28.25
20260916-203014-dev-0248#1,Greg,SANFAC-E,3,2026-09-16 16:30:00,2026-09-16 16:42:00,0.20
20260916-203111-design-0221#1,Norm,ADMIN-CORRIDOR-N,1,2026-09-16 16:31:00,2026-09-17 20:35:00,28.07
20260916-204211-design-0222#1,Norm,SANFAC-E,1,2026-09-16 16:42:00,2026-09-17 07:57:00,15.25
20260916-205819-design-0223#1,Norm,PLAN-ROOM,1,2026-09-16 16:58:00,2026-09-17 07:57:00,14.98
20260916-211857-design-0224#1,Norm,TRANSPORTATION-SUPPLY,1,2026-09-16 17:18:00,2026-09-17 20:35:00,27.28
20260916-213624-design-0225#1,Norm,SMALL-OFFICE,1,2026-09-16 17:36:00,2026-09-17 08:29:00,14.88
20260916-214954-design-0226#1,Norm,LARGE-OFFICE,1,2026-09-16 17:49:00,2026-09-17 08:29:00,14.67
20260916-215708-design-0227#1,Norm,MECH-CORRIDOR-N,1,2026-09-16 17:57:00,2026-09-17 08:29:00,14.53
20260916-220405-design-0228#1,Norm,MECH-CORRIDOR,1,2026-09-16 18:04:00,2026-09-17 08:29:00,14.42
20260916-221115-design-0229#1,Norm,MECH-CORRIDOR-S,1,2026-09-16 18:11:00,2026-09-17 08:29:00,14.30
20260916-221911-design-0230#1,Norm,STORAGE-EAST,1,2026-09-16 18:19:00,2026-09-17 08:29:00,14.17
20260916-222713-design-0231#1,Norm,PHYSICAL-PLANT,1,2026-09-16 18:27:00,2026-09-17 08:29:00,14.03
20260916-223511-design-0232#1,Norm,TOOL-ROOM,1,2026-09-16 18:35:00,2026-09-17 08:29:00,13.90
20260916-224614-design-0233#1,Norm,MACHINE-SHOP,1,2026-09-16 18:46:00,2026-09-17 08:29:00,13.72
20260916-225540-design-0234#1,Norm,ROBOT-SHOP,1,2026-09-16 18:55:00,2026-09-17 08:29:00,13.57
20260916-230750-design-0235#1,Norm,REACTOR-CONTROL,1,2026-09-16 19:07:00,2026-09-17 08:29:00,13.37
20260916-232038-design-0236#1,Norm,REACTOR-ACCESS-STAIRS,1,2026-09-16 19:20:00,2026-09-17 08:29:00,13.15
20260916-233132-dev-0252#1,Greg,ESCAPE-POD-WEB,3,2026-09-16 19:31:00,2026-09-16 19:41:00,0.17
20260916-233132-dev-0252#2,Greg,ESCAPE-POD-WEB,8,2026-09-16 19:31:00,2026-09-16 20:41:00,1.17
20260916-233301-design-0237#1,Norm,REACTOR-ELEVATOR,1,2026-09-16 19:33:00,2026-09-17 08:29:00,12.93
20260916-234109-design-0238#1,Norm,ESCAPE-POD-WEB,5,2026-09-16 19:41:00,2026-09-17 07:57:00,12.27
20260917-000608-dev-0253#1,Greg,ESCAPE-POD-WEB,5,2026-09-16 20:06:00,2026-09-16 20:12:00,0.10
20260917-001228-design-0239#1,Norm,ESCAPE-POD-WEB,5,2026-09-16 20:12:00,2026-09-17 15:54:00,19.70
20260917-002232-design-0240#1,Norm,ESCAPE-POD-WEB,3,2026-09-16 20:22:00,2026-09-17 07:57:00,11.58
20260917-002703-dev-0257#1,Greg,ESCAPE-POD-WEB,8,2026-09-16 20:27:00,2026-09-16 20:31:00,0.07
20260917-002753-design-0241#1,Norm,ESCAPE-POD-WEB,3,2026-09-16 20:27:00,2026-09-17 07:57:00,11.50
20260917-003150-design-0242#1,Norm,ESCAPE-POD-WEB,1,2026-09-16 20:31:00,2026-09-16 20:39:00,0.13
20260917-003713-design-0243#1,Norm,ESCAPE-POD-WEB,1,2026-09-16 20:37:00,2026-09-16 20:44:00,0.12
20260917-003944-dev-0258#1,Greg,ESCAPE-POD-WEB,21,2026-09-16 20:39:00,2026-09-16 20:45:00,0.10
20260917-003944-dev-0258#2,Greg,ESCAPE-POD-WEB,21,2026-09-16 20:39:00,2026-09-16 20:45:00,0.10
20260917-003944-dev-0258#3,Greg,ESCAPE-POD-WEB,21,2026-09-16 20:39:00,2026-09-16 20:45:00,0.10
20260917-004131-design-0244#1,Norm,ESCAPE-POD-WEB,1,2026-09-16 20:41:00,2026-09-16 20:44:00,0.05
20260917-004417-dev-0259#1,Greg,ESCAPE-POD-WEB,8,2026-09-16 20:44:00,2026-09-16 20:49:00,0.08
20260917-004556-design-0245#1,Norm,ESCAPE-POD-WEB,1,2026-09-16 20:45:00,2026-09-16 20:48:00,0.05
20260917-004839-dev-0260#1,Greg,ESCAPE-POD-WEB,3,2026-09-16 20:48:00,2026-09-16 20:59:00,0.18
20260917-004927-design-0246#1,Norm,ESCAPE-POD-WEB,1,2026-09-16 20:49:00,2026-09-16 20:51:00,0.03
20260917-005123-dev-0261#1,Greg,ESCAPE-POD-WEB,3,2026-09-16 20:51:00,2026-09-16 20:59:00,0.13
20260917-005348-dev-0262#1,Greg,ESCAPE-POD,8,2026-09-16 20:53:00,2026-09-16 21:09:00,0.27
20260917-005804-dev-0263#1,Greg,DECK-NINE,5,2026-09-16 20:58:00,2026-09-16 21:42:00,0.73
20260917-005907-design-0247#1,Norm,ESCAPE-POD-WEB,1,2026-09-16 20:59:00,2026-09-16 21:01:00,0.03
20260917-010939-design-0248#1,Norm,ESCAPE-POD,8,2026-09-16 21:09:00,2026-09-16 21:16:00,0.12
20260917-011657-dev-0265#1,Greg,ESCAPE-POD,8,2026-09-16 21:16:00,2026-09-16 21:21:00,0.08
20260917-012129-design-0249#1,Norm,ESCAPE-POD,1,2026-09-16 21:21:00,2026-09-16 21:23:00,0.03
20260917-012321-dev-0266#1,Greg,ESCAPE-POD,13,2026-09-16 21:23:00,2026-09-16 21:32:00,0.15
20260917-013251-design-0250#1,Norm,ESCAPE-POD,1,2026-09-16 21:32:00,2026-09-16 21:35:00,0.05
20260917-013543-dev-0267#1,Greg,ESCAPE-POD,5,2026-09-16 21:35:00,2026-09-16 21:42:00,0.12
20260917-013543-dev-0267#2,Greg,ESCAPE-POD,8,2026-09-16 21:35:00,2026-09-16 22:02:00,0.45
20260917-014240-design-0251#1,Norm,DECK-NINE,1,2026-09-16 21:42:00,2026-09-16 21:59:00,0.28
20260917-014906-design-0252#1,Norm,ESCAPE-POD,1,2026-09-16 21:49:00,2026-09-16 21:59:00,0.17
20260917-015512-design-0253#1,Norm,ESCAPE-POD,1,2026-09-16 21:55:00,2026-09-16 21:59:00,0.07
20260917-015910-dev-0268#1,Greg,ESCAPE-POD,13,2026-09-16 21:59:00,2026-09-16 22:09:00,0.17
20260917-020219-design-0254#1,Norm,ESCAPE-POD,1,2026-09-16 22:02:00,2026-09-16 22:06:00,0.07
20260917-020640-dev-0269#1,Greg,ESCAPE-POD,3,2026-09-16 22:06:00,2026-09-16 22:16:00,0.17
20260917-020938-design-0255#1,Norm,ESCAPE-POD,1,2026-09-16 22:09:00,2026-09-16 22:12:00,0.05
20260917-021248-dev-0270#1,Greg,ESCAPE-POD,3,2026-09-16 22:12:00,2026-09-16 22:16:00,0.07
20260917-021619-design-0256#1,Norm,ESCAPE-POD,1,2026-09-16 22:16:00,2026-09-16 22:18:00,0.03
20260917-021847-dev-0271#1,Greg,ESCAPE-POD,3,2026-09-16 22:18:00,2026-09-16 22:22:00,0.07
20260917-022231-design-0257#1,Norm,ESCAPE-POD,1,2026-09-16 22:22:00,2026-09-16 22:24:00,0.03
20260917-115850-design-0262#1,Norm,REC-CORRIDOR,1,2026-09-17 07:58:00,2026-09-17 09:13:00,1.25
20260917-120407-design-0263#1,Norm,REC-AREA,1,2026-09-17 08:04:00,2026-09-17 09:13:00,1.15
20260917-121908-design-0264#1,Norm,CORRIDOR-JUNCTION,1,2026-09-17 08:19:00,2026-09-17 09:13:00,0.90
20260917-122921-dev-0275#1,Greg,,1,2026-09-17 08:29:00,2026-09-17 15:58:00,7.48
20260917-123527-design-0265#1,Norm,PLAIN-HALL,1,2026-09-17 08:35:00,2026-09-17 09:13:00,0.63
20260917-194930-dev-0278#1,Greg,UPPER-ELEVATOR,5,2026-09-17 15:49:00,2026-09-17 16:03:00,0.23
20260917-194930-dev-0279#1,Greg,LOWER-ELEVATOR,5,2026-09-17 15:49:00,2026-09-17 16:05:00,0.27
20260917-194930-dev-0280#1,Greg,ALFIE-CONTROL-EAST,5,2026-09-17 15:49:00,2026-09-17 16:10:00,0.35
20260917-194930-dev-0281#1,Greg,ALFIE-CONTROL-WEST,5,2026-09-17 15:49:00,2026-09-17 16:18:00,0.48
20260917-194930-dev-0282#1,Greg,COMM-ROOM,5,2026-09-17 15:49:00,2026-09-17 16:26:00,0.62
20260917-194930-dev-0283#1,Greg,WAITING-AREA,5,2026-09-17 15:49:00,2026-09-17 16:34:00,0.75
20260917-194931-dev-0284#1,Greg,TOWER-CORE,5,2026-09-17 15:49:00,2026-09-17 16:43:00,0.90
20260917-194931-dev-0285#1,Greg,SHUTTLE-CAR-ALFIE,5,2026-09-17 15:49:00,2026-09-17 16:52:00,1.05
20260917-194931-dev-0286#1,Greg,FORK,5,2026-09-17 15:49:00,2026-09-17 17:01:00,1.20
20260917-194931-dev-0287#1,Greg,ESCALATOR,5,2026-09-17 15:49:00,2026-09-17 17:12:00,1.38
20260917-194931-dev-0288#1,Greg,KALAMONTEE-PLATFORM,5,2026-09-17 15:49:00,2026-09-17 17:28:00,1.65
20260917-194931-dev-0289#1,Greg,HELICOPTER,5,2026-09-17 15:49:00,2026-09-17 17:46:00,1.95
20260917-194931-dev-0290#1,Greg,OBSERVATION-DECK,5,2026-09-17 15:49:00,2026-09-17 18:00:00,2.18
20260917-194931-dev-0291#1,Greg,HELIPAD,5,2026-09-17 15:49:00,2026-09-17 18:13:00,2.40
20260917-200310-design-0267#1,Norm,UPPER-ELEVATOR,1,2026-09-17 16:03:00,2026-09-17 19:39:00,3.60
20260917-200540-design-0268#1,Norm,LOWER-ELEVATOR,1,2026-09-17 16:05:00,2026-09-17 19:39:00,3.57
20260917-201049-design-0269#1,Norm,ALFIE-CONTROL-EAST,1,2026-09-17 16:10:00,2026-09-17 19:39:00,3.48
20260917-201829-design-0270#1,Norm,ALFIE-CONTROL-WEST,1,2026-09-17 16:18:00,2026-09-17 19:39:00,3.35
20260917-202646-design-0271#1,Norm,COMM-ROOM,1,2026-09-17 16:26:00,2026-09-17 19:39:00,3.22
20260917-203413-design-0272#1,Norm,WAITING-AREA,1,2026-09-17 16:34:00,2026-09-17 19:39:00,3.08
20260917-204357-design-0273#1,Norm,TOWER-CORE,1,2026-09-17 16:43:00,2026-09-17 19:39:00,2.93
20260917-205216-design-0274#1,Norm,SHUTTLE-CAR-ALFIE,1,2026-09-17 16:52:00,2026-09-17 19:39:00,2.78
20260917-210153-design-0275#1,Norm,FORK,1,2026-09-17 17:01:00,2026-09-17 19:39:00,2.63
20260917-211253-design-0276#1,Norm,ESCALATOR,1,2026-09-17 17:12:00,2026-09-17 19:39:00,2.45
20260917-212810-design-0277#1,Norm,KALAMONTEE-PLATFORM,1,2026-09-17 17:28:00,2026-09-17 19:39:00,2.18
20260917-214632-design-0278#1,Norm,HELICOPTER,1,2026-09-17 17:46:00,2026-09-17 19:39:00,1.88
20260917-220002-dev-0294#1,Greg,PLANETARY-DEFENSE,5,2026-09-17 18:00:00,2026-09-17 18:24:00,0.40
20260917-220002-dev-0295#1,Greg,REPAIR-ROOM,5,2026-09-17 18:00:00,2026-09-17 18:35:00,0.58
20260917-220003-dev-0296#1,Greg,PLANETARY-COURSE-CONTROL,5,2026-09-17 18:00:00,2026-09-17 18:44:00,0.73
20260917-220003-dev-0297#1,Greg,LIBRARY-LOBBY,5,2026-09-17 18:00:00,2026-09-17 18:57:00,0.95
20260917-220003-dev-0298#1,Greg,PHYSICAL-PLANT-TWO,5,2026-09-17 18:00:00,2026-09-17 19:09:00,1.15
20260917-220027-design-0279#1,Norm,OBSERVATION-DECK,1,2026-09-17 18:00:00,2026-09-17 19:39:00,1.65
20260917-221331-design-0280#1,Norm,HELIPAD,1,2026-09-17 18:13:00,2026-09-17 19:39:00,1.43
20260917-222426-design-0281#1,Norm,PLANETARY-DEFENSE,1,2026-09-17 18:24:00,2026-09-17 19:39:00,1.25
20260917-223553-design-0282#1,Norm,REPAIR-ROOM,1,2026-09-17 18:35:00,2026-09-17 19:39:00,1.07
20260917-224451-design-0283#1,Norm,PLANETARY-COURSE-CONTROL,1,2026-09-17 18:44:00,2026-09-17 19:39:00,0.92
20260917-225740-design-0284#1,Norm,LIBRARY-LOBBY,1,2026-09-17 18:57:00,2026-09-17 19:39:00,0.70
20260917-230938-design-0285#1,Norm,PHYSICAL-PLANT-TWO,1,2026-09-17 19:09:00,2026-09-17 19:39:00,0.50
20260917-233331-dev-0299#1,Greg,,1,2026-09-17 19:33:00,2026-09-18 14:36:00,19.05
20260917-233835-dev-0300#1,Greg,UPPER-ELEVATOR,3,2026-09-17 19:38:00,2026-09-17 21:36:00,1.97
20260917-233835-dev-0301#1,Greg,LOWER-ELEVATOR,5,2026-09-17 19:38:00,2026-09-18 11:51:00,16.22
20260917-233835-dev-0302#1,Greg,ALFIE-CONTROL-EAST,5,2026-09-17 19:38:00,2026-09-18 07:27:00,11.82
20260917-233835-dev-0303#1,Greg,ALFIE-CONTROL-WEST,3,2026-09-17 19:38:00,2026-09-18 07:46:00,12.13
20260917-233835-dev-0304#1,Greg,COMM-ROOM,3,2026-09-17 19:38:00,2026-09-18 14:36:00,18.97
20260917-233835-dev-0305#1,Greg,WAITING-AREA,3,2026-09-17 19:38:00,2026-09-18 12:11:00,16.55
20260917-233836-dev-0306#1,Greg,TOWER-CORE,5,2026-09-17 19:38:00,2026-09-18 07:16:00,11.63
20260917-233836-dev-0307#1,Greg,SHUTTLE-CAR-ALFIE,3,2026-09-17 19:38:00,2026-09-18 07:53:00,12.25
20260917-233836-dev-0308#1,Greg,FORK,3,2026-09-17 19:38:00,2026-09-18 12:51:00,17.22
20260917-233836-dev-0309#1,Greg,ESCALATOR,3,2026-09-17 19:38:00,2026-09-18 12:34:00,16.93
20260917-233836-dev-0310#1,Greg,KALAMONTEE-PLATFORM,3,2026-09-17 19:38:00,2026-09-18 12:22:00,16.73
20260917-233836-dev-0311#1,Greg,HELICOPTER,3,2026-09-17 19:38:00,2026-09-18 12:02:00,16.40
20260917-233836-dev-0312#1,Greg,OBSERVATION-DECK,3,2026-09-17 19:38:00,2026-09-18 14:36:00,18.97
20260917-233836-dev-0313#1,Greg,HELIPAD,3,2026-09-17 19:38:00,2026-09-18 11:54:00,16.27
20260917-234214-design-0286#1,Norm,PROJECT-CORRIDOR-WEST,1,2026-09-17 19:42:00,2026-09-17 19:46:00,0.07
20260917-234347-design-0287#1,Norm,PROJECT-CORRIDOR,1,2026-09-17 19:43:00,2026-09-17 19:46:00,0.05
20260917-234538-design-0288#1,Norm,PROJECT-CORRIDOR-EAST,1,2026-09-17 19:45:00,2026-09-17 20:45:00,1.00
20260917-234816-design-0289#1,Norm,PROJCON-OFFICE,1,2026-09-17 19:48:00,2026-09-17 20:45:00,0.95
20260917-235019-design-0290#1,Norm,COMPUTER-ROOM,1,2026-09-17 19:50:00,2026-09-17 20:45:00,0.92
20260917-235137-design-0291#1,Norm,MINI-BOOTH,1,2026-09-17 19:51:00,2026-09-17 20:45:00,0.90
20260917-235823-design-0292#1,Norm,LIBRARY,1,2026-09-17 19:58:00,2026-09-17 20:45:00,0.78
20260918-000220-design-0293#1,Norm,SANFAC-F,1,2026-09-17 20:02:00,2026-09-17 20:45:00,0.72
20260918-000709-design-0294#1,Norm,BOOTH-3,1,2026-09-17 20:07:00,2026-09-17 20:45:00,0.63
20260918-001128-design-0295#1,Norm,AUXILIARY-BOOTH,1,2026-09-17 20:11:00,2026-09-17 20:45:00,0.57
20260918-001527-design-0296#1,Norm,CRYO-ELEVATOR,1,2026-09-17 20:15:00,2026-09-17 20:45:00,0.50
20260918-002000-design-0297#1,Norm,CRYO-ANTEROOM,1,2026-09-17 20:20:00,2026-09-17 20:45:00,0.42
20260918-002409-design-0298#1,Norm,MAIN-LAB,1,2026-09-17 20:24:00,2026-09-17 20:45:00,0.35
20260918-002810-design-0299#1,Norm,LAB-STORAGE,1,2026-09-17 20:28:00,2026-09-17 20:45:00,0.28
20260918-003331-design-0300#1,Norm,LAB-OFFICE,1,2026-09-17 20:33:00,2026-09-17 20:45:00,0.20
20260918-003812-dev-0337#1,Greg,PLANETARY-DEFENSE,3,2026-09-17 20:38:00,2026-09-17 20:47:00,0.15
20260918-003812-dev-0338#1,Greg,REPAIR-ROOM,3,2026-09-17 20:38:00,2026-09-18 22:59:00,26.35
20260918-003813-dev-0339#1,Greg,PLANETARY-COURSE-CONTROL,3,2026-09-17 20:38:00,2026-09-18 23:05:00,26.45
20260918-003813-dev-0340#1,Greg,LIBRARY-LOBBY,3,2026-09-17 20:38:00,2026-09-18 23:12:00,26.57
20260918-004551-dev-0342#1,Greg,PROJECT-CORRIDOR-EAST,1,2026-09-17 20:45:00,2026-09-18 06:28:00,9.72
20260918-004551-dev-0343#1,Greg,PROJCON-OFFICE,1,2026-09-17 20:45:00,2026-09-18 06:28:00,9.72
20260918-004551-dev-0344#1,Greg,COMPUTER-ROOM,3,2026-09-17 20:45:00,2026-09-18 06:14:00,9.48
20260918-004551-dev-0345#1,Greg,MINI-BOOTH,3,2026-09-17 20:45:00,2026-09-18 06:28:00,9.72
20260918-004551-dev-0346#1,Greg,CRYO-ELEVATOR,1,2026-09-17 20:45:00,2026-09-18 02:54:00,6.15
20260918-004551-dev-0347#1,Greg,CRYO-ANTEROOM,1,2026-09-17 20:45:00,2026-09-18 02:54:00,6.15
20260918-004551-dev-0348#1,Greg,MAIN-LAB,2,2026-09-17 20:45:00,2026-09-18 02:54:00,6.15
20260918-004551-dev-0349#1,Greg,LAB-STORAGE,1,2026-09-17 20:45:00,2026-09-18 02:54:00,6.15
20260918-004551-dev-0350#1,Greg,LAB-OFFICE,1,2026-09-17 20:45:00,2026-09-18 02:54:00,6.15
20260918-004551-dev-0351#1,Greg,LIBRARY,1,2026-09-17 20:45:00,2026-09-18 14:36:00,17.85
20260918-004552-dev-0353#1,Greg,BOOTH-3,3,2026-09-17 20:45:00,2026-09-18 06:28:00,9.72
20260918-004552-dev-0354#1,Greg,AUXILIARY-BOOTH,1,2026-09-17 20:45:00,2026-09-18 02:54:00,6.15
20260918-004609-dev-0355#1,Greg,,1,2026-09-17 20:46:00,2026-09-17 20:51:00,0.08
20260918-004702-design-0302#1,Norm,PLANETARY-DEFENSE,1,2026-09-17 20:47:00,2026-09-17 20:57:00,0.17
20260918-004823-dev-0356#1,Greg,SYSTEMS-MONITORS,3,2026-09-17 20:48:00,2026-09-17 21:04:00,0.27
20260918-005905-dev-0360#1,Greg,PLANETARY-DEFENSE,3,2026-09-17 20:59:00,2026-09-17 21:14:00,0.25
20260918-010245-dev-0361#1,Greg,TRANSPORTATION-SUPPLY,3,2026-09-17 21:02:00,2026-09-17 21:24:00,0.37
20260918-010401-design-0306#1,Norm,SYSTEMS-MONITORS,1,2026-09-17 21:04:00,2026-09-17 21:08:00,0.07
20260918-010929-dev-0364#1,Greg,MECH-CORRIDOR-N,3,2026-09-17 21:09:00,2026-09-18 23:20:00,26.18
20260918-010929-dev-0365#1,Greg,REC-CORRIDOR,3,2026-09-17 21:09:00,2026-09-18 23:27:00,26.30
20260918-010929-dev-0366#1,Greg,REC-AREA,3,2026-09-17 21:09:00,2026-09-18 23:34:00,26.42
20260918-010929-dev-0367#1,Greg,CORRIDOR-JUNCTION,3,2026-09-17 21:09:00,2026-09-18 23:40:00,26.52
20260918-010929-dev-0368#1,Greg,PLAIN-HALL,5,2026-09-17 21:09:00,2026-09-18 23:47:00,26.63
20260918-010929-dev-0369#1,Greg,SYSTEMS-CORRIDOR-EAST,5,2026-09-17 21:09:00,2026-09-18 23:52:00,26.72
20260918-010929-dev-0370#1,Greg,PLAN-ROOM,3,2026-09-17 21:09:00,2026-09-18 23:58:00,26.82
20260918-010930-dev-0371#1,Greg,SMALL-OFFICE,3,2026-09-17 21:09:00,2026-09-19 00:04:00,26.92
20260918-010930-dev-0372#1,Greg,LARGE-OFFICE,3,2026-09-17 21:09:00,2026-09-19 00:13:00,27.07
20260918-010930-dev-0373#1,Greg,MECH-CORRIDOR,3,2026-09-17 21:09:00,2026-09-19 00:23:00,27.23
20260918-010930-dev-0374#1,Greg,MECH-CORRIDOR-S,3,2026-09-17 21:09:00,2026-09-19 00:33:00,27.40
20260918-010930-dev-0375#1,Greg,STORAGE-EAST,3,2026-09-17 21:09:00,2026-09-19 00:42:00,27.55
20260918-010930-dev-0376#1,Greg,PHYSICAL-PLANT,3,2026-09-17 21:09:00,2026-09-19 01:49:00,28.67
20260918-010930-dev-0377#1,Greg,TOOL-ROOM,3,2026-09-17 21:09:00,2026-09-19 02:49:00,29.67
20260918-010930-dev-0378#1,Greg,MACHINE-SHOP,3,2026-09-17 21:09:00,2026-09-19 03:07:00,29.97
20260918-010930-dev-0379#1,Greg,ROBOT-SHOP,3,2026-09-17 21:09:00,2026-09-19 03:17:00,30.13
20260918-010930-dev-0380#1,Greg,REACTOR-CONTROL,5,2026-09-17 21:09:00,2026-09-19 03:22:00,30.22
20260918-010931-dev-0381#1,Greg,REACTOR-ACCESS-STAIRS,3,2026-09-17 21:09:00,2026-09-19 03:28:00,30.32
20260918-010931-dev-0382#1,Greg,REACTOR-ELEVATOR,3,2026-09-17 21:09:00,2026-09-19 03:31:00,30.37
20260918-011235-dev-0384#1,Greg,SANFAC-E,3,2026-09-17 21:12:00,2026-09-18 22:35:00,25.38
20260918-011235-dev-0385#1,Greg,SYSTEMS-MONITORS,3,2026-09-17 21:12:00,2026-09-18 22:41:00,25.48
20260918-011235-dev-0386#1,Greg,SYSTEMS-CORRIDOR,3,2026-09-17 21:12:00,2026-09-18 22:45:00,25.55
20260918-011235-dev-0387#1,Greg,SYSTEMS-CORRIDOR-WEST,3,2026-09-17 21:12:00,2026-09-18 22:50:00,25.63
20260918-011407-design-0309#1,Norm,PLANETARY-DEFENSE,1,2026-09-17 21:14:00,2026-09-17 21:44:00,0.50
20260918-012411-design-0311#1,Norm,TRANSPORTATION-SUPPLY,1,2026-09-17 21:24:00,2026-09-17 21:44:00,0.33
20260918-012753-dev-0390#1,Greg,CONFERENCE-ROOM,3,2026-09-17 21:27:00,2026-09-19 03:38:00,30.18
20260918-013239-dev-0391#1,Greg,INFIRMARY,3,2026-09-17 21:32:00,2026-09-17 21:48:00,0.27
20260918-013239-dev-0391#2,Greg,INFIRMARY,3,2026-09-17 21:32:00,2026-09-17 23:14:00,1.70
20260918-013620-design-0313#1,Norm,UPPER-ELEVATOR,1,2026-09-17 21:36:00,2026-09-17 21:44:00,0.13
20260918-014522-dev-0396#1,Greg,PROJECT-CORRIDOR,5,2026-09-17 21:45:00,2026-09-18 00:35:00,2.83
20260918-014522-dev-0397#1,Greg,PROJECT-CORRIDOR-WEST,5,2026-09-17 21:45:00,2026-09-18 00:56:00,3.18
20260918-014522-dev-0398#1,Greg,SANFAC-F,5,2026-09-17 21:45:00,2026-09-18 00:46:00,3.02
20260918-014834-design-0315#1,Norm,INFIRMARY,1,2026-09-17 21:48:00,2026-09-17 22:05:00,0.28
20260918-015511-dev-0399#1,Greg,PLANETARY-DEFENSE,3,2026-09-17 21:55:00,2026-09-19 03:41:00,29.77
20260918-015540-dev-0400#1,Greg,TRANSPORTATION-SUPPLY,3,2026-09-17 21:55:00,2026-09-18 22:55:00,25.00
20260918-015540-dev-0401#1,Greg,UPPER-ELEVATOR,2,2026-09-17 21:55:00,2026-09-19 04:36:00,30.68
20260918-015954-dev-0402#1,Greg,STATION-384,5,2026-09-17 21:59:00,2026-09-18 00:56:00,2.95
20260918-015954-dev-0403#1,Greg,STRIP-NEAR-STATION,5,2026-09-17 21:59:00,2026-09-18 02:17:00,4.30
20260918-015954-dev-0404#1,Greg,MIDDLE-OF-STRIP,5,2026-09-17 21:59:00,2026-09-18 02:18:00,4.32
20260918-015954-dev-0405#1,Greg,STRIP-NEAR-RELAY,5,2026-09-17 21:59:00,2026-09-18 05:14:00,7.25
20260918-020538-dev-0406#1,Greg,INFIRMARY,3,2026-09-17 22:05:00,2026-09-17 23:18:00,1.22
20260918-021831-dev-0407#1,Greg,SHUTTLE-CAR-BETTY,5,2026-09-17 22:18:00,2026-09-18 05:25:00,7.12
20260918-021831-dev-0408#1,Greg,BETTY-CONTROL-EAST,5,2026-09-17 22:18:00,2026-09-18 05:25:00,7.12
20260918-021831-dev-0409#1,Greg,BETTY-CONTROL-WEST,5,2026-09-17 22:18:00,2026-09-18 05:25:00,7.12
20260918-022929-dev-0411#1,Greg,ELEVATOR-LOBBY,5,2026-09-17 22:29:00,2026-09-18 05:25:00,6.93
20260918-022929-dev-0412#1,Greg,BOOTH-2,5,2026-09-17 22:29:00,2026-09-18 05:25:00,6.93
20260918-024524-dev-0413#1,Greg,,3,2026-09-17 22:45:00,2026-09-17 22:50:00,0.08
20260918-025137-dev-0414#1,Greg,PHYSICAL-PLANT-TWO,5,2026-09-17 22:51:00,2026-09-17 23:36:00,0.75
20260918-025137-dev-0415#1,Greg,BOOTH-3,5,2026-09-17 22:51:00,2026-09-17 23:36:00,0.75
20260918-032141-dev-0416#1,Greg,PROJECT-CORRIDOR-EAST,5,2026-09-17 23:21:00,2026-09-17 23:50:00,0.48
20260918-032142-dev-0417#1,Greg,COMPUTER-ROOM,5,2026-09-17 23:21:00,2026-09-17 23:59:00,0.63
20260918-032142-dev-0418#1,Greg,PROJCON-OFFICE,5,2026-09-17 23:21:00,2026-09-17 23:52:00,0.52
20260918-032142-dev-0419#1,Greg,MINI-BOOTH,5,2026-09-17 23:21:00,2026-09-18 00:34:00,1.22
20260918-032142-dev-0420#1,Greg,,3,2026-09-17 23:21:00,2026-09-17 23:27:00,0.10
20260918-034124-dev-0421#1,Greg,,3,2026-09-17 23:41:00,2026-09-18 00:14:00,0.55
20260918-035418-dev-0422#1,Greg,BOOTH-3,3,2026-09-17 23:54:00,2026-09-18 00:14:00,0.33
20260918-035543-dev-0424#1,Greg,PHYSICAL-PLANT-TWO,5,2026-09-17 23:55:00,2026-09-18 00:17:00,0.37
20260918-041128-dev-0425#1,Greg,COMPUTER-ROOM,5,2026-09-18 00:11:00,2026-09-18 00:28:00,0.28
20260918-041946-dev-0426#1,Greg,BOOTH-3,5,2026-09-18 00:19:00,2026-09-18 00:33:00,0.23
20260918-044130-dev-0428#1,Greg,MINI-BOOTH,5,2026-09-18 00:41:00,2026-09-18 00:56:00,0.25
20260918-044130-dev-0429#1,Greg,PROJECT-CORRIDOR,5,2026-09-18 00:41:00,2026-09-18 01:05:00,0.40
20260918-044130-dev-0430#1,Greg,COMPUTER-ROOM,5,2026-09-18 00:41:00,2026-09-18 01:33:00,0.87
20260918-044130-dev-0431#1,Greg,BOOTH-3,5,2026-09-18 00:41:00,2026-09-18 01:18:00,0.62
20260918-045055-dev-0432#1,Greg,SANFAC-F,5,2026-09-18 00:50:00,2026-09-18 01:19:00,0.48
20260918-050119-dev-0433#1,Greg,MINI-BOOTH,5,2026-09-18 01:01:00,2026-09-18 01:33:00,0.53
20260918-050119-dev-0434#1,Greg,STATION-384,5,2026-09-18 01:01:00,2026-09-18 01:33:00,0.53
20260918-050119-dev-0435#1,Greg,PROJECT-CORRIDOR-WEST,5,2026-09-18 01:01:00,2026-09-18 01:33:00,0.53
20260918-050959-dev-0436#1,Greg,PROJECT-CORRIDOR,5,2026-09-18 01:09:00,2026-09-18 02:17:00,1.13
20260918-052300-dev-0437#1,Greg,SANFAC-F,5,2026-09-18 01:23:00,2026-09-18 01:55:00,0.53
20260918-052520-dev-0438#1,Greg,BOOTH-3,5,2026-09-18 01:25:00,2026-09-18 01:55:00,0.50
20260918-052520-dev-0438#2,Greg,BOOTH-3,5,2026-09-18 01:25:00,2026-09-18 01:55:00,0.50
20260918-060140-dev-0439#1,Greg,MINI-BOOTH,5,2026-09-18 02:01:00,2026-09-18 02:40:00,0.65
20260918-060140-dev-0440#1,Greg,STATION-384,5,2026-09-18 02:01:00,2026-09-18 02:40:00,0.65
20260918-060140-dev-0441#1,Greg,PROJECT-CORRIDOR-WEST,5,2026-09-18 02:01:00,2026-09-18 02:51:00,0.83
20260918-060140-dev-0442#1,Greg,SANFAC-F,5,2026-09-18 02:01:00,2026-09-18 03:05:00,1.07
20260918-060600-dev-0443#1,Greg,COMPUTER-ROOM,5,2026-09-18 02:06:00,2026-09-18 03:39:00,1.55
20260918-060600-dev-0443#2,Greg,COMPUTER-ROOM,5,2026-09-18 02:06:00,2026-09-18 03:39:00,1.55
20260918-060600-dev-0444#1,Greg,PROJECT-CORRIDOR,3,2026-09-18 02:06:00,2026-09-18 04:33:00,2.45
20260918-062202-dev-0446#1,Greg,STRIP-NEAR-STATION,5,2026-09-18 02:22:00,2026-09-18 03:04:00,0.70
20260918-062202-dev-0446#2,Greg,STRIP-NEAR-STATION,5,2026-09-18 02:22:00,2026-09-18 03:04:00,0.70
20260918-065657-dev-0449#1,Greg,STATION-384,3,2026-09-18 02:56:00,2026-09-18 03:25:00,0.48
20260918-065657-dev-0449#2,Greg,STATION-384,5,2026-09-18 02:56:00,2026-09-18 03:25:00,0.48
20260918-070824-dev-0451#1,Greg,MIDDLE-OF-STRIP,5,2026-09-18 03:08:00,2026-09-18 03:46:00,0.63
20260918-070824-dev-0451#2,Greg,MIDDLE-OF-STRIP,5,2026-09-18 03:08:00,2026-09-18 03:39:00,0.52
20260918-070824-dev-0451#3,Greg,MIDDLE-OF-STRIP,5,2026-09-18 03:08:00,2026-09-18 03:39:00,0.52
20260918-072258-dev-0453#1,Greg,MAIN-LAB,5,2026-09-18 03:22:00,2026-09-18 04:33:00,1.18
20260918-072258-dev-0453#2,Greg,MAIN-LAB,5,2026-09-18 03:22:00,2026-09-18 03:46:00,0.40
20260918-072258-dev-0453#3,Greg,MAIN-LAB,5,2026-09-18 03:22:00,2026-09-18 04:05:00,0.72
20260918-100301-dev-0456#1,Greg,STATION-384,5,2026-09-18 06:03:00,2026-09-18 06:44:00,0.68
20260918-100820-dev-0457#1,Greg,STRIP-NEAR-STATION,5,2026-09-18 06:08:00,2026-09-18 06:49:00,0.68
20260918-102340-dev-0460#1,Greg,PROJECT-CORRIDOR,5,2026-09-18 06:23:00,2026-09-18 07:00:00,0.62
20260918-102340-dev-0460#2,Greg,PROJECT-CORRIDOR,3,2026-09-18 06:23:00,2026-09-19 04:35:00,22.20
20260918-104415-design-0431#1,Norm,STATION-384,1,2026-09-18 06:44:00,2026-09-18 07:21:00,0.62
20260918-104942-design-0432#1,Norm,STRIP-NEAR-STATION,1,2026-09-18 06:49:00,2026-09-18 07:21:00,0.53
20260918-105329-dev-0462#1,Greg,,1,2026-09-18 06:53:00,2026-09-18 14:36:00,7.72
20260918-105329-dev-0462#2,Greg,,3,2026-09-18 06:53:00,2026-09-19 04:27:00,21.57
20260918-110043-design-0434#1,Norm,PROJECT-CORRIDOR,1,2026-09-18 07:00:00,2026-09-18 07:21:00,0.35
20260918-110306-dev-0463#1,Greg,PROJECT-CORRIDOR,3,2026-09-18 07:03:00,2026-09-19 04:35:00,21.53
20260918-110754-dev-0464#1,Greg,LIBRARY,3,2026-09-18 07:07:00,2026-09-19 03:49:00,20.70
20260918-110858-dev-0465#1,Greg,,5,2026-09-18 07:08:00,2026-09-18 22:27:00,15.32
20260918-110858-dev-0465#2,Greg,,5,2026-09-18 07:08:00,2026-09-18 22:31:00,15.38
20260918-111639-dev-0468#1,Greg,LIBRARY-LOBBY,5,2026-09-18 07:16:00,2026-09-19 03:52:00,20.60
20260918-111639-dev-0468#2,Greg,LIBRARY-LOBBY,5,2026-09-18 07:16:00,2026-09-19 03:57:00,20.68
20260918-111659-design-0438#1,Norm,TOWER-CORE,1,2026-09-18 07:16:00,2026-09-18 07:21:00,0.08
20260918-111721-dev-0469#1,Greg,STATION-384,5,2026-09-18 07:17:00,2026-09-19 04:02:00,20.75
20260918-112108-dev-0470#1,Greg,TOWER-CORE,3,2026-09-18 07:21:00,2026-09-18 07:34:00,0.22
20260918-112750-design-0441#1,Norm,ALFIE-CONTROL-EAST,1,2026-09-18 07:27:00,2026-09-18 07:59:00,0.53
20260918-113120-design-0442#1,Norm,TOWER-CORE,1,2026-09-18 07:31:00,2026-09-18 07:59:00,0.47
20260918-113454-design-0443#1,Norm,TOWER-CORE,1,2026-09-18 07:34:00,2026-09-18 07:59:00,0.42
20260918-114249-design-0444#1,Norm,ALFIE-CONTROL-WEST,1,2026-09-18 07:42:00,2026-09-18 07:59:00,0.28
20260918-114605-design-0445#1,Norm,ALFIE-CONTROL-WEST,1,2026-09-18 07:46:00,2026-09-18 07:59:00,0.22
20260918-115019-design-0446#1,Norm,SHUTTLE-CAR-ALFIE,1,2026-09-18 07:50:00,2026-09-18 07:59:00,0.15
20260918-115335-design-0447#1,Norm,SHUTTLE-CAR-ALFIE,1,2026-09-18 07:53:00,2026-09-18 07:59:00,0.10
20260918-120345-dev-0474#1,Greg,,3,2026-09-18 08:03:00,2026-09-18 09:07:00,1.07
20260918-120345-dev-0474#2,Greg,,3,2026-09-18 08:03:00,2026-09-18 08:19:00,0.27
20260918-120515-dev-0475#1,Greg,TOWER-CORE,3,2026-09-18 08:05:00,2026-09-18 09:34:00,1.48
20260918-120836-design-0449#1,Norm,LOWER-ELEVATOR,2,2026-09-18 08:08:00,2026-09-18 08:13:00,0.08
20260918-121301-dev-0476#1,Greg,LOWER-ELEVATOR,3,2026-09-18 08:13:00,2026-09-18 09:56:00,1.72
20260918-121945-design-0452#1,Norm,SHUTTLE-CAR-ALFIE,1,2026-09-18 08:19:00,2026-09-18 08:22:00,0.05
20260918-122752-design-0453#1,Norm,ALFIE-CONTROL-EAST,1,2026-09-18 08:27:00,2026-09-18 08:30:00,0.05
20260918-123320-design-0454#1,Norm,ALFIE-CONTROL-EAST,1,2026-09-18 08:33:00,2026-09-18 08:53:00,0.33
20260918-124249-design-0455#1,Norm,ALFIE-CONTROL-WEST,1,2026-09-18 08:42:00,2026-09-18 09:01:00,0.32
20260918-125124-design-0456#1,Norm,ALFIE-CONTROL-WEST,1,2026-09-18 08:51:00,2026-09-18 09:01:00,0.17
20260918-125921-design-0457#1,Norm,SHUTTLE-CAR-ALFIE,1,2026-09-18 08:59:00,2026-09-18 09:03:00,0.07
20260918-130016-dev-0482#1,Greg,,1,2026-09-18 09:00:00,2026-09-18 14:36:00,5.60
20260918-130758-design-0458#1,Norm,SHUTTLE-CAR-ALFIE,1,2026-09-18 09:07:00,2026-09-18 09:18:00,0.18
20260918-132648-design-0459#1,Norm,TOWER-CORE,1,2026-09-18 09:26:00,2026-09-18 09:29:00,0.05
20260918-133448-design-0460#1,Norm,TOWER-CORE,1,2026-09-18 09:34:00,2026-09-18 09:37:00,0.05
20260918-133455-dev-0488#1,Greg,,3,2026-09-18 09:34:00,2026-09-18 11:42:00,2.13
20260918-133455-dev-0488#2,Greg,,1,2026-09-18 09:34:00,2026-09-18 14:36:00,5.03
20260918-134702-dev-0490#1,Greg,,1,2026-09-18 09:47:00,2026-09-18 14:36:00,4.82
20260918-134702-dev-0490#2,Greg,,3,2026-09-18 09:47:00,2026-09-18 10:14:00,0.45
20260918-134702-dev-0490#3,Greg,,3,2026-09-18 09:47:00,2026-09-18 10:22:00,0.58
20260918-134702-dev-0490#4,Greg,,3,2026-09-18 09:47:00,2026-09-18 10:33:00,0.77
20260918-134702-dev-0490#5,Greg,,3,2026-09-18 09:47:00,2026-09-18 10:51:00,1.07
20260918-135652-design-0463#1,Norm,LOWER-ELEVATOR,1,2026-09-18 09:56:00,2026-09-18 10:03:00,0.12
20260918-141429-design-0464#1,Norm,UPPER-ELEVATOR,1,2026-09-18 10:14:00,2026-09-18 10:18:00,0.07
20260918-142149-dev-0494#1,Greg,SHUTTLE-CAR-BETTY,3,2026-09-18 10:21:00,2026-09-18 11:45:00,1.40
20260918-142251-design-0466#1,Norm,COMM-ROOM,1,2026-09-18 10:22:00,2026-09-18 10:24:00,0.03
20260918-143312-design-0467#1,Norm,COMM-ROOM,1,2026-09-18 10:33:00,2026-09-18 13:11:00,2.63
20260918-144345-design-0468#1,Norm,OBSERVATION-DECK,1,2026-09-18 10:43:00,2026-09-18 13:11:00,2.47
20260918-145117-design-0469#1,Norm,OBSERVATION-DECK,1,2026-09-18 10:51:00,2026-09-18 13:11:00,2.33
20260918-150416-design-0470#1,Norm,ALFIE-CONTROL-EAST,2,2026-09-18 11:04:00,2026-09-18 13:11:00,2.12
20260918-150948-design-0471#1,Norm,ALFIE-CONTROL-EAST,1,2026-09-18 11:09:00,2026-09-18 13:11:00,2.03
20260918-151553-design-0472#1,Norm,ALFIE-CONTROL-EAST,1,2026-09-18 11:15:00,2026-09-18 13:11:00,1.93
20260918-152616-design-0473#1,Norm,SHUTTLE-CAR-ALFIE,1,2026-09-18 11:26:00,2026-09-18 13:11:00,1.75
20260918-153415-design-0474#1,Norm,ALFIE-CONTROL-EAST,1,2026-09-18 11:34:00,2026-09-18 13:11:00,1.62
20260918-154215-design-0475#1,Norm,ALFIE-CONTROL-WEST,1,2026-09-18 11:42:00,2026-09-18 13:11:00,1.48
20260918-154522-design-0476#1,Norm,SHUTTLE-CAR-BETTY,1,2026-09-18 11:45:00,2026-09-18 13:11:00,1.43
20260918-155109-design-0477#1,Norm,LOWER-ELEVATOR,1,2026-09-18 11:51:00,2026-09-18 13:11:00,1.33
20260918-155109-design-0478#1,Norm,HELIPAD,1,2026-09-18 11:51:00,2026-09-18 13:11:00,1.33
20260918-155419-design-0479#1,Norm,HELIPAD,1,2026-09-18 11:54:00,2026-09-18 13:11:00,1.28
20260918-160004-design-0480#1,Norm,HELICOPTER,1,2026-09-18 12:00:00,2026-09-18 13:11:00,1.18
20260918-160250-design-0481#1,Norm,HELICOPTER,1,2026-09-18 12:02:00,2026-09-18 13:11:00,1.15
20260918-160836-design-0482#1,Norm,WAITING-AREA,1,2026-09-18 12:08:00,2026-09-18 13:11:00,1.05
20260918-161114-design-0483#1,Norm,WAITING-AREA,1,2026-09-18 12:11:00,2026-09-18 13:11:00,1.00
20260918-161714-design-0484#1,Norm,KALAMONTEE-PLATFORM,1,2026-09-18 12:17:00,2026-09-18 13:11:00,0.90
20260918-162251-design-0485#1,Norm,KALAMONTEE-PLATFORM,1,2026-09-18 12:22:00,2026-09-18 13:11:00,0.82
20260918-163112-design-0486#1,Norm,ESCALATOR,1,2026-09-18 12:31:00,2026-09-18 13:11:00,0.67
20260918-163420-design-0487#1,Norm,ESCALATOR,1,2026-09-18 12:34:00,2026-09-18 13:11:00,0.62
20260918-164251-dev-0496#1,Greg,,3,2026-09-18 12:42:00,2026-09-18 12:59:00,0.28
20260918-164251-dev-0496#2,Greg,,3,2026-09-18 12:42:00,2026-09-18 13:16:00,0.57
20260918-164251-dev-0496#3,Greg,,3,2026-09-18 12:42:00,2026-09-18 13:24:00,0.70
20260918-164251-dev-0496#4,Greg,,3,2026-09-18 12:42:00,2026-09-18 13:35:00,0.88
20260918-164542-design-0488#1,Norm,FORK,1,2026-09-18 12:45:00,2026-09-18 13:11:00,0.43
20260918-165124-design-0490#1,Norm,FORK,1,2026-09-18 12:51:00,2026-09-18 13:11:00,0.33
20260918-165920-design-0491#1,Norm,SANFAC-F,1,2026-09-18 12:59:00,2026-09-18 13:16:00,0.28
20260918-170857-dev-0497#1,Greg,HELIPAD,3,2026-09-18 13:08:00,2026-09-18 13:42:00,0.57
20260918-170915-dev-0498#1,Greg,KALAMONTEE-PLATFORM,3,2026-09-18 13:09:00,2026-09-18 13:50:00,0.68
20260918-170915-dev-0499#1,Greg,LOWER-ELEVATOR,3,2026-09-18 13:09:00,2026-09-18 14:03:00,0.90
20260918-170915-dev-0500#1,Greg,HELICOPTER,5,2026-09-18 13:09:00,2026-09-18 14:05:00,0.93
20260918-170916-dev-0501#1,Greg,ESCALATOR,3,2026-09-18 13:09:00,2026-09-18 14:13:00,1.07
20260918-170916-dev-0502#1,Greg,FORK,3,2026-09-18 13:09:00,2026-09-18 14:29:00,1.33
20260918-170916-dev-0503#1,Greg,COMM-ROOM,3,2026-09-18 13:09:00,2026-09-18 13:57:00,0.80
20260918-170959-design-0492#1,Norm,PROJECT-CORRIDOR-WEST,1,2026-09-18 13:09:00,2026-09-18 13:16:00,0.12
20260918-171605-design-0493#1,Norm,PROJECT-CORRIDOR-WEST,1,2026-09-18 13:16:00,2026-09-18 13:17:00,0.02
20260918-172421-design-0494#1,Norm,STRIP-NEAR-STATION,1,2026-09-18 13:24:00,2026-09-18 13:27:00,0.05
20260918-172924-dev-0521#1,Greg,OBSERVATION-DECK,3,2026-09-18 13:29:00,2026-09-18 13:38:00,0.15
20260918-173528-design-0495#1,Norm,COURTYARD,1,2026-09-18 13:35:00,2026-09-18 13:37:00,0.03
20260918-173822-design-0496#1,Norm,OBSERVATION-DECK,3,2026-09-18 13:38:00,2026-09-18 13:39:00,0.02
20260918-173958-dev-0526#1,Greg,OBSERVATION-DECK,5,2026-09-18 13:39:00,2026-09-18 13:48:00,0.15
20260918-174131-design-0497#1,Norm,HELIPAD,5,2026-09-18 13:41:00,2026-09-18 13:52:00,0.18
20260918-174219-design-0498#1,Norm,HELIPAD,5,2026-09-18 13:42:00,2026-09-18 13:52:00,0.17
20260918-174804-design-0499#1,Norm,OBSERVATION-DECK,5,2026-09-18 13:48:00,2026-09-18 13:52:00,0.07
20260918-175055-design-0500#1,Norm,KALAMONTEE-PLATFORM,3,2026-09-18 13:50:00,2026-09-18 13:54:00,0.07
20260918-175218-dev-0527#1,Greg,,5,2026-09-18 13:52:00,2026-09-18 14:36:00,0.73
20260918-175218-dev-0527#2,Greg,,3,2026-09-18 13:52:00,2026-09-18 14:49:00,0.95
20260918-175403-design-0501#1,Norm,COMM-ROOM,1,2026-09-18 13:54:00,2026-09-18 13:56:00,0.03
20260918-175406-dev-0528#1,Greg,KALAMONTEE-PLATFORM,3,2026-09-18 13:54:00,2026-09-18 14:58:00,1.07
20260918-175708-design-0502#1,Norm,COMM-ROOM,3,2026-09-18 13:57:00,2026-09-18 14:00:00,0.05
20260918-175953-design-0503#1,Norm,LOWER-ELEVATOR,1,2026-09-18 13:59:00,2026-09-18 14:02:00,0.05
20260918-180019-dev-0530#1,Greg,COMM-ROOM,3,2026-09-18 14:00:00,2026-09-18 15:08:00,1.13
20260918-180301-design-0504#1,Norm,LOWER-ELEVATOR,1,2026-09-18 14:03:00,2026-09-18 14:12:00,0.15
20260918-180553-design-0505#1,Norm,HELICOPTER,1,2026-09-18 14:05:00,2026-09-18 14:13:00,0.13
20260918-180853-design-0506#1,Norm,ESCALATOR,2,2026-09-18 14:08:00,2026-09-18 14:13:00,0.08
20260918-181314-dev-0533#1,Greg,ESCALATOR,3,2026-09-18 14:13:00,2026-09-18 14:21:00,0.13
20260918-181324-design-0507#1,Norm,ESCALATOR,2,2026-09-18 14:13:00,2026-09-18 14:14:00,0.02
20260918-181410-dev-0535#1,Greg,ESCALATOR,3,2026-09-18 14:14:00,2026-09-18 14:24:00,0.17
20260918-182152-design-0508#1,Norm,ESCALATOR,1,2026-09-18 14:21:00,2026-09-18 14:24:00,0.05
20260918-182456-design-0509#1,Norm,ESCALATOR,1,2026-09-18 14:24:00,2026-09-18 14:26:00,0.03
20260918-182457-design-0510#1,Norm,FORK,1,2026-09-18 14:24:00,2026-09-18 14:26:00,0.03
20260918-182954-design-0511#1,Norm,FORK,1,2026-09-18 14:29:00,2026-09-18 14:32:00,0.05
20260918-183435-dev-0540#1,Greg,UPPER-ELEVATOR,3,2026-09-18 14:34:00,2026-09-18 15:19:00,0.75
20260918-183626-design-0512#1,Norm,HELIPAD,2,2026-09-18 14:36:00,2026-09-18 14:38:00,0.03
20260918-183835-dev-0541#1,Greg,HELIPAD,3,2026-09-18 14:38:00,2026-09-18 14:45:00,0.12
20260918-184258-design-0514#1,Norm,OBSERVATION-DECK,1,2026-09-18 14:42:00,2026-09-18 14:44:00,0.03
20260918-184550-design-0515#1,Norm,HELIPAD,1,2026-09-18 14:45:00,2026-09-18 14:48:00,0.05
20260918-184629-dev-0543#1,Greg,WAITING-AREA,3,2026-09-18 14:46:00,2026-09-18 15:31:00,0.75
20260918-184905-design-0516#1,Norm,OBSERVATION-DECK,1,2026-09-18 14:49:00,2026-09-18 14:52:00,0.05
20260918-185459-design-0517#1,Norm,KALAMONTEE-PLATFORM,1,2026-09-18 14:54:00,2026-09-18 14:57:00,0.05
20260918-185802-design-0518#1,Norm,KALAMONTEE-PLATFORM,1,2026-09-18 14:58:00,2026-09-18 15:01:00,0.05
20260918-190331-design-0519#1,Norm,COMM-ROOM,1,2026-09-18 15:03:00,2026-09-18 15:08:00,0.08
20260918-190801-design-0520#1,Norm,COMM-ROOM,1,2026-09-18 15:08:00,2026-09-18 15:13:00,0.08
20260918-191328-design-0521#1,Norm,UPPER-ELEVATOR,1,2026-09-18 15:13:00,2026-09-18 15:15:00,0.03
20260918-191900-design-0522#1,Norm,UPPER-ELEVATOR,1,2026-09-18 15:19:00,2026-09-18 15:41:00,0.37
20260918-192504-design-0523#1,Norm,WAITING-AREA,1,2026-09-18 15:25:00,2026-09-18 15:41:00,0.27
20260918-193123-design-0524#1,Norm,WAITING-AREA,1,2026-09-18 15:31:00,2026-09-18 15:41:00,0.17
20260918-194404-design-0525#1,Norm,BIO-LAB,1,2026-09-18 15:44:00,2026-09-18 15:48:00,0.07
20260918-194956-design-0526#1,Norm,BIO-LAB,1,2026-09-18 15:49:00,2026-09-18 15:53:00,0.07
20260918-195811-design-0527#1,Norm,BIO-LAB,3,2026-09-18 15:58:00,2026-09-18 16:06:00,0.13
20260918-200628-dev-0555#1,Greg,BIO-LAB,3,2026-09-18 16:06:00,2026-09-18 16:29:00,0.38
20260918-200759-design-0528#1,Norm,BIO-LOCK-EAST,1,2026-09-18 16:07:00,2026-09-18 16:10:00,0.05
20260918-201358-design-0529#1,Norm,BIO-LOCK-EAST,2,2026-09-18 16:13:00,2026-09-18 16:31:00,0.30
20260918-201934-design-0530#1,Norm,BIO-LAB,1,2026-09-18 16:19:00,2026-09-18 17:25:00,1.10
20260918-202956-design-0531#1,Norm,BIO-LAB,1,2026-09-18 16:29:00,2026-09-18 17:25:00,0.93
20260918-203116-dev-0557#1,Greg,BIO-LOCK-EAST,3,2026-09-18 16:31:00,2026-09-18 16:52:00,0.35
20260918-203422-dev-0558#1,Greg,,1,2026-09-18 16:34:00,2026-09-19 04:36:00,12.03
20260918-204837-design-0532#1,Norm,BIO-LOCK-WEST,1,2026-09-18 16:48:00,2026-09-18 18:22:00,1.57
20260918-205218-design-0533#1,Norm,BIO-LOCK-EAST,1,2026-09-18 16:52:00,2026-09-18 18:22:00,1.50
20260918-205521-design-0534#1,Norm,CRYO-ANTEROOM,3,2026-09-18 16:55:00,2026-09-18 18:22:00,1.45
20260918-205821-design-0535#1,Norm,CRYO-ANTEROOM,3,2026-09-18 16:58:00,2026-09-18 18:22:00,1.40
20260918-210117-design-0536#1,Norm,CRYO-ELEVATOR,2,2026-09-18 17:01:00,2026-09-18 18:22:00,1.35
20260918-210521-design-0537#1,Norm,CRYO-ELEVATOR,2,2026-09-18 17:05:00,2026-09-18 18:22:00,1.28
20260918-211050-design-0538#1,Norm,LAB-OFFICE,3,2026-09-18 17:10:00,2026-09-18 18:10:00,1.00
20260918-211546-design-0539#1,Norm,MAIN-LAB,5,2026-09-18 17:15:00,2026-09-18 18:10:00,0.92
20260918-211700-dev-0560#1,Greg,UNDERWATER,3,2026-09-18 17:17:00,2026-09-19 04:08:00,10.85
20260918-211700-dev-0560#2,Greg,UNDERWATER,3,2026-09-18 17:17:00,2026-09-19 04:14:00,10.95
20260918-211700-dev-0560#3,Greg,UNDERWATER,3,2026-09-18 17:17:00,2026-09-19 04:21:00,11.07
20260918-211832-design-0540#1,Norm,MAIN-LAB,5,2026-09-18 17:18:00,2026-09-18 18:10:00,0.87
20260918-212118-design-0541#1,Norm,MAIN-LAB,5,2026-09-18 17:21:00,2026-09-18 18:10:00,0.82
20260918-212547-design-0542#1,Norm,MAIN-LAB,3,2026-09-18 17:25:00,2026-09-18 18:10:00,0.75
20260918-213047-design-0543#1,Norm,RADIATION-LAB,3,2026-09-18 17:30:00,2026-09-18 18:07:00,0.62
20260918-213619-design-0544#1,Norm,RADIATION-LAB,3,2026-09-18 17:36:00,2026-09-18 18:07:00,0.52
20260918-214119-design-0545#1,Norm,RADIATION-LOCK-EAST,3,2026-09-18 17:41:00,2026-09-18 18:07:00,0.43
20260918-214522-design-0546#1,Norm,RADIATION-LOCK-EAST,3,2026-09-18 17:45:00,2026-09-18 18:07:00,0.37
20260918-215018-design-0547#1,Norm,RADIATION-LOCK-WEST,3,2026-09-18 17:50:00,2026-09-18 18:07:00,0.28
20260918-215252-design-0548#1,Norm,RADIATION-LOCK-WEST,3,2026-09-18 17:52:00,2026-09-18 18:07:00,0.25
20260918-215820-design-0549#1,Norm,BETTY-CONTROL-EAST,1,2026-09-18 17:58:00,2026-09-18 18:10:00,0.20
20260918-220419-design-0550#1,Norm,BETTY-CONTROL-EAST,1,2026-09-18 18:04:00,2026-09-18 19:08:00,1.07
20260918-220731-dev-0562#1,Greg,RADIATION-LAB,3,2026-09-18 18:07:00,2026-09-18 18:15:00,0.13
20260918-220731-dev-0562#2,Greg,RADIATION-LAB,3,2026-09-18 18:07:00,2026-09-18 18:20:00,0.22
20260918-220731-dev-0563#1,Greg,RADIATION-LOCK-EAST,3,2026-09-18 18:07:00,2026-09-18 18:23:00,0.27
20260918-220731-dev-0563#2,Greg,RADIATION-LOCK-EAST,3,2026-09-18 18:07:00,2026-09-18 18:28:00,0.35
20260918-220731-dev-0564#1,Greg,RADIATION-LOCK-WEST,3,2026-09-18 18:07:00,2026-09-18 18:33:00,0.43
20260918-220731-dev-0564#2,Greg,RADIATION-LOCK-WEST,3,2026-09-18 18:07:00,2026-09-18 18:38:00,0.52
20260918-221018-dev-0565#1,Greg,MAIN-LAB,3,2026-09-18 18:10:00,2026-09-18 18:48:00,0.63
20260918-221018-dev-0565#2,Greg,MAIN-LAB,5,2026-09-18 18:10:00,2026-09-18 18:56:00,0.77
20260918-221018-dev-0565#3,Greg,MAIN-LAB,5,2026-09-18 18:10:00,2026-09-18 18:56:00,0.77
20260918-221031-dev-0566#1,Greg,LAB-OFFICE,3,2026-09-18 18:10:00,2026-09-18 18:58:00,0.80
20260918-221031-dev-0566#2,Greg,LAB-OFFICE,3,2026-09-18 18:10:00,2026-09-18 19:01:00,0.85
20260918-221253-design-0551#1,Norm,BETTY-CONTROL-WEST,1,2026-09-18 18:12:00,2026-09-18 19:08:00,0.93
20260918-221552-design-0552#1,Norm,RADIATION-LAB,2,2026-09-18 18:15:00,2026-09-18 19:27:00,1.20
20260918-222049-design-0553#1,Norm,RADIATION-LAB,2,2026-09-18 18:20:00,2026-09-18 19:27:00,1.12
20260918-222242-dev-0568#1,Greg,BIO-LOCK-WEST,3,2026-09-18 18:22:00,2026-09-18 18:46:00,0.40
20260918-222258-dev-0570#1,Greg,CRYO-ANTEROOM,5,2026-09-18 18:22:00,2026-09-18 19:04:00,0.70
20260918-222258-dev-0570#2,Greg,CRYO-ANTEROOM,5,2026-09-18 18:22:00,2026-09-18 19:04:00,0.70
20260918-222258-dev-0571#1,Greg,CRYO-ELEVATOR,3,2026-09-18 18:22:00,2026-09-18 19:07:00,0.75
20260918-222325-design-0554#1,Norm,RADIATION-LOCK-EAST,1,2026-09-18 18:23:00,2026-09-18 19:29:00,1.10
20260918-222851-design-0555#1,Norm,RADIATION-LOCK-EAST,1,2026-09-18 18:28:00,2026-09-18 19:29:00,1.02
20260918-223353-design-0556#1,Norm,RADIATION-LOCK-WEST,1,2026-09-18 18:33:00,2026-09-18 19:29:00,0.93
20260918-223850-design-0557#1,Norm,RADIATION-LOCK-WEST,1,2026-09-18 18:38:00,2026-09-18 19:29:00,0.85
20260918-224121-design-0558#1,Norm,BIO-LOCK-WEST,3,2026-09-18 18:41:00,2026-09-18 19:26:00,0.75
20260918-224619-design-0559#1,Norm,BIO-LOCK-WEST,3,2026-09-18 18:46:00,2026-09-18 19:26:00,0.67
20260918-224851-design-0560#1,Norm,MAIN-LAB,2,2026-09-18 18:48:00,2026-09-18 19:08:00,0.33
20260918-225609-design-0561#1,Norm,MAIN-LAB,2,2026-09-18 18:56:00,2026-09-18 23:17:00,4.35
20260918-225850-design-0562#1,Norm,LAB-OFFICE,1,2026-09-18 18:58:00,2026-09-18 20:35:00,1.62
20260918-230146-design-0563#1,Norm,LAB-OFFICE,1,2026-09-18 19:01:00,2026-09-18 20:38:00,1.62
20260918-230448-design-0564#1,Norm,CRYO-ANTEROOM,1,2026-09-18 19:04:00,2026-09-18 20:01:00,0.95
20260918-230739-design-0565#1,Norm,CRYO-ELEVATOR,1,2026-09-18 19:07:00,2026-09-18 20:01:00,0.90
20260918-230830-dev-0573#1,Greg,MAIN-LAB,3,2026-09-18 19:08:00,2026-09-18 19:15:00,0.12
20260918-231010-design-0566#1,Norm,BETTY-CONTROL-WEST,1,2026-09-18 19:10:00,2026-09-18 20:07:00,0.95
20260918-231514-dev-0576#1,Greg,BETTY-CONTROL-EAST,3,2026-09-18 19:15:00,2026-09-18 19:21:00,0.10
20260918-231545-design-0567#1,Norm,MAIN-LAB,1,2026-09-18 19:15:00,2026-09-18 19:50:00,0.58
20260918-232141-design-0568#1,Norm,BETTY-CONTROL-EAST,1,2026-09-18 19:21:00,2026-09-18 20:07:00,0.77
20260918-232623-dev-0578#1,Greg,BIO-LOCK-WEST,3,2026-09-18 19:26:00,2026-09-18 19:33:00,0.12
20260918-232623-dev-0578#2,Greg,BIO-LOCK-WEST,3,2026-09-18 19:26:00,2026-09-18 19:38:00,0.20
20260918-232707-design-0569#1,Norm,SHUTTLE-CAR-BETTY,1,2026-09-18 19:27:00,2026-09-18 20:07:00,0.67
20260918-232709-dev-0579#1,Greg,RADIATION-LAB,3,2026-09-18 19:27:00,2026-09-18 19:35:00,0.13
20260918-233309-design-0570#1,Norm,BIO-LOCK-WEST,1,2026-09-18 19:33:00,2026-09-18 20:48:00,1.25
20260918-233542-design-0571#1,Norm,RADIATION-LAB,1,2026-09-18 19:35:00,2026-09-18 19:59:00,0.40
20260918-233850-design-0572#1,Norm,BIO-LOCK-WEST,1,2026-09-18 19:38:00,2026-09-18 20:48:00,1.17
20260918-234411-design-0573#1,Norm,AUXILIARY-BOOTH,1,2026-09-18 19:44:00,2026-09-18 19:59:00,0.25
20260918-234513-dev-0581#1,Greg,RADIATION-LOCK-WEST,3,2026-09-18 19:45:00,2026-09-18 19:53:00,0.13
20260918-234513-dev-0581#2,Greg,RADIATION-LOCK-WEST,3,2026-09-18 19:45:00,2026-09-18 20:01:00,0.27
20260918-234513-dev-0581#3,Greg,RADIATION-LOCK-WEST,3,2026-09-18 19:45:00,2026-09-18 20:08:00,0.38
20260918-234753-design-0574#1,Norm,AUXILIARY-BOOTH,1,2026-09-18 19:47:00,2026-09-18 19:59:00,0.20
20260918-235313-design-0575#1,Norm,RADIATION-LOCK-EAST,1,2026-09-18 19:53:00,2026-09-19 00:57:00,5.07
20260919-000119-design-0576#1,Norm,RADIATION-LOCK-WEST,1,2026-09-18 20:01:00,2026-09-19 00:57:00,4.93
20260919-000844-design-0577#1,Norm,RADIATION-LOCK-WEST,1,2026-09-18 20:08:00,2026-09-19 00:57:00,4.82
20260919-001952-dev-0588#1,Greg,RADIATION-LAB,3,2026-09-18 20:19:00,2026-09-18 20:45:00,0.43
20260919-001952-dev-0588#2,Greg,RADIATION-LAB,3,2026-09-18 20:19:00,2026-09-18 21:08:00,0.82
20260919-001952-dev-0588#3,Greg,RADIATION-LAB,3,2026-09-18 20:19:00,2026-09-18 21:15:00,0.93
20260919-003223-design-0578#1,Norm,BOOTH-2,1,2026-09-18 20:32:00,2026-09-19 02:16:00,5.73
20260919-003511-dev-0589#1,Greg,LAB-OFFICE,3,2026-09-18 20:35:00,2026-09-18 20:59:00,0.40
20260919-003746-design-0579#1,Norm,BOOTH-2,1,2026-09-18 20:37:00,2026-09-19 02:16:00,5.65
20260919-004543-design-0580#1,Norm,RADIATION-LAB,1,2026-09-18 20:45:00,2026-09-19 00:57:00,4.20
20260919-005912-design-0581#1,Norm,LAB-OFFICE,2,2026-09-18 20:59:00,2026-09-19 01:33:00,4.57
20260919-010029-dev-0594#1,Greg,CRYO-ELEVATOR,3,2026-09-18 21:00:00,2026-09-18 21:21:00,0.35
20260919-010331-dev-0595#1,Greg,SHUTTLE-CAR-BETTY,3,2026-09-18 21:03:00,2026-09-18 21:40:00,0.62
20260919-010331-dev-0595#2,Greg,SHUTTLE-CAR-BETTY,3,2026-09-18 21:03:00,2026-09-18 21:46:00,0.72
20260919-010331-dev-0595#3,Greg,SHUTTLE-CAR-BETTY,3,2026-09-18 21:03:00,2026-09-18 22:16:00,1.22
20260919-010811-design-0582#1,Norm,AUXILIARY-BOOTH,1,2026-09-18 21:08:00,2026-09-19 00:57:00,3.82
20260919-011546-design-0583#1,Norm,AUXILIARY-BOOTH,1,2026-09-18 21:15:00,2026-09-19 00:57:00,3.70
20260919-012122-design-0584#1,Norm,CRYO-ELEVATOR,1,2026-09-18 21:21:00,2026-09-19 01:33:00,4.20
20260919-014028-dev-0596#1,Greg,BIO-LOCK-EAST,3,2026-09-18 21:40:00,2026-09-18 21:51:00,0.18
20260919-014028-dev-0596#2,Greg,BIO-LOCK-EAST,3,2026-09-18 21:40:00,2026-09-18 21:57:00,0.28
20260919-014028-dev-0596#3,Greg,BIO-LOCK-EAST,3,2026-09-18 21:40:00,2026-09-18 22:02:00,0.37
20260919-014028-dev-0596#4,Greg,BIO-LOCK-EAST,3,2026-09-18 21:40:00,2026-09-18 22:09:00,0.48
20260919-014046-design-0585#1,Norm,BETTY-CONTROL-EAST,3,2026-09-18 21:40:00,2026-09-19 00:59:00,3.32
20260919-014619-design-0586#1,Norm,BETTY-CONTROL-WEST,3,2026-09-18 21:46:00,2026-09-19 00:59:00,3.22
20260919-015149-design-0587#1,Norm,BIO-LOCK-EAST,3,2026-09-18 21:51:00,2026-09-19 01:33:00,3.70
20260919-015712-design-0588#1,Norm,BIO-LOCK-EAST,2,2026-09-18 21:57:00,2026-09-19 01:33:00,3.60
20260919-020213-design-0589#1,Norm,BIO-LOCK-EAST,2,2026-09-18 22:02:00,2026-09-19 01:33:00,3.52
20260919-020916-design-0590#1,Norm,BIO-LOCK-EAST,2,2026-09-18 22:09:00,2026-09-19 01:33:00,3.40
20260919-021342-dev-0597#1,Greg,BIO-LOCK-EAST,5,2026-09-18 22:13:00,2026-09-18 22:21:00,0.13
20260919-021342-dev-0597#2,Greg,BIO-LOCK-EAST,5,2026-09-18 22:13:00,2026-09-18 22:21:00,0.13
20260919-021618-design-0591#1,Norm,SHUTTLE-CAR-BETTY,1,2026-09-18 22:16:00,2026-09-19 00:59:00,2.72
20260919-022120-design-0592#1,Norm,BIO-LOCK-EAST,1,2026-09-18 22:21:00,2026-09-19 01:33:00,3.20
20260919-022438-design-0593#1,Norm,ELEVATOR-LOBBY,1,2026-09-18 22:24:00,2026-09-19 06:59:00,8.58
20260919-022755-design-0594#1,Norm,STRIP-NEAR-RELAY,1,2026-09-18 22:27:00,2026-09-19 02:16:00,3.82
20260919-023146-design-0595#1,Norm,,1,2026-09-18 22:31:00,2026-09-19 06:33:00,8.03
20260919-023444-design-0596#1,Norm,SANFAC-E,1,2026-09-18 22:34:00,2026-09-19 02:16:00,3.70
20260919-023501-design-0597#1,Norm,SANFAC-E,1,2026-09-18 22:35:00,2026-09-19 02:16:00,3.68
20260919-023816-design-0598#1,Norm,SYSTEMS-MONITORS,1,2026-09-18 22:38:00,2026-09-19 02:16:00,3.63
20260919-024121-design-0599#1,Norm,SYSTEMS-MONITORS,1,2026-09-18 22:41:00,2026-09-19 02:16:00,3.58
20260919-024550-design-0600#1,Norm,SYSTEMS-CORRIDOR,1,2026-09-18 22:45:00,2026-09-19 02:16:00,3.52
20260919-025016-design-0601#1,Norm,SYSTEMS-CORRIDOR-WEST,1,2026-09-18 22:50:00,2026-09-19 02:16:00,3.43
20260919-025522-design-0602#1,Norm,TRANSPORTATION-SUPPLY,1,2026-09-18 22:55:00,2026-09-19 02:16:00,3.35
20260919-025851-design-0603#1,Norm,REPAIR-ROOM,2,2026-09-18 22:58:00,2026-09-19 02:17:00,3.32
20260919-025912-design-0604#1,Norm,REPAIR-ROOM,2,2026-09-18 22:59:00,2026-09-19 02:17:00,3.30
20260919-030218-design-0605#1,Norm,PLANETARY-COURSE-CONTROL,1,2026-09-18 23:02:00,2026-09-19 02:16:00,3.23
20260919-030552-design-0606#1,Norm,PLANETARY-COURSE-CONTROL,1,2026-09-18 23:05:00,2026-09-19 02:16:00,3.18
20260919-030911-design-0607#1,Norm,LIBRARY-LOBBY,1,2026-09-18 23:09:00,2026-09-19 02:38:00,3.48
20260919-031223-design-0608#1,Norm,LIBRARY-LOBBY,1,2026-09-18 23:12:00,2026-09-19 02:38:00,3.43
20260919-031518-design-0609#1,Norm,MECH-CORRIDOR-N,1,2026-09-18 23:15:00,2026-09-19 02:38:00,3.38
20260919-032000-design-0610#1,Norm,MECH-CORRIDOR-N,1,2026-09-18 23:20:00,2026-09-19 02:38:00,3.30
20260919-032245-design-0611#1,Norm,REC-CORRIDOR,3,2026-09-18 23:22:00,2026-09-19 02:38:00,3.27
20260919-032721-design-0612#1,Norm,REC-CORRIDOR,3,2026-09-18 23:27:00,2026-09-19 02:38:00,3.18
20260919-033015-design-0613#1,Norm,REC-AREA,1,2026-09-18 23:30:00,2026-09-19 02:38:00,3.13
20260919-033445-design-0614#1,Norm,REC-AREA,1,2026-09-18 23:34:00,2026-09-19 02:38:00,3.07
20260919-033755-design-0615#1,Norm,CORRIDOR-JUNCTION,1,2026-09-18 23:37:00,2026-09-19 02:39:00,3.03
20260919-034056-design-0616#1,Norm,CORRIDOR-JUNCTION,1,2026-09-18 23:40:00,2026-09-19 02:39:00,2.98
20260919-034730-design-0617#1,Norm,PLAIN-HALL,1,2026-09-18 23:47:00,2026-09-19 02:39:00,2.87
20260919-035247-design-0618#1,Norm,SYSTEMS-CORRIDOR-EAST,1,2026-09-18 23:52:00,2026-09-19 02:39:00,2.78
20260919-035545-design-0619#1,Norm,PLAN-ROOM,2,2026-09-18 23:55:00,2026-09-19 01:47:00,1.87
20260919-035812-design-0620#1,Norm,PLAN-ROOM,2,2026-09-18 23:58:00,2026-09-19 01:47:00,1.82
20260919-040120-design-0621#1,Norm,SMALL-OFFICE,3,2026-09-19 00:01:00,2026-09-19 01:47:00,1.77
20260919-040412-design-0622#1,Norm,SMALL-OFFICE,3,2026-09-19 00:04:00,2026-09-19 01:47:00,1.72
20260919-040947-design-0623#1,Norm,LARGE-OFFICE,1,2026-09-19 00:09:00,2026-09-19 02:17:00,2.13
20260919-041342-design-0624#1,Norm,LARGE-OFFICE,1,2026-09-19 00:13:00,2026-09-19 02:17:00,2.07
20260919-041923-design-0625#1,Norm,MECH-CORRIDOR,1,2026-09-19 00:19:00,2026-09-19 02:17:00,1.97
20260919-042309-design-0626#1,Norm,MECH-CORRIDOR,1,2026-09-19 00:23:00,2026-09-19 02:17:00,1.90
20260919-042846-design-0627#1,Norm,MECH-CORRIDOR-S,1,2026-09-19 00:28:00,2026-09-19 02:17:00,1.82
20260919-043310-design-0628#1,Norm,MECH-CORRIDOR-S,1,2026-09-19 00:33:00,2026-09-19 02:17:00,1.73
20260919-043843-design-0629#1,Norm,STORAGE-EAST,2,2026-09-19 00:38:00,2026-09-19 01:47:00,1.15
20260919-044124-dev-0599#1,Greg,MAIN-LAB,3,2026-09-19 00:41:00,2026-09-19 00:48:00,0.12
20260919-044124-dev-0599#2,Greg,MAIN-LAB,3,2026-09-19 00:41:00,2026-09-19 00:58:00,0.28
20260919-044124-dev-0599#3,Greg,MAIN-LAB,3,2026-09-19 00:41:00,2026-09-19 01:06:00,0.42
20260919-044241-design-0630#1,Norm,STORAGE-EAST,2,2026-09-19 00:42:00,2026-09-19 01:47:00,1.08
20260919-044811-design-0631#1,Norm,MAIN-LAB,1,2026-09-19 00:48:00,2026-09-19 08:07:00,7.32
20260919-045845-design-0632#1,Norm,BIO-LOCK-WEST,1,2026-09-19 00:58:00,2026-09-19 08:07:00,7.15
20260919-045932-dev-0601#1,Greg,BETTY-CONTROL-EAST,3,2026-09-19 00:59:00,2026-09-19 01:21:00,0.37
20260919-045932-dev-0601#2,Greg,BETTY-CONTROL-EAST,3,2026-09-19 00:59:00,2026-09-19 01:29:00,0.50
20260919-050643-design-0633#1,Norm,BIO-LOCK-EAST,1,2026-09-19 01:06:00,2026-09-19 08:07:00,7.02
20260919-052148-design-0634#1,Norm,BETTY-CONTROL-EAST,1,2026-09-19 01:21:00,2026-09-19 08:07:00,6.77
20260919-052952-design-0635#1,Norm,BETTY-CONTROL-WEST,1,2026-09-19 01:29:00,2026-09-19 08:07:00,6.63
20260919-053351-dev-0606#1,Greg,LAB-OFFICE,3,2026-09-19 01:33:00,2026-09-19 01:59:00,0.43
20260919-053858-design-0636#1,Norm,PHYSICAL-PLANT,1,2026-09-19 01:38:00,2026-09-19 07:39:00,6.02
20260919-054733-dev-0607#1,Greg,PLAN-ROOM,3,2026-09-19 01:47:00,2026-09-19 02:14:00,0.45
20260919-054734-dev-0608#1,Greg,SMALL-OFFICE,3,2026-09-19 01:47:00,2026-09-19 02:25:00,0.63
20260919-054736-dev-0609#1,Greg,STORAGE-EAST,3,2026-09-19 01:47:00,2026-09-19 02:33:00,0.77
20260919-054918-design-0637#1,Norm,PHYSICAL-PLANT,1,2026-09-19 01:49:00,2026-09-19 07:39:00,5.83
20260919-055949-design-0638#1,Norm,LAB-OFFICE,1,2026-09-19 01:59:00,2026-09-19 08:07:00,6.13
20260919-061450-design-0639#1,Norm,PLAN-ROOM,1,2026-09-19 02:14:00,2026-09-19 06:59:00,4.75
20260919-061734-dev-0621#1,Greg,REPAIR-ROOM,3,2026-09-19 02:17:00,2026-09-19 02:38:00,0.35
20260919-062250-design-0640#1,Norm,SMALL-OFFICE,1,2026-09-19 02:22:00,2026-09-19 06:59:00,4.62
20260919-062548-design-0641#1,Norm,SMALL-OFFICE,1,2026-09-19 02:25:00,2026-09-19 06:59:00,4.57
20260919-063318-design-0642#1,Norm,STORAGE-EAST,1,2026-09-19 02:33:00,2026-09-19 06:23:00,3.83
20260919-063819-design-0643#1,Norm,REPAIR-ROOM,1,2026-09-19 02:38:00,2026-09-19 06:23:00,3.75
20260919-063854-dev-0624#1,Greg,REC-CORRIDOR,3,2026-09-19 02:38:00,2026-09-19 02:56:00,0.30
20260919-064705-design-0644#1,Norm,TOOL-ROOM,3,2026-09-19 02:47:00,2026-09-19 06:37:00,3.83
20260919-064950-design-0645#1,Norm,TOOL-ROOM,3,2026-09-19 02:49:00,2026-09-19 06:37:00,3.80
20260919-065623-design-0646#1,Norm,REC-CORRIDOR,1,2026-09-19 02:56:00,2026-09-19 06:59:00,4.05
20260919-070201-design-0647#1,Norm,MACHINE-SHOP,1,2026-09-19 03:02:00,2026-09-19 06:39:00,3.62
20260919-070723-design-0648#1,Norm,MACHINE-SHOP,1,2026-09-19 03:07:00,2026-09-19 06:39:00,3.53
20260919-071256-design-0649#1,Norm,ROBOT-SHOP,1,2026-09-19 03:12:00,2026-09-19 06:39:00,3.45
20260919-071722-design-0650#1,Norm,ROBOT-SHOP,1,2026-09-19 03:17:00,2026-09-19 06:39:00,3.37
20260919-072231-design-0651#1,Norm,REACTOR-CONTROL,1,2026-09-19 03:22:00,2026-09-19 07:40:00,4.30
20260919-072531-design-0652#1,Norm,REACTOR-ACCESS-STAIRS,1,2026-09-19 03:25:00,2026-09-19 07:21:00,3.93
20260919-072823-design-0653#1,Norm,REACTOR-ACCESS-STAIRS,1,2026-09-19 03:28:00,2026-09-19 07:21:00,3.88
20260919-073136-design-0654#1,Norm,REACTOR-ELEVATOR,1,2026-09-19 03:31:00,2026-09-19 07:40:00,4.15
20260919-073149-design-0655#1,Norm,REACTOR-ELEVATOR,1,2026-09-19 03:31:00,2026-09-19 07:40:00,4.15
20260919-073849-design-0656#1,Norm,CONFERENCE-ROOM,1,2026-09-19 03:38:00,2026-09-19 06:59:00,3.35
20260919-074151-design-0657#1,Norm,PLANETARY-DEFENSE,1,2026-09-19 03:41:00,2026-09-19 06:59:00,3.30
20260919-074521-design-0658#1,Norm,LIBRARY,1,2026-09-19 03:45:00,2026-09-19 07:01:00,3.27
20260919-074924-design-0659#1,Norm,LIBRARY,1,2026-09-19 03:49:00,2026-09-19 07:01:00,3.20
20260919-075230-design-0660#1,Norm,LIBRARY-LOBBY,1,2026-09-19 03:52:00,2026-09-19 07:24:00,3.53
20260919-075729-design-0661#1,Norm,BOOTH-3,1,2026-09-19 03:57:00,2026-09-19 07:25:00,3.47
20260919-080255-design-0662#1,Norm,STATION-384,1,2026-09-19 04:02:00,2026-09-19 07:26:00,3.40
20260919-080833-design-0663#1,Norm,UNDERWATER,1,2026-09-19 04:08:00,2026-09-19 06:58:00,2.83
20260919-081452-design-0664#1,Norm,UNDERWATER,1,2026-09-19 04:14:00,2026-09-19 06:58:00,2.73
20260919-082125-design-0665#1,Norm,UNDERWATER,1,2026-09-19 04:21:00,2026-09-19 06:58:00,2.62
20260919-082755-design-0666#1,Norm,LAB-STORAGE,1,2026-09-19 04:27:00,2026-09-19 08:07:00,3.67
20260919-083559-design-0667#1,Norm,PROJECT-CORRIDOR,1,2026-09-19 04:35:00,2026-09-19 07:25:00,2.83
20260919-100333-design-0669#1,Norm,ALFIE-CONTROL-EAST,2,2026-09-19 06:03:00,2026-09-19 07:07:00,1.07
20260919-100625-design-0670#1,Norm,ALFIE-CONTROL-EAST,1,2026-09-19 06:06:00,2026-09-19 07:07:00,1.02
20260919-100856-design-0671#1,Norm,ALFIE-CONTROL-EAST,1,2026-09-19 06:08:00,2026-09-19 07:08:00,1.00
20260919-101159-dev-0629#1,Greg,RADIATION-LOCK-WEST,5,2026-09-19 06:11:00,2026-09-19 07:14:00,1.05
20260919-101159-dev-0629#2,Greg,RADIATION-LOCK-WEST,5,2026-09-19 06:11:00,2026-09-19 07:14:00,1.05
20260919-101541-design-0672#1,Norm,ALFIE-CONTROL-WEST,1,2026-09-19 06:15:00,2026-09-19 07:08:00,0.88
20260919-102703-design-0673#1,Norm,RADIATION-LOCK-WEST,2,2026-09-19 06:27:00,2026-09-19 08:52:00,2.42
20260919-103502-design-0674#1,Norm,RADIATION-LOCK-WEST,2,2026-09-19 06:35:00,2026-09-19 08:52:00,2.28
20260919-103711-dev-0633#1,Greg,TOOL-ROOM,3,2026-09-19 06:37:00,2026-09-19 07:23:00,0.77
20260919-103711-dev-0633#2,Greg,TOOL-ROOM,3,2026-09-19 06:37:00,2026-09-19 07:43:00,1.10
20260919-105104-design-0675#1,Norm,RADIATION-LOCK-WEST,2,2026-09-19 06:51:00,2026-09-19 08:52:00,2.02
20260919-105902-dev-0641#1,Greg,SMALL-OFFICE,3,2026-09-19 06:59:00,2026-09-19 07:49:00,0.83
20260919-110134-dev-0647#1,Greg,LIBRARY,3,2026-09-19 07:01:00,2026-09-19 07:52:00,0.85
20260919-110157-design-0676#1,Norm,RADIATION-LOCK-WEST,1,2026-09-19 07:01:00,2026-09-19 08:52:00,1.85
20260919-111141-design-0677#1,Norm,RADIATION-LOCK-WEST,1,2026-09-19 07:11:00,2026-09-19 10:07:00,2.93
20260919-111438-design-0678#1,Norm,RADIATION-LOCK-WEST,1,2026-09-19 07:14:00,2026-09-19 10:07:00,2.88
20260919-112123-dev-0659#1,Greg,REACTOR-ACCESS-STAIRS,3,2026-09-19 07:21:00,2026-09-19 07:58:00,0.62
20260919-112300-design-0679#1,Norm,TOOL-ROOM,1,2026-09-19 07:23:00,2026-09-19 09:09:00,1.77
20260919-113034-dev-0664#1,Greg,CONFERENCE-ROOM,3,2026-09-19 07:30:00,2026-09-19 07:47:00,0.28
20260919-114342-design-0680#1,Norm,TOOL-ROOM,1,2026-09-19 07:43:00,2026-09-19 09:09:00,1.43
20260919-114445-design-0681#1,Norm,CONFERENCE-ROOM,2,2026-09-19 07:44:00,2026-09-19 07:59:00,0.25
20260919-114652-design-0682#1,Norm,CONFERENCE-ROOM,2,2026-09-19 07:46:00,2026-09-19 07:59:00,0.22
20260919-114714-design-0683#1,Norm,CONFERENCE-ROOM,2,2026-09-19 07:47:00,2026-09-19 07:59:00,0.20
20260919-114952-design-0684#1,Norm,SMALL-OFFICE,1,2026-09-19 07:49:00,2026-09-19 09:09:00,1.33
20260919-115220-design-0685#1,Norm,LIBRARY,2,2026-09-19 07:52:00,2026-09-19 08:23:00,0.52
20260919-115742-design-0686#1,Norm,REACTOR-ACCESS-STAIRS,1,2026-09-19 07:57:00,2026-09-19 08:18:00,0.35
20260919-115811-design-0687#1,Norm,REACTOR-ACCESS-STAIRS,1,2026-09-19 07:58:00,2026-09-19 08:18:00,0.33
20260919-115928-dev-0669#1,Greg,CONFERENCE-ROOM,5,2026-09-19 07:59:00,2026-09-19 08:09:00,0.17
20260919-120344-dev-0670#1,Greg,CONFERENCE-ROOM,5,2026-09-19 08:03:00,2026-09-19 08:09:00,0.10
20260919-120722-dev-0677#1,Greg,LAB-STORAGE,3,2026-09-19 08:07:00,2026-09-19 08:18:00,0.18
20260919-120940-design-0688#1,Norm,CONFERENCE-ROOM,1,2026-09-19 08:09:00,2026-09-19 08:20:00,0.18
20260919-121303-dev-0679#1,Greg,,3,2026-09-19 08:13:00,2026-09-19 08:24:00,0.18
20260919-121303-dev-0679#2,Greg,,3,2026-09-19 08:13:00,2026-09-19 08:42:00,0.48
20260919-121303-dev-0679#3,Greg,,3,2026-09-19 08:13:00,2026-09-19 08:44:00,0.52
20260919-121303-dev-0679#4,Greg,,3,2026-09-19 08:13:00,2026-09-19 08:56:00,0.72
20260919-121303-dev-0679#5,Greg,,3,2026-09-19 08:13:00,2026-09-19 09:02:00,0.82
20260919-121303-dev-0679#6,Greg,,3,2026-09-19 08:13:00,2026-09-19 09:09:00,0.93
20260919-121303-dev-0679#7,Greg,,3,2026-09-19 08:13:00,2026-09-19 09:22:00,1.15
20260919-121836-dev-0681#1,Greg,REACTOR-ACCESS-STAIRS,5,2026-09-19 08:18:00,2026-09-19 08:32:00,0.23
20260919-121852-design-0689#1,Norm,LAB-STORAGE,1,2026-09-19 08:18:00,2026-09-19 09:39:00,1.35
20260919-122046-dev-0682#1,Greg,CONFERENCE-ROOM,5,2026-09-19 08:20:00,2026-09-19 08:27:00,0.12
20260919-122307-dev-0683#1,Greg,LIBRARY,3,2026-09-19 08:23:00,2026-09-19 08:38:00,0.25
20260919-122420-design-0690#1,Norm,STORAGE-EAST,1,2026-09-19 08:24:00,2026-09-20 19:45:00,35.35
20260919-122721-design-0691#1,Norm,CONFERENCE-ROOM,2,2026-09-19 08:27:00,2026-09-19 08:36:00,0.15
20260919-123251-design-0692#1,Norm,REACTOR-ACCESS-STAIRS,1,2026-09-19 08:32:00,2026-09-19 08:41:00,0.15
20260919-123640-dev-0684#1,Greg,CONFERENCE-ROOM,3,2026-09-19 08:36:00,2026-09-19 08:51:00,0.25
20260919-123850-design-0693#1,Norm,LIBRARY,1,2026-09-19 08:38:00,2026-09-20 20:29:00,35.85
20260919-123922-dev-0685#1,Greg,ALFIE-CONTROL-EAST,3,2026-09-19 08:39:00,2026-09-19 09:49:00,1.17
20260919-123922-dev-0685#2,Greg,ALFIE-CONTROL-EAST,3,2026-09-19 08:39:00,2026-09-19 09:53:00,1.23
20260919-124109-dev-0686#1,Greg,REACTOR-ACCESS-STAIRS,3,2026-09-19 08:41:00,2026-09-19 09:37:00,0.93
20260919-124201-design-0694#1,Norm,STORAGE-EAST,1,2026-09-19 08:42:00,2026-09-20 19:45:00,35.05
20260919-124422-design-0695#1,Norm,REPAIR-ROOM,1,2026-09-19 08:44:00,2026-09-20 19:45:00,35.02
20260919-125102-design-0696#1,Norm,CONFERENCE-ROOM,2,2026-09-19 08:51:00,2026-09-19 09:04:00,0.22
20260919-125115-design-0697#1,Norm,CONFERENCE-ROOM,2,2026-09-19 08:51:00,2026-09-19 09:04:00,0.22
20260919-125652-design-0698#1,Norm,MACHINE-SHOP,1,2026-09-19 08:56:00,2026-09-20 19:45:00,34.82
20260919-130254-design-0699#1,Norm,ROBOT-SHOP,1,2026-09-19 09:02:00,2026-09-20 19:45:00,34.72
20260919-130414-dev-0688#1,Greg,CONFERENCE-ROOM,5,2026-09-19 09:04:00,2026-09-19 09:15:00,0.18
20260919-130925-design-0700#1,Norm,ELEVATOR-LOBBY,1,2026-09-19 09:09:00,2026-09-20 19:45:00,34.60
20260919-130954-dev-0690#1,Greg,SMALL-OFFICE,3,2026-09-19 09:09:00,2026-09-19 09:28:00,0.32
20260919-131549-design-0701#1,Norm,CONFERENCE-ROOM,1,2026-09-19 09:15:00,2026-09-19 09:55:00,0.67
20260919-132200-design-0702#1,Norm,PLAN-ROOM,1,2026-09-19 09:22:00,2026-09-20 19:45:00,34.38
20260919-132824-design-0703#1,Norm,SMALL-OFFICE,1,2026-09-19 09:28:00,2026-09-19 10:55:00,1.45
20260919-133416-design-0704#1,Norm,REACTOR-ACCESS-STAIRS,3,2026-09-19 09:34:00,2026-09-19 10:46:00,1.20
20260919-133721-design-0705#1,Norm,REACTOR-ACCESS-STAIRS,3,2026-09-19 09:37:00,2026-09-19 10:46:00,1.15
20260919-134718-dev-0693#1,Greg,,3,2026-09-19 09:47:00,2026-09-19 09:58:00,0.18
20260919-134718-dev-0693#2,Greg,,3,2026-09-19 09:47:00,2026-09-19 10:04:00,0.28
20260919-134920-design-0706#1,Norm,ALFIE-CONTROL-EAST,1,2026-09-19 09:49:00,2026-09-19 11:04:00,1.25
20260919-135300-design-0707#1,Norm,ALFIE-CONTROL-WEST,1,2026-09-19 09:53:00,2026-09-19 11:05:00,1.20
20260919-135858-design-0708#1,Norm,LAB-OFFICE,1,2026-09-19 09:58:00,2026-09-20 19:45:00,33.78
20260919-140429-design-0709#1,Norm,MACHINE-SHOP,1,2026-09-19 10:04:00,2026-09-20 19:46:00,33.70
20260919-141251-design-0710#1,Norm,PROJCON-OFFICE,1,2026-09-19 10:12:00,2026-09-19 11:01:00,0.82
20260919-142005-dev-0696#1,Greg,,3,2026-09-19 10:20:00,2026-09-19 10:30:00,0.17
20260919-142005-dev-0696#2,Greg,,3,2026-09-19 10:20:00,2026-09-19 10:42:00,0.37
20260919-142005-dev-0696#3,Greg,,3,2026-09-19 10:20:00,2026-09-19 10:48:00,0.47
20260919-142005-dev-0696#4,Greg,,3,2026-09-19 10:20:00,2026-09-19 10:53:00,0.55
20260919-142005-dev-0696#5,Greg,,3,2026-09-19 10:20:00,2026-09-19 10:56:00,0.60
20260919-142005-dev-0696#6,Greg,,3,2026-09-19 10:20:00,2026-09-19 11:00:00,0.67
20260919-142440-dev-0698#1,Greg,LAB-STORAGE,3,2026-09-19 10:24:00,2026-09-19 11:08:00,0.73
20260919-143059-design-0711#1,Norm,PHYSICAL-PLANT,1,2026-09-19 10:30:00,2026-09-20 19:46:00,33.27
20260919-143826-design-0712#1,Norm,CONFERENCE-ROOM,1,2026-09-19 10:38:00,2026-09-19 11:21:00,0.72
20260919-144249-design-0713#1,Norm,REACTOR-CONTROL,1,2026-09-19 10:42:00,2026-09-20 19:46:00,33.07
20260919-144619-dev-0699#1,Greg,REACTOR-ACCESS-STAIRS,3,2026-09-19 10:46:00,2026-09-19 11:26:00,0.67
20260919-144816-design-0714#1,Norm,REACTOR-ELEVATOR,1,2026-09-19 10:48:00,2026-09-20 19:46:00,32.97
20260919-145304-design-0715#1,Norm,REACTOR-ELEVATOR,1,2026-09-19 10:53:00,2026-09-20 19:46:00,32.88
20260919-145532-dev-0700#1,Greg,SMALL-OFFICE,1,2026-09-19 10:55:00,2026-09-19 10:56:00,0.02
20260919-145643-design-0716#1,Norm,TOOL-ROOM,1,2026-09-19 10:56:00,2026-09-20 19:46:00,32.83
20260919-150015-design-0718#1,Norm,PLAN-ROOM,1,2026-09-19 11:00:00,2026-09-20 19:46:00,32.77
20260919-150356-design-0719#1,Norm,LAB-STORAGE,1,2026-09-19 11:03:00,2026-09-20 20:27:00,33.40
20260919-150814-design-0720#1,Norm,LAB-STORAGE,1,2026-09-19 11:08:00,2026-09-20 20:27:00,33.32
20260919-151953-design-0721#1,Norm,REACTOR-ACCESS-STAIRS,2,2026-09-19 11:19:00,2026-09-21 10:56:00,47.62
20260919-152659-design-0722#1,Norm,REACTOR-ACCESS-STAIRS,1,2026-09-19 11:26:00,2026-09-21 10:32:00,47.10
20260919-231052-design-0723#1,Norm,,1,2026-09-19 19:10:00,2026-09-21 10:56:00,39.77
20260920-212029-dev-0706#1,Greg,UNDERWATER-D2,8,2026-09-20 17:20:00,2026-09-20 17:27:00,0.12
20260920-212029-dev-0706#2,Greg,UNDERWATER-D2,8,2026-09-20 17:20:00,2026-09-20 17:27:00,0.12
20260920-212029-dev-0706#3,Greg,UNDERWATER-D2,8,2026-09-20 17:20:00,2026-09-20 17:27:00,0.12
20260920-212029-dev-0706#4,Greg,UNDERWATER-D2,8,2026-09-20 17:20:00,2026-09-20 17:27:00,0.12
20260920-212705-design-0724#1,Norm,UNDERWATER-D2,1,2026-09-20 17:27:00,2026-09-20 17:31:00,0.07
20260920-214359-dev-0708#1,Greg,UNDERWATER,3,2026-09-20 17:43:00,2026-09-20 17:49:00,0.10
20260920-214411-dev-0709#1,Greg,UNDERWATER-D1,8,2026-09-20 17:44:00,2026-09-20 17:56:00,0.20
20260920-214411-dev-0709#2,Greg,UNDERWATER-D1,8,2026-09-20 17:44:00,2026-09-20 17:56:00,0.20
20260920-214411-dev-0709#3,Greg,UNDERWATER-D1,8,2026-09-20 17:44:00,2026-09-20 17:56:00,0.20
20260920-214411-dev-0709#4,Greg,UNDERWATER-D1,8,2026-09-20 17:44:00,2026-09-20 17:56:00,0.20
20260920-214919-design-0725#1,Norm,UNDERWATER,1,2026-09-20 17:49:00,2026-09-20 17:52:00,0.05
20260920-215250-dev-0710#1,Greg,UNDERWATER,3,2026-09-20 17:52:00,2026-09-20 18:00:00,0.13
20260920-215642-design-0726#1,Norm,UNDERWATER-D1,1,2026-09-20 17:56:00,2026-09-20 17:59:00,0.05
20260920-220018-design-0727#1,Norm,UNDERWATER,1,2026-09-20 18:00:00,2026-09-20 18:04:00,0.07
20260920-221144-dev-0713#1,Greg,UNDERWATER-D0,8,2026-09-20 18:11:00,2026-09-20 18:25:00,0.23
20260920-221144-dev-0713#2,Greg,UNDERWATER-D0,8,2026-09-20 18:11:00,2026-09-20 18:25:00,0.23
20260920-221144-dev-0713#3,Greg,UNDERWATER-D0,8,2026-09-20 18:11:00,2026-09-20 18:25:00,0.23
20260920-221144-dev-0713#4,Greg,UNDERWATER-D0,8,2026-09-20 18:11:00,2026-09-20 18:25:00,0.23
20260920-221413-dev-0714#1,Greg,UNDERWATER-D2,3,2026-09-20 18:14:00,2026-09-20 18:28:00,0.23
20260920-222507-design-0728#1,Norm,UNDERWATER-D0,1,2026-09-20 18:25:00,2026-09-20 18:31:00,0.10
20260920-222814-design-0729#1,Norm,UNDERWATER-D2,1,2026-09-20 18:28:00,2026-09-20 18:31:00,0.05
20260920-225927-dev-0721#1,Greg,UNDERWATER-D2,3,2026-09-20 18:59:00,2026-09-20 19:03:00,0.07
20260920-225927-dev-0721#2,Greg,UNDERWATER-D2,3,2026-09-20 18:59:00,2026-09-20 19:08:00,0.15
20260920-225927-dev-0721#3,Greg,UNDERWATER-D2,3,2026-09-20 18:59:00,2026-09-20 19:13:00,0.23
20260920-230355-design-0730#1,Norm,UNDERWATER-D2,1,2026-09-20 19:03:00,2026-09-20 19:09:00,0.10
20260920-230854-design-0731#1,Norm,UNDERWATER-D2,1,2026-09-20 19:08:00,2026-09-20 19:10:00,0.03
20260920-231310-dev-0724#1,Greg,UNDERWATER-D1,3,2026-09-20 19:13:00,2026-09-20 19:19:00,0.10
20260920-231334-dev-0725#1,Greg,UNDERWATER-D0,3,2026-09-20 19:13:00,2026-09-20 19:25:00,0.20
20260920-231356-design-0732#1,Norm,UNDERWATER-D2,1,2026-09-20 19:13:00,2026-09-20 19:15:00,0.03
20260920-231917-design-0733#1,Norm,UNDERWATER-D1,1,2026-09-20 19:19:00,2026-09-20 19:21:00,0.03
20260920-232502-design-0734#1,Norm,UNDERWATER-D0,1,2026-09-20 19:25:00,2026-09-20 19:26:00,0.02
20260921-004104-dev-0748#1,Greg,LIBRARY,5,2026-09-20 20:41:00,2026-09-20 20:49:00,0.13
20260921-004104-dev-0748#2,Greg,LIBRARY,5,2026-09-20 20:41:00,2026-09-20 20:49:00,0.13
20260921-004413-dev-0749#1,Greg,,3,2026-09-20 20:44:00,2026-09-20 20:54:00,0.17
20260921-004413-dev-0749#2,Greg,,3,2026-09-20 20:44:00,2026-09-20 20:58:00,0.23
20260921-004413-dev-0749#3,Greg,,3,2026-09-20 20:44:00,2026-09-20 21:01:00,0.28
20260921-004413-dev-0749#4,Greg,,3,2026-09-20 20:44:00,2026-09-20 21:06:00,0.37
20260921-004413-dev-0749#5,Greg,,3,2026-09-20 20:44:00,2026-09-20 21:14:00,0.50
20260921-004413-dev-0749#6,Greg,,3,2026-09-20 20:44:00,2026-09-20 21:23:00,0.65
20260921-004413-dev-0749#7,Greg,,3,2026-09-20 20:44:00,2026-09-20 21:38:00,0.90
20260921-004413-dev-0749#8,Greg,,3,2026-09-20 20:44:00,2026-09-20 21:41:00,0.95
20260921-004413-dev-0749#9,Greg,,3,2026-09-20 20:44:00,2026-09-20 21:44:00,1.00
20260921-004413-dev-0749#10,Greg,,3,2026-09-20 20:44:00,2026-09-20 21:46:00,1.03
20260921-004413-dev-0749#11,Greg,,3,2026-09-20 20:44:00,2026-09-20 21:55:00,1.18
20260921-004413-dev-0749#12,Greg,,3,2026-09-20 20:44:00,2026-09-20 21:59:00,1.25
20260921-004413-dev-0749#13,Greg,,3,2026-09-20 20:44:00,2026-09-20 22:03:00,1.32
20260921-004920-design-0735#1,Norm,LIBRARY,1,2026-09-20 20:49:00,2026-09-20 21:23:00,0.57
20260921-005430-design-0736#1,Norm,PHYSICAL-PLANT,1,2026-09-20 20:54:00,2026-09-20 21:19:00,0.42
20260921-005827-design-0737#1,Norm,PLAIN-HALL,1,2026-09-20 20:58:00,2026-09-20 21:19:00,0.35
20260921-010156-design-0738#1,Norm,REC-AREA,1,2026-09-20 21:01:00,2026-09-20 21:19:00,0.30
20260921-010659-design-0739#1,Norm,CORRIDOR-JUNCTION,1,2026-09-20 21:06:00,2026-09-20 21:19:00,0.22
20260921-011457-design-0740#1,Norm,BOOTH-2,1,2026-09-20 21:14:00,2026-09-20 22:31:00,1.28
20260921-012341-design-0741#1,Norm,SYSTEMS-CORRIDOR-EAST,1,2026-09-20 21:23:00,2026-09-20 22:31:00,1.13
20260921-012355-dev-0751#1,Greg,LIBRARY,5,2026-09-20 21:23:00,2026-09-20 22:14:00,0.85
20260921-013842-design-0742#1,Norm,PLANETARY-COURSE-CONTROL,1,2026-09-20 21:38:00,2026-09-20 22:31:00,0.88
20260921-014130-design-0743#1,Norm,LIBRARY-LOBBY,1,2026-09-20 21:41:00,2026-09-20 22:31:00,0.83
20260921-014401-design-0744#1,Norm,SMALL-OFFICE,1,2026-09-20 21:44:00,2026-09-20 22:31:00,0.78
20260921-014655-design-0745#1,Norm,LARGE-OFFICE,1,2026-09-20 21:46:00,2026-09-20 22:31:00,0.75
20260921-015557-design-0746#1,Norm,MECH-CORRIDOR-N,1,2026-09-20 21:55:00,2026-09-20 22:31:00,0.60
20260921-015928-design-0747#1,Norm,MECH-CORRIDOR,1,2026-09-20 21:59:00,2026-09-20 22:31:00,0.53
20260921-020349-design-0748#1,Norm,MECH-CORRIDOR-S,1,2026-09-20 22:03:00,2026-09-20 22:31:00,0.47
20260921-021422-design-0749#1,Norm,LIBRARY,1,2026-09-20 22:14:00,2026-09-20 22:31:00,0.28
20260921-021706-dev-0755#1,Greg,,3,2026-09-20 22:17:00,2026-09-20 22:26:00,0.15
20260921-021706-dev-0755#2,Greg,,3,2026-09-20 22:17:00,2026-09-20 22:31:00,0.23
20260921-021706-dev-0755#3,Greg,,3,2026-09-20 22:17:00,2026-09-20 22:38:00,0.35
20260921-021706-dev-0755#4,Greg,,3,2026-09-20 22:17:00,2026-09-20 22:42:00,0.42
20260921-022621-design-0750#1,Norm,BOOTH-2,2,2026-09-20 22:26:00,2026-09-20 23:03:00,0.62
20260921-023140-design-0751#1,Norm,SMALL-OFFICE,2,2026-09-20 22:31:00,2026-09-20 23:03:00,0.53
20260921-023802-design-0752#1,Norm,STRIP-NEAR-RELAY,2,2026-09-20 22:38:00,2026-09-20 23:03:00,0.42
20260921-024203-design-0753#1,Norm,STRIP-NEAR-RELAY,2,2026-09-20 22:42:00,2026-09-20 23:03:00,0.35
20260921-025250-dev-0757#1,Greg,,3,2026-09-20 22:52:00,2026-09-20 23:02:00,0.17
20260921-025250-dev-0757#2,Greg,,3,2026-09-20 22:52:00,2026-09-20 23:09:00,0.28
20260921-025250-dev-0757#3,Greg,,3,2026-09-20 22:52:00,2026-09-20 23:14:00,0.37
20260921-030239-design-0754#1,Norm,LIBRARY,1,2026-09-20 23:02:00,2026-09-20 23:55:00,0.88
20260921-030306-dev-0758#1,Greg,SMALL-OFFICE,3,2026-09-20 23:03:00,2026-09-20 23:19:00,0.27
20260921-030934-design-0755#1,Norm,LAB-STORAGE,1,2026-09-20 23:09:00,2026-09-21 00:33:00,1.40
20260921-031405-design-0756#1,Norm,LAB-STORAGE,1,2026-09-20 23:14:00,2026-09-21 00:33:00,1.32
20260921-031918-design-0757#1,Norm,SMALL-OFFICE,2,2026-09-20 23:19:00,2026-09-20 23:54:00,0.58
20260921-035438-dev-0771#1,Greg,SMALL-OFFICE,3,2026-09-20 23:54:00,2026-09-21 00:03:00,0.15
20260921-035504-dev-0772#1,Greg,LIBRARY,3,2026-09-20 23:55:00,2026-09-21 00:15:00,0.33
20260921-035908-dev-0773#1,Greg,REACTOR-ACCESS-STAIRS,3,2026-09-20 23:59:00,2026-09-21 00:23:00,0.40
20260921-035908-dev-0773#2,Greg,REACTOR-ACCESS-STAIRS,3,2026-09-20 23:59:00,2026-09-21 00:26:00,0.45
20260921-040322-design-0758#1,Norm,SMALL-OFFICE,1,2026-09-21 00:03:00,2026-09-21 00:27:00,0.40
20260921-041506-design-0759#1,Norm,LIBRARY,1,2026-09-21 00:15:00,2026-09-21 00:27:00,0.20
20260921-042314-design-0760#1,Norm,REACTOR-ACCESS-STAIRS,1,2026-09-21 00:23:00,2026-09-21 00:32:00,0.15
20260921-042633-design-0761#1,Norm,REACTOR-ACCESS-STAIRS,1,2026-09-21 00:26:00,2026-09-21 00:32:00,0.10
20260921-043232-dev-0775#1,Greg,LIBRARY,3,2026-09-21 00:32:00,2026-09-21 00:37:00,0.08
20260921-043707-design-0762#1,Norm,LIBRARY,1,2026-09-21 00:37:00,2026-09-21 00:44:00,0.12
20260921-120211-dev-0780#1,Greg,ESCAPE-POD,8,2026-09-21 08:02:00,2026-09-21 08:20:00,0.30
20260921-120211-dev-0780#2,Greg,ESCAPE-POD,8,2026-09-21 08:02:00,2026-09-21 08:20:00,0.30
20260921-120211-dev-0780#3,Greg,ESCAPE-POD,8,2026-09-21 08:02:00,2026-09-21 08:20:00,0.30
20260921-122050-design-0763#1,Norm,ESCAPE-POD,1,2026-09-21 08:20:00,2026-09-21 08:33:00,0.22
20260921-123308-dev-0781#1,Greg,ESCAPE-POD,8,2026-09-21 08:33:00,2026-09-21 09:12:00,0.65
20260921-131219-design-0764#1,Norm,ESCAPE-POD,1,2026-09-21 09:12:00,2026-09-21 10:32:00,1.33
20260921-143215-dev-0787#1,Greg,,13,2026-09-21 10:32:00,2026-09-21 11:00:00,0.47
20260921-170609-dev-0791#1,Greg,LAB-STORAGE,3,2026-09-21 13:06:00,2026-09-21 13:31:00,0.42
20260921-185455-dev-0794#1,Greg,,21,2026-09-21 14:54:00,2026-09-21 15:20:00,0.43
20260921-185455-dev-0794#2,Greg,,21,2026-09-21 14:54:00,2026-09-21 15:30:00,0.60
20260921-185455-dev-0794#3,Greg,,5,2026-09-21 14:54:00,2026-09-21 15:33:00,0.65
20260921-202528-dev-0799#1,Greg,BIO-LAB,3,2026-09-21 16:25:00,2026-09-21 16:39:00,0.23
20260921-222942-dev-0807#1,Greg,MAIN-LAB,3,2026-09-21 18:29:00,2026-09-21 18:50:00,0.35
20260921-225525-dev-0809#1,Greg,,5,2026-09-21 18:55:00,2026-09-21 19:03:00,0.13
20260921-225525-dev-0809#2,Greg,,13,2026-09-21 18:55:00,2026-09-22 08:36:00,13.68
20260921-225525-dev-0809#3,Greg,,1,2026-09-21 18:55:00,2026-09-22 10:29:00,15.57
20260921-225525-dev-0809#4,Greg,,3,2026-09-21 18:55:00,2026-09-22 08:42:00,13.78
20260921-232233-dev-0814#1,Greg,MIDDLE-OF-STRIP,3,2026-09-21 19:22:00,2026-09-22 08:00:00,12.63
20260921-234631-dev-0818#1,Greg,ELEVATOR-LOBBY,5,2026-09-21 19:46:00,2026-09-22 08:47:00,13.02
20260922-122846-dev-0820#1,Greg,LAB-OFFICE,5,2026-09-22 08:28:00,2026-09-22 08:57:00,0.48
20260922-122846-dev-0820#2,Greg,LAB-OFFICE,5,2026-09-22 08:28:00,2026-09-22 08:57:00,0.48
20260922-123016-dev-0821#1,Greg,STRIP-NEAR-RELAY,2,2026-09-22 08:30:00,,
20260922-123016-dev-0821#2,Greg,STRIP-NEAR-RELAY,2,2026-09-22 08:30:00,,
20260922-123016-dev-0821#3,Greg,STRIP-NEAR-RELAY,2,2026-09-22 08:30:00,,
20260922-123059-dev-0822#1,Greg,STRIP-NEAR-RELAY,2,2026-09-22 08:30:00,,
20260922-123059-dev-0822#2,Greg,STRIP-NEAR-RELAY,2,2026-09-22 08:30:00,,
20260922-134806-dev-0825#1,Greg,PLANETARY-DEFENSE,1,2026-09-22 09:48:00,,
20260922-134806-dev-0825#2,Greg,PLANETARY-DEFENSE,1,2026-09-22 09:48:00,,
20260922-135916-dev-0826#1,Greg,SYSTEMS-CORRIDOR-WEST,5,2026-09-22 09:59:00,2026-09-22 10:25:00,0.43
20260922-135916-dev-0826#2,Greg,SYSTEMS-CORRIDOR-WEST,5,2026-09-22 09:59:00,2026-09-22 10:25:00,0.43
20260922-141219-dev-0828#1,Greg,MACHINE-SHOP,1,2026-09-22 10:12:00,,
20260922-143806-dev-0834#1,Greg,PLANETARY-COURSE-CONTROL,3,2026-09-22 10:38:00,2026-09-22 11:04:00,0.43
20260922-153212-dev-0844#1,Greg,LAB-OFFICE,3,2026-09-22 11:32:00,2026-09-22 11:40:00,0.13
20260922-162314-dev-0852#1,Greg,COMM-ROOM,1,2026-09-22 12:23:00,,
20260922-163643-dev-0856#1,Greg,SYSTEMS-CORRIDOR,1,2026-09-22 12:36:00,,
