ask,day,to,room,category,painting_kind,rework,why,raised_eastern
20260913-175735-design-0001#1,2026-09-13,Norm,,objects,,,,2026-09-13 17:57:00
20260913-220747-design-0002#1,2026-09-13,Norm,CRAG,paint,cap,,,2026-09-13 18:07:00
20260913-220747-design-0002#2,2026-09-13,Norm,CRAG,layout,,,,2026-09-13 18:07:00
20260913-221940-dev-0001#1,2026-09-13,Greg,,paint,ring,,,2026-09-13 18:19:00
20260913-221958-dev-0002#1,2026-09-13,Greg,CRAG,paint,cap,yes,sent back,2026-09-13 18:19:00
20260913-221958-dev-0002#2,2026-09-13,Greg,CRAG,paint,ring,yes,sent back,2026-09-13 18:19:00
20260913-221958-dev-0002#3,2026-09-13,Greg,CRAG,paint,ring,yes,sent back,2026-09-13 18:19:00
20260913-222130-design-0003#1,2026-09-13,Norm,WINDING-STAIR,paint,ring,,,2026-09-13 18:21:00
20260913-223506-design-0005#1,2026-09-13,Norm,CRAG,paint,cap,,,2026-09-13 18:35:00
20260913-223506-design-0006#1,2026-09-13,Norm,WINDING-STAIR,paint,ring,,,2026-09-13 18:35:00
20260913-224127-dev-0005#1,2026-09-13,Greg,WINDING-STAIR,paint,variant,,,2026-09-13 18:41:00
20260913-224127-dev-0005#2,2026-09-13,Greg,WINDING-STAIR,paint,ring,,,2026-09-13 18:41:00
20260913-224127-dev-0005#3,2026-09-13,Greg,WINDING-STAIR,paint,ring,,,2026-09-13 18:41:00
20260913-224443-dev-0006#1,2026-09-13,Greg,CRAG,paint,cap,,,2026-09-13 18:44:00
20260913-225314-dev-0007#1,2026-09-13,Greg,CRAG,paint,cap,,,2026-09-13 18:53:00
20260913-230233-design-0010#1,2026-09-13,Norm,CRAG,paint,cap,,,2026-09-13 19:02:00
20260913-231705-design-0012#1,2026-09-13,Norm,WINDING-STAIR,layout,,,,2026-09-13 19:17:00
20260913-231955-dev-0010#1,2026-09-13,Greg,WINDING-STAIR,paint,variant,,,2026-09-13 19:19:00
20260913-233702-dev-0011#1,2026-09-13,Greg,DORM-D,paint,ring,yes,user change,2026-09-13 19:37:00
20260913-234437-design-0014#1,2026-09-13,Norm,DORM-D,paint,ring,yes,user change,2026-09-13 19:44:00
20260913-234622-dev-0012#1,2026-09-13,Greg,DORM-D,paint,ring,yes,sent back,2026-09-13 19:46:00
20260913-234657-design-0015#1,2026-09-13,Norm,WINDING-STAIR,layout,,,,2026-09-13 19:46:00
20260913-234837-design-0016#1,2026-09-13,Norm,DORM-D,paint,ring,yes,re-delivery; R2+,2026-09-13 19:48:00
20260913-235348-dev-0013#1,2026-09-13,Greg,WINDING-STAIR,paint,variant,,,2026-09-13 19:53:00
20260913-235348-dev-0013#2,2026-09-13,Greg,WINDING-STAIR,paint,variant,,,2026-09-13 19:53:00
20260913-235512-dev-0014#1,2026-09-13,Greg,DORM-D,paint,ring,yes,sent back,2026-09-13 19:55:00
20260913-235711-design-0017#1,2026-09-13,Norm,WINDING-STAIR,paint,ring,,,2026-09-13 19:57:00
20260913-235950-design-0018#1,2026-09-13,Norm,DORM-D,paint,ring,yes,re-delivery; R2+,2026-09-13 19:59:00
20260914-000917-design-0020#1,2026-09-13,Norm,WINDING-STAIR,paint,ring,,,2026-09-13 20:09:00
20260914-001115-design-0021#1,2026-09-13,Norm,WINDING-STAIR,paint,variant,,,2026-09-13 20:11:00
20260914-001647-dev-0017#1,2026-09-13,Greg,WINDING-STAIR,paint,ring,,,2026-09-13 20:16:00
20260914-002018-design-0022#1,2026-09-13,Norm,WINDING-STAIR,paint,ring,,,2026-09-13 20:20:00
20260914-002431-design-0023#1,2026-09-13,Norm,COURTYARD,layout,,,,2026-09-13 20:24:00
20260914-004738-design-0025#1,2026-09-13,Norm,ESCAPE-POD,meta,,,,2026-09-13 20:47:00
20260914-005147-dev-0019#1,2026-09-13,Greg,COURTYARD,paint,seed,,,2026-09-13 20:51:00
20260914-010035-design-0026#1,2026-09-13,Norm,COURTYARD,layout,,,,2026-09-13 21:00:00
20260914-010401-dev-0020#1,2026-09-13,Greg,COURTYARD,paint,seed,yes,sent back,2026-09-13 21:04:00
20260914-011044-design-0027#1,2026-09-13,Norm,COURTYARD,layout,,yes,re-delivery,2026-09-13 21:10:00
20260914-011231-dev-0021#1,2026-09-13,Greg,COURTYARD,paint,ring,,,2026-09-13 21:12:00
20260914-012330-design-0028#1,2026-09-13,Norm,COURTYARD,layout,,,,2026-09-13 21:23:00
20260914-012519-dev-0022#1,2026-09-13,Greg,COURTYARD,paint,cap,,,2026-09-13 21:25:00
20260914-012839-dev-0023#1,2026-09-13,Greg,ESCAPE-POD,meta,,,,2026-09-13 21:28:00
20260914-012839-dev-0023#2,2026-09-13,Greg,ESCAPE-POD,meta,,,,2026-09-13 21:28:00
20260914-013802-design-0030#1,2026-09-13,Norm,COURTYARD,layout,,,,2026-09-13 21:38:00
20260914-093657-dev-0024#1,2026-09-14,Greg,,meta,,,,2026-09-14 05:36:00
20260914-093944-dev-0025#1,2026-09-14,Greg,COURTYARD,paint,cap,,,2026-09-14 05:39:00
20260914-093944-dev-0025#2,2026-09-14,Greg,COURTYARD,paint,variant,,,2026-09-14 05:39:00
20260914-094317-design-0033#1,2026-09-14,Norm,MESS-CORRIDOR,meta,,,,2026-09-14 05:43:00
20260914-095019-design-0034#1,2026-09-14,Norm,MESS-HALL,layout,,,,2026-09-14 05:50:00
20260914-095259-design-0035#1,2026-09-14,Norm,KITCHEN,layout,,,,2026-09-14 05:52:00
20260914-095413-design-0036#1,2026-09-14,Norm,DORM-CORRIDOR,layout,,,,2026-09-14 05:54:00
20260914-095515-design-0037#1,2026-09-14,Norm,REC-CORRIDOR,layout,,,,2026-09-14 05:55:00
20260914-095647-design-0039#1,2026-09-14,Norm,REC-AREA,layout,,,,2026-09-14 05:56:00
20260914-095754-design-0040#1,2026-09-14,Norm,CORRIDOR-JUNCTION,layout,,,,2026-09-14 05:57:00
20260914-095907-design-0041#1,2026-09-14,Norm,LAWANDA-PLATFORM,layout,,,,2026-09-14 05:59:00
20260914-100039-design-0042#1,2026-09-14,Norm,SYSTEMS-CORRIDOR-WEST,layout,,,,2026-09-14 06:00:00
20260914-100218-design-0043#1,2026-09-14,Norm,COURTYARD,layout,,,,2026-09-14 06:02:00
20260914-100238-design-0044#1,2026-09-14,Norm,SYSTEMS-CORRIDOR,layout,,,,2026-09-14 06:02:00
20260914-100323-design-0045#1,2026-09-14,Norm,SYSTEMS-CORRIDOR-EAST,layout,,,,2026-09-14 06:03:00
20260914-100409-design-0046#1,2026-09-14,Norm,INFIRMARY,layout,,,,2026-09-14 06:04:00
20260914-100432-dev-0026#1,2026-09-14,Greg,MESS-CORRIDOR,paint,variant,,,2026-09-14 06:04:00
20260914-100525-design-0047#1,2026-09-14,Norm,COURTYARD,paint,cap,,,2026-09-14 06:05:00
20260914-101005-dev-0027#1,2026-09-14,Greg,COURTYARD,paint,variant,,,2026-09-14 06:10:00
20260914-101324-design-0048#1,2026-09-14,Norm,MESS-CORRIDOR,layout,,,,2026-09-14 06:13:00
20260914-101559-dev-0029#1,2026-09-14,Greg,MESS-CORRIDOR,paint,ring,,,2026-09-14 06:15:00
20260914-101559-dev-0029#2,2026-09-14,Greg,MESS-CORRIDOR,paint,variant,,,2026-09-14 06:15:00
20260914-101831-dev-0030#1,2026-09-14,Greg,,meta,,,,2026-09-14 06:18:00
20260914-101935-dev-0031#1,2026-09-14,Greg,MESS-HALL,paint,variant,,,2026-09-14 06:19:00
20260914-101935-dev-0032#1,2026-09-14,Greg,KITCHEN,paint,variant,,,2026-09-14 06:19:00
20260914-102423-design-0052#1,2026-09-14,Norm,COURTYARD,paint,variant,,,2026-09-14 06:24:00
20260914-102806-dev-0033#1,2026-09-14,Greg,DORM-CORRIDOR,paint,variant,,,2026-09-14 06:28:00
20260914-103832-dev-0034#1,2026-09-14,Greg,COURTYARD,paint,variant,yes,sent back; re-delivery,2026-09-14 06:38:00
20260914-104235-design-0053#1,2026-09-14,Norm,MESS-CORRIDOR,paint,variant,,,2026-09-14 06:42:00
20260914-104407-dev-0035#1,2026-09-14,Greg,MESS-CORRIDOR,paint,variant,yes,R2+,2026-09-14 06:44:00
20260914-104516-design-0054#1,2026-09-14,Norm,MESS-CORRIDOR,paint,cap,,,2026-09-14 06:45:00
20260914-104632-dev-0036#1,2026-09-14,Greg,MESS-CORRIDOR,paint,cap,yes,R2+,2026-09-14 06:46:00
20260914-105719-design-0055#1,2026-09-14,Norm,COURTYARD,paint,ring,yes,re-delivery,2026-09-14 06:57:00
20260914-110846-design-0056#1,2026-09-14,Norm,MESS-CORRIDOR,paint,cap,yes,R2+,2026-09-14 07:08:00
20260914-111846-design-0057#1,2026-09-14,Norm,KITCHEN,layout,,,,2026-09-14 07:18:00
20260914-112143-dev-0038#1,2026-09-14,Greg,KITCHEN,meta,,,,2026-09-14 07:21:00
20260914-112143-dev-0038#2,2026-09-14,Greg,KITCHEN,paint,ring,yes,R2+,2026-09-14 07:21:00
20260914-112217-dev-0039#1,2026-09-14,Greg,MESS-CORRIDOR,objects,,,,2026-09-14 07:22:00
20260914-112850-dev-0040#1,2026-09-14,Greg,,meta,,,,2026-09-14 07:28:00
20260914-115733-design-0058#1,2026-09-14,Norm,MESS-CORRIDOR,paint,variant,,,2026-09-14 07:57:00
20260914-120732-dev-0041#1,2026-09-14,Greg,MESS-CORRIDOR,paint,ring,,,2026-09-14 08:07:00
20260914-120753-design-0060#1,2026-09-14,Norm,KITCHEN,layout,,yes,R2+,2026-09-14 08:07:00
20260914-120940-design-0061#1,2026-09-14,Norm,MESS-CORRIDOR,paint,ring,,,2026-09-14 08:09:00
20260914-121422-dev-0042#1,2026-09-14,Greg,KITCHEN,paint,seed,,,2026-09-14 08:14:00
20260914-121422-dev-0042#2,2026-09-14,Greg,KITCHEN,paint,cap,,,2026-09-14 08:14:00
20260914-122240-design-0062#1,2026-09-14,Norm,KITCHEN,layout,,,,2026-09-14 08:22:00
20260914-123215-design-0063#1,2026-09-14,Norm,MESS-HALL,layout,,,,2026-09-14 08:32:00
20260914-124933-design-0064#1,2026-09-14,Norm,DORM-CORRIDOR,layout,,,,2026-09-14 08:49:00
20260914-125505-dev-0044#1,2026-09-14,Greg,MESS-HALL,paint,ring,,,2026-09-14 08:55:00
20260914-125525-dev-0045#1,2026-09-14,Greg,DORM-CORRIDOR,paint,seed,,,2026-09-14 08:55:00
20260914-125707-dev-0046#1,2026-09-14,Greg,KITCHEN,paint,variant,,,2026-09-14 08:57:00
20260914-130145-design-0065#1,2026-09-14,Norm,,meta,,,,2026-09-14 09:01:00
20260914-130817-design-0066#1,2026-09-14,Norm,KITCHEN,layout,,,,2026-09-14 09:08:00
20260914-131054-dev-0048#1,2026-09-14,Greg,KITCHEN,paint,variant,yes,sent back; re-delivery,2026-09-14 09:10:00
20260914-132704-design-0069#1,2026-09-14,Norm,,layout,,,,2026-09-14 09:27:00
20260914-133130-design-0070#1,2026-09-14,Norm,MESS-HALL,layout,,,,2026-09-14 09:31:00
20260914-133630-design-0071#1,2026-09-14,Norm,DORM-CORRIDOR,paint,cap,,,2026-09-14 09:36:00
20260914-134633-design-0072#1,2026-09-14,Norm,STORAGE-WEST,layout,,,,2026-09-14 09:46:00
20260914-134907-dev-0049#1,2026-09-14,Greg,MESS-HALL,paint,cap,,,2026-09-14 09:49:00
20260914-134908-dev-0050#1,2026-09-14,Greg,DORM-CORRIDOR,paint,cap,,,2026-09-14 09:49:00
20260914-135749-design-0073#1,2026-09-14,Norm,MESS-HALL,layout,,,,2026-09-14 09:57:00
20260914-140055-dev-0052#1,2026-09-14,Greg,MESS-HALL,paint,variant,,,2026-09-14 10:00:00
20260914-140402-design-0074#1,2026-09-14,Norm,DORM-CORRIDOR,paint,variant,,,2026-09-14 10:04:00
20260914-141414-design-0075#1,2026-09-14,Norm,MESS-HALL,paint,ring,,,2026-09-14 10:14:00
20260914-141510-dev-0054#1,2026-09-14,Greg,MESS-HALL,paint,variant,yes,re-delivery,2026-09-14 10:15:00
20260914-142658-design-0077#1,2026-09-14,Norm,PLAIN-HALL,layout,,,,2026-09-14 10:26:00
20260914-142816-dev-0055#1,2026-09-14,Greg,KITCHEN,paint,variant,,,2026-09-14 10:28:00
20260914-143819-design-0078#1,2026-09-14,Norm,KITCHEN,layout,,yes,user change,2026-09-14 10:38:00
20260914-143950-dev-0057#1,2026-09-14,Greg,KITCHEN,paint,ring,yes,re-delivery; R2+,2026-09-14 10:39:00
20260914-145658-design-0079#1,2026-09-14,Norm,KITCHEN,layout,,yes,re-delivery; R2+,2026-09-14 10:56:00
20260914-150610-dev-0058#1,2026-09-14,Greg,KITCHEN,paint,cap,,,2026-09-14 11:06:00
20260914-150729-dev-0059#1,2026-09-14,Greg,LAWANDA-PLATFORM,paint,variant,yes,sent back,2026-09-14 11:07:00
20260914-150729-dev-0060#1,2026-09-14,Greg,SYSTEMS-CORRIDOR-WEST,paint,seed,yes,sent back,2026-09-14 11:07:00
20260914-150729-dev-0061#1,2026-09-14,Greg,SYSTEMS-CORRIDOR,paint,variant,,,2026-09-14 11:07:00
20260914-150730-dev-0062#1,2026-09-14,Greg,SYSTEMS-CORRIDOR-EAST,paint,variant,yes,R2+,2026-09-14 11:07:00
20260914-150730-dev-0063#1,2026-09-14,Greg,INFIRMARY,paint,seed,yes,sent back; R2+,2026-09-14 11:07:00
20260914-150807-design-0080#1,2026-09-14,Norm,WEST-WING,layout,,,,2026-09-14 11:08:00
20260914-151416-dev-0065#1,2026-09-14,Greg,WEST-WING,paint,cap,yes,sent back,2026-09-14 11:14:00
20260914-153116-design-0081#1,2026-09-14,Norm,KITCHEN,layout,,,,2026-09-14 11:31:00
20260914-153727-design-0082#1,2026-09-14,Norm,LAWANDA-PLATFORM,layout,,,,2026-09-14 11:37:00
20260914-154414-dev-0068#1,2026-09-14,Greg,LAWANDA-PLATFORM,paint,seed,,,2026-09-14 11:44:00
20260914-154935-design-0083#1,2026-09-14,Norm,SYSTEMS-CORRIDOR-WEST,layout,,,,2026-09-14 11:49:00
20260914-155238-dev-0069#1,2026-09-14,Greg,MESS-HALL,paint,seed,,,2026-09-14 11:52:00
20260914-155324-dev-0070#1,2026-09-14,Greg,REC-CORRIDOR,meta,,,,2026-09-14 11:53:00
20260914-155324-dev-0071#1,2026-09-14,Greg,REC-AREA,meta,,yes,sent back,2026-09-14 11:53:00
20260914-155324-dev-0072#1,2026-09-14,Greg,CORRIDOR-JUNCTION,meta,,,,2026-09-14 11:53:00
20260914-155324-dev-0073#1,2026-09-14,Greg,PLAIN-HALL,meta,,yes,sent back,2026-09-14 11:53:00
20260914-155506-dev-0074#1,2026-09-14,Greg,SYSTEMS-CORRIDOR-WEST,paint,seed,,,2026-09-14 11:55:00
20260914-160052-dev-0075#1,2026-09-14,Greg,STORAGE-WEST,paint,variant,,,2026-09-14 12:00:00
20260914-160259-design-0084#1,2026-09-14,Norm,MESS-HALL,layout,,,,2026-09-14 12:02:00
20260914-160345-dev-0076#1,2026-09-14,Greg,KITCHEN,objects,,yes,user change,2026-09-14 12:03:00
20260914-161223-dev-0077#1,2026-09-14,Greg,MESS-HALL,paint,cap,yes,R2+,2026-09-14 12:12:00
20260914-161223-dev-0077#2,2026-09-14,Greg,MESS-HALL,paint,seed,yes,R2+,2026-09-14 12:12:00
20260914-162604-dev-0078#1,2026-09-14,Greg,GANGWAY,meta,,yes,sent back; R2+,2026-09-14 12:26:00
20260914-162605-dev-0079#1,2026-09-14,Greg,DECK-EIGHT,meta,,yes,sent back,2026-09-14 12:26:00
20260914-162605-dev-0080#1,2026-09-14,Greg,REACTOR-LOBBY,meta,,yes,sent back,2026-09-14 12:26:00
20260914-162605-dev-0081#1,2026-09-14,Greg,BRIG,paint,variant,yes,sent back,2026-09-14 12:26:00
20260914-162616-design-0085#1,2026-09-14,Norm,KITCHEN,objects,,yes,user change,2026-09-14 12:26:00
20260914-162616-design-0085#2,2026-09-14,Norm,KITCHEN,layout,,yes,user change,2026-09-14 12:26:00
20260914-170913-design-0087#1,2026-09-14,Norm,MESS-HALL,layout,,,,2026-09-14 13:09:00
20260914-171304-design-0088#1,2026-09-14,Norm,STORAGE-WEST,layout,,,,2026-09-14 13:13:00
20260914-175041-design-0092#1,2026-09-14,Norm,LAWANDA-PLATFORM,layout,,,,2026-09-14 13:50:00
20260914-175909-design-0097#1,2026-09-14,Norm,BRIG,layout,,,,2026-09-14 13:59:00
20260914-181430-design-0098#1,2026-09-14,Norm,LAWANDA-PLATFORM,layout,,yes,re-delivery; R2+,2026-09-14 14:14:00
20260914-184114-design-0100#1,2026-09-14,Norm,LAWANDA-PLATFORM,paint,ring,,,2026-09-14 14:41:00
20260914-191400-design-0103#1,2026-09-14,Norm,LAWANDA-PLATFORM,paint,variant,yes,R2+,2026-09-14 15:14:00
20260914-191400-design-0103#2,2026-09-14,Norm,LAWANDA-PLATFORM,paint,variant,yes,R2+,2026-09-14 15:14:00
20260914-193104-design-0104#1,2026-09-14,Norm,BRIG,paint,ring,yes,R2+,2026-09-14 15:31:00
20260914-195120-design-0107#1,2026-09-14,Norm,SYSTEMS-CORRIDOR,layout,,,,2026-09-14 15:51:00
20260914-200253-design-0108#1,2026-09-14,Norm,SYSTEMS-CORRIDOR-EAST,layout,,yes,R2+,2026-09-14 16:02:00
20260914-204506-design-0109#1,2026-09-14,Norm,SYSTEMS-CORRIDOR,paint,variant,yes,R2+,2026-09-14 16:45:00
20260914-204728-design-0110#1,2026-09-14,Norm,SYSTEMS-CORRIDOR-EAST,paint,ring,yes,R2+,2026-09-14 16:47:00
20260914-204735-dev-0106#1,2026-09-14,Greg,BRIG,paint,ring,yes,user change; re-delivery; R2+,2026-09-14 16:47:00
20260914-210225-design-0111#1,2026-09-14,Norm,BRIG,paint,ring,yes,re-delivery; R2+; user change,2026-09-14 17:02:00
20260914-210323-dev-0109#1,2026-09-14,Greg,BRIG,paint,ring,yes,R2+; sent back; user change; re-delivery,2026-09-14 17:03:00
20260914-211224-design-0112#1,2026-09-14,Norm,BRIG,paint,ring,yes,re-delivery; R2+; user change,2026-09-14 17:12:00
20260914-211339-dev-0110#1,2026-09-14,Greg,BRIG,paint,ring,yes,R2+; sent back; user change; re-delivery,2026-09-14 17:13:00
20260914-214455-design-0113#1,2026-09-14,Norm,BRIG,layout,,yes,R2+; user change,2026-09-14 17:44:00
20260914-223503-design-0115#1,2026-09-14,Norm,BRIG,paint,ring,yes,re-delivery; R2+; user change,2026-09-14 18:35:00
20260914-223610-dev-0118#1,2026-09-14,Greg,BRIG,paint,ring,yes,R2+; sent back; user change; re-delivery,2026-09-14 18:36:00
20260914-230710-design-0117#1,2026-09-14,Norm,BRIG,paint,ring,yes,re-delivery; R2+; user change,2026-09-14 19:07:00
20260914-231817-design-0118#1,2026-09-14,Norm,ESCAPE-POD,layout,,yes,R2+,2026-09-14 19:18:00
20260914-231929-dev-0121#1,2026-09-14,Greg,ESCAPE-POD,paint,ring,yes,R2+; sent back; re-delivery,2026-09-14 19:19:00
20260914-232234-dev-0123#1,2026-09-14,Greg,ESCAPE-POD,layout,,yes,R2+; re-delivery,2026-09-14 19:22:00
20260914-232641-design-0119#1,2026-09-14,Norm,ESCAPE-POD,paint,ring,yes,re-delivery; R2+,2026-09-14 19:26:00
20260914-233521-design-0120#1,2026-09-14,Norm,ESCAPE-POD,paint,ring,yes,re-delivery; R2+,2026-09-14 19:35:00
20260914-233521-design-0120#2,2026-09-14,Norm,ESCAPE-POD,paint,ring,yes,re-delivery; R2+,2026-09-14 19:35:00
20260914-234721-design-0121#1,2026-09-14,Norm,ESCAPE-POD,paint,ring,yes,R2+,2026-09-14 19:47:00
20260914-235754-design-0122#1,2026-09-14,Norm,ESCAPE-POD,paint,ring,yes,R2+,2026-09-14 19:57:00
20260915-001055-design-0123#1,2026-09-14,Norm,ESCAPE-POD,paint,cap,yes,R2+,2026-09-14 20:10:00
20260915-002255-design-0124#1,2026-09-14,Norm,ESCAPE-POD,paint,variant,yes,R2+,2026-09-14 20:22:00
20260915-002747-dev-0129#1,2026-09-14,Greg,ESCAPE-POD,paint,cap,yes,sent back; re-delivery; R2+,2026-09-14 20:27:00
20260915-003310-design-0125#1,2026-09-14,Norm,ESCAPE-POD,paint,cap,yes,re-delivery; R2+,2026-09-14 20:33:00
20260915-004512-dev-0130#1,2026-09-14,Greg,ESCAPE-POD,paint,cap,yes,R2+; sent back; re-delivery,2026-09-14 20:45:00
20260915-004634-design-0126#1,2026-09-14,Norm,ESCAPE-POD,paint,variant,,,2026-09-14 20:46:00
20260915-013833-design-0129#1,2026-09-14,Norm,MESS-HALL,paint,variant,yes,R2+,2026-09-14 21:38:00
20260915-014302-dev-0133#1,2026-09-14,Greg,MESS-HALL,paint,variant,yes,R2+; sent back; re-delivery,2026-09-14 21:43:00
20260915-015813-design-0131#1,2026-09-14,Norm,MESS-HALL,paint,variant,yes,re-delivery; R2+,2026-09-14 21:58:00
20260915-021732-design-0132#1,2026-09-14,Norm,MESS-CORRIDOR,paint,variant,yes,user change,2026-09-14 22:17:00
20260915-022803-design-0133#1,2026-09-14,Norm,STORAGE-WEST,paint,ring,yes,re-delivery; R2+,2026-09-14 22:28:00
20260915-024910-design-0134#1,2026-09-14,Norm,KITCHEN,paint,variant,yes,user change,2026-09-14 22:49:00
20260915-025025-dev-0139#1,2026-09-14,Greg,KITCHEN,paint,ring,yes,user change,2026-09-14 22:50:00
20260915-025355-dev-0140#1,2026-09-14,Greg,CONFERENCE-ROOM,paint,seed,,,2026-09-14 22:53:00
20260915-025355-dev-0141#1,2026-09-14,Greg,BOOTH-1,paint,seed,,,2026-09-14 22:53:00
20260915-025355-dev-0142#1,2026-09-14,Greg,ADMIN-CORRIDOR-S,paint,seed,yes,R2+,2026-09-14 22:53:00
20260915-025355-dev-0143#1,2026-09-14,Greg,ADMIN-CORRIDOR,paint,seed,,,2026-09-14 22:53:00
20260915-025355-dev-0144#1,2026-09-14,Greg,ADMIN-CORRIDOR-N,paint,seed,,,2026-09-14 22:53:00
20260915-025355-dev-0145#1,2026-09-14,Greg,SANFAC-E,paint,seed,yes,R2+,2026-09-14 22:53:00
20260915-025355-dev-0146#1,2026-09-14,Greg,SYSTEMS-MONITORS,paint,seed,yes,R2+,2026-09-14 22:53:00
20260915-025355-dev-0147#1,2026-09-14,Greg,PLAN-ROOM,paint,seed,,,2026-09-14 22:53:00
20260915-025355-dev-0148#1,2026-09-14,Greg,TRANSPORTATION-SUPPLY,paint,seed,,,2026-09-14 22:53:00
20260915-025356-dev-0149#1,2026-09-14,Greg,SMALL-OFFICE,paint,seed,,,2026-09-14 22:53:00
20260915-025356-dev-0150#1,2026-09-14,Greg,LARGE-OFFICE,paint,seed,,,2026-09-14 22:53:00
20260915-030438-design-0135#1,2026-09-14,Norm,STORAGE-WEST,paint,variant,,,2026-09-14 23:04:00
20260915-033732-design-0136#1,2026-09-14,Norm,KITCHEN,paint,cap,yes,re-delivery; R2+; user change,2026-09-14 23:37:00
20260915-033812-design-0137#1,2026-09-14,Norm,KITCHEN,layout,,yes,user change,2026-09-14 23:38:00
20260915-035528-design-0138#1,2026-09-14,Norm,STORAGE-WEST,paint,variant,yes,R2+,2026-09-14 23:55:00
20260915-040318-dev-0153#1,2026-09-15,Greg,STORAGE-WEST,paint,variant,,,2026-09-15 00:03:00
20260915-041155-design-0139#1,2026-09-15,Norm,CONFERENCE-ROOM,paint,cap,,,2026-09-15 00:11:00
20260915-041955-dev-0155#1,2026-09-15,Greg,CONFERENCE-ROOM,paint,cap,yes,R2+; sent back,2026-09-15 00:19:00
20260915-042249-design-0141#1,2026-09-15,Norm,STORAGE-WEST,paint,variant,,,2026-09-15 00:22:00
20260915-042540-dev-0156#1,2026-09-15,Greg,STORAGE-WEST,layout,,,,2026-09-15 00:25:00
20260915-044536-design-0142#1,2026-09-15,Norm,DECK-NINE,paint,variant,,,2026-09-15 00:45:00
20260915-044631-design-0143#1,2026-09-15,Norm,CONFERENCE-ROOM,paint,cap,yes,re-delivery; R2+,2026-09-15 00:46:00
20260915-044953-design-0144#1,2026-09-15,Norm,CONFERENCE-ROOM,paint,cap,,,2026-09-15 00:49:00
20260915-050743-design-0145#1,2026-09-15,Norm,CONFERENCE-ROOM,paint,cap,yes,R2+,2026-09-15 01:07:00
20260915-051104-dev-0159#1,2026-09-15,Greg,CONFERENCE-ROOM,paint,cap,yes,R2+; sent back; re-delivery,2026-09-15 01:11:00
20260915-051104-dev-0159#2,2026-09-15,Greg,CONFERENCE-ROOM,meta,,yes,sent back; re-delivery; R2+,2026-09-15 01:11:00
20260915-051743-design-0146#1,2026-09-15,Norm,CONFERENCE-ROOM,paint,variant,yes,re-delivery; R2+,2026-09-15 01:17:00
20260915-052658-design-0147#1,2026-09-15,Norm,CONFERENCE-ROOM,paint,variant,yes,re-delivery; R2+,2026-09-15 01:26:00
20260915-053121-design-0148#1,2026-09-15,Norm,BOOTH-1,paint,ring,,,2026-09-15 01:31:00
20260915-054302-design-0149#1,2026-09-15,Norm,BOOTH-1,paint,variant,yes,re-delivery,2026-09-15 01:43:00
20260915-055801-design-0150#1,2026-09-15,Norm,BOOTH-1,paint,variant,,,2026-09-15 01:58:00
20260915-061125-design-0151#1,2026-09-15,Norm,BOOTH-1,paint,cap,,,2026-09-15 02:11:00
20260915-061931-design-0152#1,2026-09-15,Norm,BOOTH-1,paint,variant,yes,R2+,2026-09-15 02:19:00
20260915-101904-dev-0166#1,2026-09-15,Greg,MECH-CORRIDOR-N,paint,seed,,,2026-09-15 06:19:00
20260915-101904-dev-0167#1,2026-09-15,Greg,MECH-CORRIDOR,paint,seed,,,2026-09-15 06:19:00
20260915-101905-dev-0168#1,2026-09-15,Greg,MECH-CORRIDOR-S,paint,seed,,,2026-09-15 06:19:00
20260915-101905-dev-0169#1,2026-09-15,Greg,STORAGE-EAST,paint,seed,,,2026-09-15 06:19:00
20260915-101905-dev-0170#1,2026-09-15,Greg,PHYSICAL-PLANT,paint,seed,,,2026-09-15 06:19:00
20260915-101905-dev-0171#1,2026-09-15,Greg,TOOL-ROOM,paint,seed,,,2026-09-15 06:19:00
20260915-101905-dev-0172#1,2026-09-15,Greg,MACHINE-SHOP,paint,seed,,,2026-09-15 06:19:00
20260915-101905-dev-0173#1,2026-09-15,Greg,ROBOT-SHOP,paint,seed,,,2026-09-15 06:19:00
20260915-101905-dev-0174#1,2026-09-15,Greg,REACTOR-CONTROL,paint,seed,,,2026-09-15 06:19:00
20260915-101905-dev-0175#1,2026-09-15,Greg,REACTOR-ACCESS-STAIRS,paint,seed,,,2026-09-15 06:19:00
20260915-101905-dev-0176#1,2026-09-15,Greg,REACTOR-ELEVATOR,paint,seed,,,2026-09-15 06:19:00
20260915-143822-design-0153#1,2026-09-15,Norm,ADMIN-CORRIDOR-S,paint,cap,,,2026-09-15 10:38:00
20260915-144513-design-0154#1,2026-09-15,Norm,GANGWAY,paint,seed,,,2026-09-15 10:45:00
20260915-144604-dev-0180#1,2026-09-15,Greg,UNDERWATER,meta,,,,2026-09-15 10:46:00
20260915-150106-design-0156#1,2026-09-15,Norm,ESCAPE-POD,paint,variant,,,2026-09-15 11:01:00
20260915-150617-dev-0182#1,2026-09-15,Greg,ESCAPE-POD,paint,ring,,,2026-09-15 11:06:00
20260915-150617-dev-0182#2,2026-09-15,Greg,ESCAPE-POD,paint,ring,yes,R2+,2026-09-15 11:06:00
20260915-150910-design-0157#1,2026-09-15,Norm,ESCAPE-POD,paint,variant,,,2026-09-15 11:09:00
20260915-155319-design-0160#1,2026-09-15,Norm,GANGWAY,paint,cap,yes,R2+,2026-09-15 11:53:00
20260915-185010-dev-0185#1,2026-09-15,Greg,GANGWAY,paint,cap,yes,sent back; R2+,2026-09-15 14:50:00
20260915-185048-dev-0186#1,2026-09-15,Greg,ESCAPE-POD,tools,,,,2026-09-15 14:50:00
20260915-185222-dev-0187#1,2026-09-15,Greg,ADMIN-CORRIDOR-S,paint,ring,yes,sent back; re-delivery; R2+,2026-09-15 14:52:00
20260915-192557-design-0161#1,2026-09-15,Norm,DECK-EIGHT,paint,cap,,,2026-09-15 15:25:00
20260916-091726-dev-0188#1,2026-09-16,Greg,UNDERWATER,layout,,,,2026-09-16 05:17:00
20260916-091756-dev-0189#1,2026-09-16,Greg,DECK-EIGHT,paint,cap,,,2026-09-16 05:17:00
20260916-092144-design-0162#1,2026-09-16,Norm,GANGWAY,paint,variant,yes,R2+,2026-09-16 05:21:00
20260916-092457-dev-0190#1,2026-09-16,Greg,GANGWAY,paint,variant,,,2026-09-16 05:24:00
20260916-092645-design-0163#1,2026-09-16,Norm,ADMIN-CORRIDOR-S,paint,cap,yes,re-delivery; R2+,2026-09-16 05:26:00
20260916-092816-dev-0191#1,2026-09-16,Greg,ADMIN-CORRIDOR-S,paint,cap,,,2026-09-16 05:28:00
20260916-093615-design-0164#1,2026-09-16,Norm,UNDERWATER,paint,ring,yes,R2+,2026-09-16 05:36:00
20260916-093840-design-0165#1,2026-09-16,Norm,UNDERWATER,paint,ring,,,2026-09-16 05:38:00
20260916-094233-dev-0192#1,2026-09-16,Greg,UNDERWATER,paint,cap,yes,R2+,2026-09-16 05:42:00
20260916-094722-design-0166#1,2026-09-16,Norm,GANGWAY,paint,variant,,,2026-09-16 05:47:00
20260916-095436-design-0167#1,2026-09-16,Norm,UNDERWATER,paint,seed,yes,R2+,2026-09-16 05:54:00
20260916-095802-dev-0194#1,2026-09-16,Greg,UNDERWATER,paint,cap,yes,R2+,2026-09-16 05:58:00
20260916-101215-design-0168#1,2026-09-16,Norm,UNDERWATER,paint,cap,yes,R2+,2026-09-16 06:12:00
20260916-101711-dev-0195#1,2026-09-16,Greg,UNDERWATER,paint,seed,yes,re-delivery; R2+,2026-09-16 06:17:00
20260916-102149-design-0169#1,2026-09-16,Norm,DECK-EIGHT,paint,cap,,,2026-09-16 06:21:00
20260916-104714-design-0170#1,2026-09-16,Norm,ESCAPE-POD,paint,variant,yes,re-delivery; R2+,2026-09-16 06:47:00
20260916-104823-dev-0196#1,2026-09-16,Greg,DECK-EIGHT,paint,cap,yes,user change; R2+,2026-09-16 06:48:00
20260916-105256-dev-0197#1,2026-09-16,Greg,ESCAPE-POD,layout,,yes,R2+,2026-09-16 06:52:00
20260916-110046-design-0171#1,2026-09-16,Norm,DECK-EIGHT,paint,cap,yes,R2+,2026-09-16 07:00:00
20260916-110517-dev-0199#1,2026-09-16,Greg,DECK-EIGHT,layout,,,,2026-09-16 07:05:00
20260916-111630-design-0172#1,2026-09-16,Norm,REACTOR-LOBBY,paint,cap,yes,R2+,2026-09-16 07:16:00
20260916-112806-design-0173#1,2026-09-16,Norm,ESCAPE-POD,paint,variant,yes,re-delivery; R2+,2026-09-16 07:28:00
20260916-113509-design-0174#1,2026-09-16,Norm,REACTOR-LOBBY,paint,cap,yes,R2+,2026-09-16 07:35:00
20260916-114326-dev-0201#1,2026-09-16,Greg,UNDERWATER,paint,variant,yes,user change,2026-09-16 07:43:00
20260916-115557-design-0175#1,2026-09-16,Norm,UNDERWATER,paint,variant,yes,user change,2026-09-16 07:55:00
20260916-115701-dev-0202#1,2026-09-16,Greg,REACTOR-LOBBY,paint,variant,,,2026-09-16 07:57:00
20260916-120438-design-0176#1,2026-09-16,Norm,REACTOR-LOBBY,paint,cap,,,2026-09-16 08:04:00
20260916-121939-design-0178#1,2026-09-16,Norm,INFIRMARY,paint,cap,yes,R2+,2026-09-16 08:19:00
20260916-124553-design-0179#1,2026-09-16,Norm,INFIRMARY,paint,cap,,,2026-09-16 08:45:00
20260916-124806-dev-0206#1,2026-09-16,Greg,ESCAPE-POD,paint,variant,yes,user change; R2+,2026-09-16 08:48:00
20260916-124806-dev-0206#2,2026-09-16,Greg,ESCAPE-POD,paint,ring,yes,user change,2026-09-16 08:48:00
20260916-125711-dev-0207#1,2026-09-16,Greg,ESCAPE-POD,layout,,yes,user change,2026-09-16 08:57:00
20260916-125936-design-0180#1,2026-09-16,Norm,WEST-WING,paint,variant,,,2026-09-16 08:59:00
20260916-131005-design-0181#1,2026-09-16,Norm,WEST-WING,paint,cap,yes,R2+,2026-09-16 09:10:00
20260916-131015-dev-0208#1,2026-09-16,Greg,ESCAPE-POD,paint,variant,yes,user change; R2+,2026-09-16 09:10:00
20260916-132646-dev-0209#1,2026-09-16,Greg,INFIRMARY,paint,cap,yes,re-delivery; R2+,2026-09-16 09:26:00
20260916-133115-dev-0210#1,2026-09-16,Greg,WEST-WING,paint,cap,yes,R2+,2026-09-16 09:31:00
20260916-134053-design-0182#1,2026-09-16,Norm,ESCAPE-POD,paint,variant,yes,R2+; user change,2026-09-16 09:40:00
20260916-134441-dev-0211#1,2026-09-16,Greg,ESCAPE-POD,paint,ring,yes,sent back; user change; re-delivery; R2+,2026-09-16 09:44:00
20260916-135416-design-0183#1,2026-09-16,Norm,INFIRMARY,paint,cap,yes,re-delivery; R2+,2026-09-16 09:54:00
20260916-135436-dev-0212#1,2026-09-16,Greg,DECK-NINE,paint,variant,yes,R2+,2026-09-16 09:54:00
20260916-135529-design-0184#1,2026-09-16,Norm,WEST-WING,paint,cap,yes,R2+,2026-09-16 09:55:00
20260916-141937-design-0185#1,2026-09-16,Norm,ESCAPE-POD,paint,ring,yes,re-delivery; R2+; user change,2026-09-16 10:19:00
20260916-142229-dev-0215#1,2026-09-16,Greg,ESCAPE-POD,paint,variant,yes,user change; re-delivery,2026-09-16 10:22:00
20260916-144349-design-0186#1,2026-09-16,Norm,ESCAPE-POD,paint,cap,yes,re-delivery; user change,2026-09-16 10:43:00
20260916-144752-dev-0216#1,2026-09-16,Greg,ESCAPE-POD,paint,ring,yes,user change; R2+,2026-09-16 10:47:00
20260916-145751-design-0187#1,2026-09-16,Norm,ESCAPE-POD,paint,variant,yes,re-delivery; R2+; user change,2026-09-16 10:57:00
20260916-151617-dev-0217#1,2026-09-16,Greg,ESCAPE-POD,paint,ring,yes,user change; R2+,2026-09-16 11:16:00
20260916-152531-design-0188#1,2026-09-16,Norm,ESCAPE-POD,paint,variant,yes,R2+; user change,2026-09-16 11:25:00
20260916-153310-dev-0218#1,2026-09-16,Greg,ESCAPE-POD,paint,ring,yes,R2+; user change,2026-09-16 11:33:00
20260916-153522-design-0189#1,2026-09-16,Norm,ESCAPE-POD,paint,variant,yes,R2+; user change,2026-09-16 11:35:00
20260916-153734-dev-0219#1,2026-09-16,Greg,DECK-NINE,paint,ring,yes,sent back; re-delivery; R2+,2026-09-16 11:37:00
20260916-154235-dev-0220#1,2026-09-16,Greg,ESCAPE-POD,paint,variant,yes,user change; R2+,2026-09-16 11:42:00
20260916-154427-design-0191#1,2026-09-16,Norm,DECK-NINE,paint,variant,yes,re-delivery; R2+,2026-09-16 11:44:00
20260916-154608-dev-0221#1,2026-09-16,Greg,DECK-NINE,paint,variant,,,2026-09-16 11:46:00
20260916-161517-design-0192#1,2026-09-16,Norm,ESCAPE-POD,paint,variant,yes,R2+; user change,2026-09-16 12:15:00
20260916-162456-dev-0222#1,2026-09-16,Greg,ESCAPE-POD,paint,ring,yes,user change,2026-09-16 12:24:00
20260916-163132-design-0194#1,2026-09-16,Norm,ADMIN-CORRIDOR-S,paint,seed,yes,re-delivery; R2+,2026-09-16 12:31:00
20260916-163739-dev-0223#1,2026-09-16,Greg,ESCAPE-POD,layout,,yes,user change,2026-09-16 12:37:00
20260916-163925-dev-0224#1,2026-09-16,Greg,ADMIN-CORRIDOR-S,paint,ring,,,2026-09-16 12:39:00
20260916-163925-dev-0224#2,2026-09-16,Greg,ADMIN-CORRIDOR-S,paint,ring,,,2026-09-16 12:39:00
20260916-164336-design-0196#1,2026-09-16,Norm,ADMIN-CORRIDOR,paint,seed,,,2026-09-16 12:43:00
20260916-164853-dev-0225#1,2026-09-16,Greg,ADMIN-CORRIDOR,paint,ring,yes,sent back; re-delivery; R2+,2026-09-16 12:48:00
20260916-164853-dev-0225#2,2026-09-16,Greg,ADMIN-CORRIDOR,paint,ring,yes,sent back; re-delivery; R2+,2026-09-16 12:48:00
20260916-171936-design-0199#1,2026-09-16,Norm,ESCAPE-POD,objects,,yes,user change,2026-09-16 13:19:00
20260916-173912-design-0202#1,2026-09-16,Norm,ADMIN-CORRIDOR,paint,seed,yes,re-delivery; R2+,2026-09-16 13:39:00
20260916-174718-design-0203#1,2026-09-16,Norm,ADMIN-CORRIDOR-S,paint,seed,,,2026-09-16 13:47:00
20260916-175646-design-0204#1,2026-09-16,Norm,ADMIN-CORRIDOR-N,paint,seed,,,2026-09-16 13:56:00
20260916-175711-dev-0227#1,2026-09-16,Greg,ESCAPE-POD,paint,ring,yes,user change,2026-09-16 13:57:00
20260916-180748-dev-0230#1,2026-09-16,Greg,ADMIN-CORRIDOR-S,paint,cap,,,2026-09-16 14:07:00
20260916-180748-dev-0230#2,2026-09-16,Greg,ADMIN-CORRIDOR-S,paint,cap,,,2026-09-16 14:07:00
20260916-181337-design-0206#1,2026-09-16,Norm,SANFAC-E,paint,seed,yes,R2+,2026-09-16 14:13:00
20260916-182446-design-0207#1,2026-09-16,Norm,ADMIN-CORRIDOR-S,paint,cap,,,2026-09-16 14:24:00
20260916-182837-dev-0233#1,2026-09-16,Greg,ADMIN-CORRIDOR-S,paint,variant,,,2026-09-16 14:28:00
20260916-183632-design-0208#1,2026-09-16,Norm,ADMIN-CORRIDOR-S,paint,variant,,,2026-09-16 14:36:00
20260916-183957-dev-0234#1,2026-09-16,Greg,,paint,ring,yes,R2+,2026-09-16 14:39:00
20260916-183957-dev-0234#2,2026-09-16,Greg,,paint,ring,,,2026-09-16 14:39:00
20260916-183957-dev-0234#3,2026-09-16,Greg,,paint,ring,,,2026-09-16 14:39:00
20260916-190405-design-0209#1,2026-09-16,Norm,SYSTEMS-MONITORS,paint,seed,yes,R2+,2026-09-16 15:04:00
20260916-191500-dev-0236#1,2026-09-16,Greg,SYSTEMS-MONITORS,meta,,yes,sent back; re-delivery; R2+,2026-09-16 15:15:00
20260916-191500-dev-0236#2,2026-09-16,Greg,SYSTEMS-MONITORS,paint,ring,yes,sent back,2026-09-16 15:15:00
20260916-192040-design-0210#1,2026-09-16,Norm,ADMIN-CORRIDOR,paint,ring,yes,R2+,2026-09-16 15:20:00
20260916-192315-design-0211#1,2026-09-16,Norm,ADMIN-CORRIDOR-N,paint,ring,,,2026-09-16 15:23:00
20260916-192626-design-0213#1,2026-09-16,Norm,SYSTEMS-MONITORS,paint,ring,yes,re-delivery; R2+,2026-09-16 15:26:00
20260916-192739-dev-0238#1,2026-09-16,Greg,,paint,ring,yes,sent back; re-delivery; R2+,2026-09-16 15:27:00
20260916-192739-dev-0238#2,2026-09-16,Greg,,paint,seed,yes,sent back; re-delivery; R2+,2026-09-16 15:27:00
20260916-192926-dev-0239#1,2026-09-16,Greg,SYSTEMS-MONITORS,paint,ring,,,2026-09-16 15:29:00
20260916-193716-design-0215#1,2026-09-16,Norm,ADMIN-CORRIDOR,paint,ring,yes,re-delivery; R2+,2026-09-16 15:37:00
20260916-193716-design-0216#1,2026-09-16,Norm,ADMIN-CORRIDOR-N,paint,ring,yes,re-delivery; R2+,2026-09-16 15:37:00
20260916-194237-dev-0240#1,2026-09-16,Greg,,paint,seed,yes,sent back; re-delivery; R2+,2026-09-16 15:42:00
20260916-194414-dev-0243#1,2026-09-16,Greg,ADMIN-CORRIDOR,paint,cap,,,2026-09-16 15:44:00
20260916-194414-dev-0243#2,2026-09-16,Greg,ADMIN-CORRIDOR,paint,cap,,,2026-09-16 15:44:00
20260916-194811-design-0217#1,2026-09-16,Norm,SANFAC-E,paint,ring,,,2026-09-16 15:48:00
20260916-195355-design-0218#1,2026-09-16,Norm,ADMIN-CORRIDOR-N,paint,ring,yes,re-delivery; R2+,2026-09-16 15:53:00
20260916-200130-dev-0245#1,2026-09-16,Greg,SANFAC-E,paint,seed,yes,sent back; re-delivery; R2+,2026-09-16 16:01:00
20260916-200130-dev-0246#1,2026-09-16,Greg,ADMIN-CORRIDOR-N,paint,cap,,,2026-09-16 16:01:00
20260916-200350-design-0219#1,2026-09-16,Norm,ADMIN-CORRIDOR,paint,cap,,,2026-09-16 16:03:00
20260916-202054-design-0220#1,2026-09-16,Norm,SANFAC-E,paint,ring,yes,re-delivery; R2+,2026-09-16 16:20:00
20260916-203014-dev-0248#1,2026-09-16,Greg,SANFAC-E,paint,ring,yes,R2+; sent back; re-delivery,2026-09-16 16:30:00
20260916-203111-design-0221#1,2026-09-16,Norm,ADMIN-CORRIDOR-N,paint,cap,,,2026-09-16 16:31:00
20260916-204211-design-0222#1,2026-09-16,Norm,SANFAC-E,paint,seed,yes,re-delivery; R2+,2026-09-16 16:42:00
20260916-205819-design-0223#1,2026-09-16,Norm,PLAN-ROOM,paint,seed,,,2026-09-16 16:58:00
20260916-211857-design-0224#1,2026-09-16,Norm,TRANSPORTATION-SUPPLY,paint,seed,,,2026-09-16 17:18:00
20260916-213624-design-0225#1,2026-09-16,Norm,SMALL-OFFICE,paint,seed,,,2026-09-16 17:36:00
20260916-214954-design-0226#1,2026-09-16,Norm,LARGE-OFFICE,paint,seed,,,2026-09-16 17:49:00
20260916-215708-design-0227#1,2026-09-16,Norm,MECH-CORRIDOR-N,paint,seed,,,2026-09-16 17:57:00
20260916-220405-design-0228#1,2026-09-16,Norm,MECH-CORRIDOR,paint,seed,,,2026-09-16 18:04:00
20260916-221115-design-0229#1,2026-09-16,Norm,MECH-CORRIDOR-S,paint,seed,,,2026-09-16 18:11:00
20260916-221911-design-0230#1,2026-09-16,Norm,STORAGE-EAST,paint,seed,,,2026-09-16 18:19:00
20260916-222713-design-0231#1,2026-09-16,Norm,PHYSICAL-PLANT,paint,seed,,,2026-09-16 18:27:00
20260916-223511-design-0232#1,2026-09-16,Norm,TOOL-ROOM,paint,seed,,,2026-09-16 18:35:00
20260916-224614-design-0233#1,2026-09-16,Norm,MACHINE-SHOP,paint,seed,,,2026-09-16 18:46:00
20260916-225540-design-0234#1,2026-09-16,Norm,ROBOT-SHOP,paint,seed,,,2026-09-16 18:55:00
20260916-230750-design-0235#1,2026-09-16,Norm,REACTOR-CONTROL,paint,seed,,,2026-09-16 19:07:00
20260916-232038-design-0236#1,2026-09-16,Norm,REACTOR-ACCESS-STAIRS,paint,seed,,,2026-09-16 19:20:00
20260916-233132-dev-0252#1,2026-09-16,Greg,ESCAPE-POD-WEB,paint,ring,,,2026-09-16 19:31:00
20260916-233132-dev-0252#2,2026-09-16,Greg,ESCAPE-POD-WEB,meta,,,,2026-09-16 19:31:00
20260916-233301-design-0237#1,2026-09-16,Norm,REACTOR-ELEVATOR,paint,seed,,,2026-09-16 19:33:00
20260916-234109-design-0238#1,2026-09-16,Norm,ESCAPE-POD-WEB,paint,variant,,,2026-09-16 19:41:00
20260917-000608-dev-0253#1,2026-09-16,Greg,ESCAPE-POD-WEB,paint,ring,yes,sent back; re-delivery,2026-09-16 20:06:00
20260917-001228-design-0239#1,2026-09-16,Norm,ESCAPE-POD-WEB,paint,variant,yes,re-delivery,2026-09-16 20:12:00
20260917-002232-design-0240#1,2026-09-16,Norm,ESCAPE-POD-WEB,paint,variant,,,2026-09-16 20:22:00
20260917-002703-dev-0257#1,2026-09-16,Greg,ESCAPE-POD-WEB,tools,,yes,sent back; re-delivery,2026-09-16 20:27:00
20260917-002753-design-0241#1,2026-09-16,Norm,ESCAPE-POD-WEB,paint,ring,,,2026-09-16 20:27:00
20260917-003150-design-0242#1,2026-09-16,Norm,ESCAPE-POD-WEB,paint,variant,yes,re-delivery,2026-09-16 20:31:00
20260917-003713-design-0243#1,2026-09-16,Norm,ESCAPE-POD-WEB,paint,ring,,,2026-09-16 20:37:00
20260917-003944-dev-0258#1,2026-09-16,Greg,ESCAPE-POD-WEB,paint,ring,yes,sent back; re-delivery,2026-09-16 20:39:00
20260917-003944-dev-0258#2,2026-09-16,Greg,ESCAPE-POD-WEB,paint,variant,yes,sent back; re-delivery,2026-09-16 20:39:00
20260917-003944-dev-0258#3,2026-09-16,Greg,ESCAPE-POD-WEB,paint,variant,yes,sent back; re-delivery,2026-09-16 20:39:00
20260917-004131-design-0244#1,2026-09-16,Norm,ESCAPE-POD-WEB,paint,variant,,,2026-09-16 20:41:00
20260917-004417-dev-0259#1,2026-09-16,Greg,ESCAPE-POD-WEB,paint,variant,yes,withdrawn; re-delivery,2026-09-16 20:44:00
20260917-004556-design-0245#1,2026-09-16,Norm,ESCAPE-POD-WEB,paint,variant,yes,re-delivery,2026-09-16 20:45:00
20260917-004839-dev-0260#1,2026-09-16,Greg,ESCAPE-POD-WEB,paint,ring,yes,sent back; re-delivery,2026-09-16 20:48:00
20260917-004927-design-0246#1,2026-09-16,Norm,ESCAPE-POD-WEB,paint,ring,yes,re-delivery,2026-09-16 20:49:00
20260917-005123-dev-0261#1,2026-09-16,Greg,ESCAPE-POD-WEB,paint,ring,yes,sent back; re-delivery,2026-09-16 20:51:00
20260917-005348-dev-0262#1,2026-09-16,Greg,ESCAPE-POD,paint,seed,yes,user change; re-delivery,2026-09-16 20:53:00
20260917-005804-dev-0263#1,2026-09-16,Greg,DECK-NINE,paint,variant,yes,re-delivery; R2+,2026-09-16 20:58:00
20260917-005907-design-0247#1,2026-09-16,Norm,ESCAPE-POD-WEB,paint,ring,yes,re-delivery,2026-09-16 20:59:00
20260917-010939-design-0248#1,2026-09-16,Norm,ESCAPE-POD,paint,cap,yes,re-delivery; user change,2026-09-16 21:09:00
20260917-011657-dev-0265#1,2026-09-16,Greg,ESCAPE-POD,layout,,yes,sent back; user change; re-delivery,2026-09-16 21:16:00
20260917-012129-design-0249#1,2026-09-16,Norm,ESCAPE-POD,paint,ring,yes,re-delivery; user change,2026-09-16 21:21:00
20260917-012321-dev-0266#1,2026-09-16,Greg,ESCAPE-POD,layout,,yes,user change; re-delivery,2026-09-16 21:23:00
20260917-013251-design-0250#1,2026-09-16,Norm,ESCAPE-POD,paint,variant,yes,re-delivery; user change,2026-09-16 21:32:00
20260917-013543-dev-0267#1,2026-09-16,Greg,ESCAPE-POD,paint,variant,yes,user change; re-delivery; R2+,2026-09-16 21:35:00
20260917-013543-dev-0267#2,2026-09-16,Greg,ESCAPE-POD,paint,variant,yes,user change; re-delivery,2026-09-16 21:35:00
20260917-014240-design-0251#1,2026-09-16,Norm,DECK-NINE,paint,ring,yes,re-delivery; R2+,2026-09-16 21:42:00
20260917-014906-design-0252#1,2026-09-16,Norm,ESCAPE-POD,paint,variant,yes,re-delivery; user change,2026-09-16 21:49:00
20260917-015512-design-0253#1,2026-09-16,Norm,ESCAPE-POD,paint,variant,yes,re-delivery; user change,2026-09-16 21:55:00
20260917-015910-dev-0268#1,2026-09-16,Greg,ESCAPE-POD,paint,variant,yes,withdrawn; user change; re-delivery,2026-09-16 21:59:00
20260917-020219-design-0254#1,2026-09-16,Norm,ESCAPE-POD,paint,variant,yes,re-delivery; user change,2026-09-16 22:02:00
20260917-020640-dev-0269#1,2026-09-16,Greg,ESCAPE-POD,paint,variant,yes,sent back; user change,2026-09-16 22:06:00
20260917-020938-design-0255#1,2026-09-16,Norm,ESCAPE-POD,paint,variant,yes,re-delivery; user change,2026-09-16 22:09:00
20260917-021248-dev-0270#1,2026-09-16,Greg,ESCAPE-POD,paint,variant,yes,user change,2026-09-16 22:12:00
20260917-021619-design-0256#1,2026-09-16,Norm,ESCAPE-POD,paint,ring,yes,user change,2026-09-16 22:16:00
20260917-021847-dev-0271#1,2026-09-16,Greg,ESCAPE-POD,paint,ring,yes,sent back; user change; re-delivery,2026-09-16 22:18:00
20260917-022231-design-0257#1,2026-09-16,Norm,ESCAPE-POD,paint,ring,yes,re-delivery; user change,2026-09-16 22:22:00
20260917-115850-design-0262#1,2026-09-17,Norm,REC-CORRIDOR,paint,seed,yes,R2+,2026-09-17 07:58:00
20260917-120407-design-0263#1,2026-09-17,Norm,REC-AREA,paint,seed,,,2026-09-17 08:04:00
20260917-121908-design-0264#1,2026-09-17,Norm,CORRIDOR-JUNCTION,paint,seed,yes,R2+,2026-09-17 08:19:00
20260917-122921-dev-0275#1,2026-09-17,Greg,,paint,variant,,,2026-09-17 08:29:00
20260917-123527-design-0265#1,2026-09-17,Norm,PLAIN-HALL,paint,variant,yes,R2+,2026-09-17 08:35:00
20260917-194930-dev-0278#1,2026-09-17,Greg,UPPER-ELEVATOR,paint,seed,,,2026-09-17 15:49:00
20260917-194930-dev-0279#1,2026-09-17,Greg,LOWER-ELEVATOR,paint,seed,,,2026-09-17 15:49:00
20260917-194930-dev-0280#1,2026-09-17,Greg,ALFIE-CONTROL-EAST,paint,seed,yes,R2+,2026-09-17 15:49:00
20260917-194930-dev-0281#1,2026-09-17,Greg,ALFIE-CONTROL-WEST,paint,seed,yes,R2+,2026-09-17 15:49:00
20260917-194930-dev-0282#1,2026-09-17,Greg,COMM-ROOM,paint,seed,yes,R2+,2026-09-17 15:49:00
20260917-194930-dev-0283#1,2026-09-17,Greg,WAITING-AREA,paint,seed,,,2026-09-17 15:49:00
20260917-194931-dev-0284#1,2026-09-17,Greg,TOWER-CORE,paint,seed,yes,R2+,2026-09-17 15:49:00
20260917-194931-dev-0285#1,2026-09-17,Greg,SHUTTLE-CAR-ALFIE,paint,seed,,,2026-09-17 15:49:00
20260917-194931-dev-0286#1,2026-09-17,Greg,FORK,paint,seed,,,2026-09-17 15:49:00
20260917-194931-dev-0287#1,2026-09-17,Greg,ESCALATOR,paint,seed,,,2026-09-17 15:49:00
20260917-194931-dev-0288#1,2026-09-17,Greg,KALAMONTEE-PLATFORM,paint,seed,,,2026-09-17 15:49:00
20260917-194931-dev-0289#1,2026-09-17,Greg,HELICOPTER,paint,seed,yes,R2+,2026-09-17 15:49:00
20260917-194931-dev-0290#1,2026-09-17,Greg,OBSERVATION-DECK,paint,seed,,,2026-09-17 15:49:00
20260917-194931-dev-0291#1,2026-09-17,Greg,HELIPAD,paint,seed,yes,R2+,2026-09-17 15:49:00
20260917-200310-design-0267#1,2026-09-17,Norm,UPPER-ELEVATOR,paint,seed,,,2026-09-17 16:03:00
20260917-200540-design-0268#1,2026-09-17,Norm,LOWER-ELEVATOR,paint,seed,,,2026-09-17 16:05:00
20260917-201049-design-0269#1,2026-09-17,Norm,ALFIE-CONTROL-EAST,paint,seed,yes,R2+,2026-09-17 16:10:00
20260917-201829-design-0270#1,2026-09-17,Norm,ALFIE-CONTROL-WEST,paint,seed,yes,R2+,2026-09-17 16:18:00
20260917-202646-design-0271#1,2026-09-17,Norm,COMM-ROOM,paint,seed,yes,R2+,2026-09-17 16:26:00
20260917-203413-design-0272#1,2026-09-17,Norm,WAITING-AREA,paint,seed,,,2026-09-17 16:34:00
20260917-204357-design-0273#1,2026-09-17,Norm,TOWER-CORE,paint,seed,yes,R2+,2026-09-17 16:43:00
20260917-205216-design-0274#1,2026-09-17,Norm,SHUTTLE-CAR-ALFIE,paint,seed,,,2026-09-17 16:52:00
20260917-210153-design-0275#1,2026-09-17,Norm,FORK,paint,seed,,,2026-09-17 17:01:00
20260917-211253-design-0276#1,2026-09-17,Norm,ESCALATOR,paint,cap,,,2026-09-17 17:12:00
20260917-212810-design-0277#1,2026-09-17,Norm,KALAMONTEE-PLATFORM,paint,seed,,,2026-09-17 17:28:00
20260917-214632-design-0278#1,2026-09-17,Norm,HELICOPTER,paint,seed,yes,R2+,2026-09-17 17:46:00
20260917-220002-dev-0294#1,2026-09-17,Greg,PLANETARY-DEFENSE,paint,seed,yes,R2+,2026-09-17 18:00:00
20260917-220002-dev-0295#1,2026-09-17,Greg,REPAIR-ROOM,paint,seed,yes,R2+,2026-09-17 18:00:00
20260917-220003-dev-0296#1,2026-09-17,Greg,PLANETARY-COURSE-CONTROL,paint,seed,yes,R2+,2026-09-17 18:00:00
20260917-220003-dev-0297#1,2026-09-17,Greg,LIBRARY-LOBBY,paint,seed,yes,R2+,2026-09-17 18:00:00
20260917-220003-dev-0298#1,2026-09-17,Greg,PHYSICAL-PLANT-TWO,paint,seed,yes,R2+,2026-09-17 18:00:00
20260917-220027-design-0279#1,2026-09-17,Norm,OBSERVATION-DECK,paint,cap,,,2026-09-17 18:00:00
20260917-221331-design-0280#1,2026-09-17,Norm,HELIPAD,paint,seed,yes,R2+,2026-09-17 18:13:00
20260917-222426-design-0281#1,2026-09-17,Norm,PLANETARY-DEFENSE,paint,seed,yes,R2+,2026-09-17 18:24:00
20260917-223553-design-0282#1,2026-09-17,Norm,REPAIR-ROOM,paint,seed,yes,R2+,2026-09-17 18:35:00
20260917-224451-design-0283#1,2026-09-17,Norm,PLANETARY-COURSE-CONTROL,paint,seed,yes,R2+,2026-09-17 18:44:00
20260917-225740-design-0284#1,2026-09-17,Norm,LIBRARY-LOBBY,paint,seed,yes,R2+,2026-09-17 18:57:00
20260917-230938-design-0285#1,2026-09-17,Norm,PHYSICAL-PLANT-TWO,paint,seed,yes,R2+,2026-09-17 19:09:00
20260917-233331-dev-0299#1,2026-09-17,Greg,,meta,,,,2026-09-17 19:33:00
20260917-233835-dev-0300#1,2026-09-17,Greg,UPPER-ELEVATOR,paint,ring,,,2026-09-17 19:38:00
20260917-233835-dev-0301#1,2026-09-17,Greg,LOWER-ELEVATOR,paint,ring,,,2026-09-17 19:38:00
20260917-233835-dev-0302#1,2026-09-17,Greg,ALFIE-CONTROL-EAST,paint,ring,,,2026-09-17 19:38:00
20260917-233835-dev-0303#1,2026-09-17,Greg,ALFIE-CONTROL-WEST,paint,ring,,,2026-09-17 19:38:00
20260917-233835-dev-0304#1,2026-09-17,Greg,COMM-ROOM,paint,ring,,,2026-09-17 19:38:00
20260917-233835-dev-0305#1,2026-09-17,Greg,WAITING-AREA,paint,ring,,,2026-09-17 19:38:00
20260917-233836-dev-0306#1,2026-09-17,Greg,TOWER-CORE,paint,ring,,,2026-09-17 19:38:00
20260917-233836-dev-0307#1,2026-09-17,Greg,SHUTTLE-CAR-ALFIE,paint,ring,,,2026-09-17 19:38:00
20260917-233836-dev-0308#1,2026-09-17,Greg,FORK,paint,ring,,,2026-09-17 19:38:00
20260917-233836-dev-0309#1,2026-09-17,Greg,ESCALATOR,paint,ring,,,2026-09-17 19:38:00
20260917-233836-dev-0310#1,2026-09-17,Greg,KALAMONTEE-PLATFORM,paint,ring,,,2026-09-17 19:38:00
20260917-233836-dev-0311#1,2026-09-17,Greg,HELICOPTER,paint,ring,,,2026-09-17 19:38:00
20260917-233836-dev-0312#1,2026-09-17,Greg,OBSERVATION-DECK,paint,ring,,,2026-09-17 19:38:00
20260917-233836-dev-0313#1,2026-09-17,Greg,HELIPAD,paint,ring,,,2026-09-17 19:38:00
20260917-234214-design-0286#1,2026-09-17,Norm,PROJECT-CORRIDOR-WEST,paint,ring,,,2026-09-17 19:42:00
20260917-234347-design-0287#1,2026-09-17,Norm,PROJECT-CORRIDOR,paint,ring,,,2026-09-17 19:43:00
20260917-234538-design-0288#1,2026-09-17,Norm,PROJECT-CORRIDOR-EAST,paint,ring,,,2026-09-17 19:45:00
20260917-234816-design-0289#1,2026-09-17,Norm,PROJCON-OFFICE,paint,variant,,,2026-09-17 19:48:00
20260917-235019-design-0290#1,2026-09-17,Norm,COMPUTER-ROOM,paint,ring,,,2026-09-17 19:50:00
20260917-235137-design-0291#1,2026-09-17,Norm,MINI-BOOTH,paint,ring,,,2026-09-17 19:51:00
20260917-235823-design-0292#1,2026-09-17,Norm,LIBRARY,paint,variant,,,2026-09-17 19:58:00
20260918-000220-design-0293#1,2026-09-17,Norm,SANFAC-F,paint,ring,,,2026-09-17 20:02:00
20260918-000709-design-0294#1,2026-09-17,Norm,BOOTH-3,paint,ring,,,2026-09-17 20:07:00
20260918-001128-design-0295#1,2026-09-17,Norm,AUXILIARY-BOOTH,paint,ring,,,2026-09-17 20:11:00
20260918-001527-design-0296#1,2026-09-17,Norm,CRYO-ELEVATOR,paint,variant,,,2026-09-17 20:15:00
20260918-002000-design-0297#1,2026-09-17,Norm,CRYO-ANTEROOM,paint,ring,,,2026-09-17 20:20:00
20260918-002409-design-0298#1,2026-09-17,Norm,MAIN-LAB,paint,variant,,,2026-09-17 20:24:00
20260918-002810-design-0299#1,2026-09-17,Norm,LAB-STORAGE,paint,variant,,,2026-09-17 20:28:00
20260918-003331-design-0300#1,2026-09-17,Norm,LAB-OFFICE,paint,variant,,,2026-09-17 20:33:00
20260918-003812-dev-0337#1,2026-09-17,Greg,PLANETARY-DEFENSE,paint,ring,,,2026-09-17 20:38:00
20260918-003812-dev-0338#1,2026-09-17,Greg,REPAIR-ROOM,paint,ring,,,2026-09-17 20:38:00
20260918-003813-dev-0339#1,2026-09-17,Greg,PLANETARY-COURSE-CONTROL,paint,ring,,,2026-09-17 20:38:00
20260918-003813-dev-0340#1,2026-09-17,Greg,LIBRARY-LOBBY,paint,ring,yes,R2+,2026-09-17 20:38:00
20260918-004551-dev-0342#1,2026-09-17,Greg,PROJECT-CORRIDOR-EAST,meta,,,,2026-09-17 20:45:00
20260918-004551-dev-0343#1,2026-09-17,Greg,PROJCON-OFFICE,meta,,,,2026-09-17 20:45:00
20260918-004551-dev-0344#1,2026-09-17,Greg,COMPUTER-ROOM,meta,,,,2026-09-17 20:45:00
20260918-004551-dev-0345#1,2026-09-17,Greg,MINI-BOOTH,meta,,,,2026-09-17 20:45:00
20260918-004551-dev-0346#1,2026-09-17,Greg,CRYO-ELEVATOR,meta,,,,2026-09-17 20:45:00
20260918-004551-dev-0347#1,2026-09-17,Greg,CRYO-ANTEROOM,paint,variant,,,2026-09-17 20:45:00
20260918-004551-dev-0348#1,2026-09-17,Greg,MAIN-LAB,meta,,,,2026-09-17 20:45:00
20260918-004551-dev-0349#1,2026-09-17,Greg,LAB-STORAGE,meta,,,,2026-09-17 20:45:00
20260918-004551-dev-0350#1,2026-09-17,Greg,LAB-OFFICE,paint,variant,,,2026-09-17 20:45:00
20260918-004551-dev-0351#1,2026-09-17,Greg,LIBRARY,meta,,,,2026-09-17 20:45:00
20260918-004552-dev-0353#1,2026-09-17,Greg,BOOTH-3,meta,,,,2026-09-17 20:45:00
20260918-004552-dev-0354#1,2026-09-17,Greg,AUXILIARY-BOOTH,meta,,,,2026-09-17 20:45:00
20260918-004609-dev-0355#1,2026-09-17,Greg,,meta,,,,2026-09-17 20:46:00
20260918-004702-design-0302#1,2026-09-17,Norm,PLANETARY-DEFENSE,paint,ring,,,2026-09-17 20:47:00
20260918-004823-dev-0356#1,2026-09-17,Greg,SYSTEMS-MONITORS,paint,ring,,,2026-09-17 20:48:00
20260918-005905-dev-0360#1,2026-09-17,Greg,PLANETARY-DEFENSE,paint,cap,,,2026-09-17 20:59:00
20260918-010245-dev-0361#1,2026-09-17,Greg,TRANSPORTATION-SUPPLY,paint,ring,,,2026-09-17 21:02:00
20260918-010401-design-0306#1,2026-09-17,Norm,SYSTEMS-MONITORS,paint,ring,,,2026-09-17 21:04:00
20260918-010929-dev-0364#1,2026-09-17,Greg,MECH-CORRIDOR-N,paint,ring,,,2026-09-17 21:09:00
20260918-010929-dev-0365#1,2026-09-17,Greg,REC-CORRIDOR,paint,ring,,,2026-09-17 21:09:00
20260918-010929-dev-0366#1,2026-09-17,Greg,REC-AREA,paint,ring,,,2026-09-17 21:09:00
20260918-010929-dev-0367#1,2026-09-17,Greg,CORRIDOR-JUNCTION,paint,ring,,,2026-09-17 21:09:00
20260918-010929-dev-0368#1,2026-09-17,Greg,PLAIN-HALL,paint,ring,,,2026-09-17 21:09:00
20260918-010929-dev-0369#1,2026-09-17,Greg,SYSTEMS-CORRIDOR-EAST,paint,ring,,,2026-09-17 21:09:00
20260918-010929-dev-0370#1,2026-09-17,Greg,PLAN-ROOM,paint,ring,,,2026-09-17 21:09:00
20260918-010930-dev-0371#1,2026-09-17,Greg,SMALL-OFFICE,paint,ring,,,2026-09-17 21:09:00
20260918-010930-dev-0372#1,2026-09-17,Greg,LARGE-OFFICE,paint,ring,,,2026-09-17 21:09:00
20260918-010930-dev-0373#1,2026-09-17,Greg,MECH-CORRIDOR,paint,ring,,,2026-09-17 21:09:00
20260918-010930-dev-0374#1,2026-09-17,Greg,MECH-CORRIDOR-S,paint,ring,,,2026-09-17 21:09:00
20260918-010930-dev-0375#1,2026-09-17,Greg,STORAGE-EAST,paint,ring,,,2026-09-17 21:09:00
20260918-010930-dev-0376#1,2026-09-17,Greg,PHYSICAL-PLANT,paint,ring,,,2026-09-17 21:09:00
20260918-010930-dev-0377#1,2026-09-17,Greg,TOOL-ROOM,paint,ring,,,2026-09-17 21:09:00
20260918-010930-dev-0378#1,2026-09-17,Greg,MACHINE-SHOP,paint,ring,,,2026-09-17 21:09:00
20260918-010930-dev-0379#1,2026-09-17,Greg,ROBOT-SHOP,paint,ring,,,2026-09-17 21:09:00
20260918-010930-dev-0380#1,2026-09-17,Greg,REACTOR-CONTROL,paint,ring,,,2026-09-17 21:09:00
20260918-010931-dev-0381#1,2026-09-17,Greg,REACTOR-ACCESS-STAIRS,paint,ring,,,2026-09-17 21:09:00
20260918-010931-dev-0382#1,2026-09-17,Greg,REACTOR-ELEVATOR,paint,ring,,,2026-09-17 21:09:00
20260918-011235-dev-0384#1,2026-09-17,Greg,SANFAC-E,paint,cap,,,2026-09-17 21:12:00
20260918-011235-dev-0385#1,2026-09-17,Greg,SYSTEMS-MONITORS,paint,cap,,,2026-09-17 21:12:00
20260918-011235-dev-0386#1,2026-09-17,Greg,SYSTEMS-CORRIDOR,paint,cap,,,2026-09-17 21:12:00
20260918-011235-dev-0387#1,2026-09-17,Greg,SYSTEMS-CORRIDOR-WEST,paint,cap,,,2026-09-17 21:12:00
20260918-011407-design-0309#1,2026-09-17,Norm,PLANETARY-DEFENSE,paint,cap,,,2026-09-17 21:14:00
20260918-012411-design-0311#1,2026-09-17,Norm,TRANSPORTATION-SUPPLY,paint,variant,,,2026-09-17 21:24:00
20260918-012753-dev-0390#1,2026-09-17,Greg,CONFERENCE-ROOM,paint,cap,yes,R2+; user change; re-delivery,2026-09-17 21:27:00
20260918-013239-dev-0391#1,2026-09-17,Greg,INFIRMARY,objects,,yes,user change,2026-09-17 21:32:00
20260918-013239-dev-0391#2,2026-09-17,Greg,INFIRMARY,objects,,yes,user change,2026-09-17 21:32:00
20260918-013620-design-0313#1,2026-09-17,Norm,UPPER-ELEVATOR,paint,ring,,,2026-09-17 21:36:00
20260918-014522-dev-0396#1,2026-09-17,Greg,PROJECT-CORRIDOR,layout,,,,2026-09-17 21:45:00
20260918-014522-dev-0397#1,2026-09-17,Greg,PROJECT-CORRIDOR-WEST,layout,,,,2026-09-17 21:45:00
20260918-014522-dev-0398#1,2026-09-17,Greg,SANFAC-F,layout,,,,2026-09-17 21:45:00
20260918-014834-design-0315#1,2026-09-17,Norm,INFIRMARY,paint,ring,yes,user change,2026-09-17 21:48:00
20260918-015511-dev-0399#1,2026-09-17,Greg,PLANETARY-DEFENSE,paint,variant,,,2026-09-17 21:55:00
20260918-015540-dev-0400#1,2026-09-17,Greg,TRANSPORTATION-SUPPLY,paint,cap,,,2026-09-17 21:55:00
20260918-015540-dev-0401#1,2026-09-17,Greg,UPPER-ELEVATOR,paint,cap,,,2026-09-17 21:55:00
20260918-015954-dev-0402#1,2026-09-17,Greg,STATION-384,layout,,,,2026-09-17 21:59:00
20260918-015954-dev-0403#1,2026-09-17,Greg,STRIP-NEAR-STATION,layout,,,,2026-09-17 21:59:00
20260918-015954-dev-0404#1,2026-09-17,Greg,MIDDLE-OF-STRIP,layout,,,,2026-09-17 21:59:00
20260918-015954-dev-0405#1,2026-09-17,Greg,STRIP-NEAR-RELAY,layout,,,,2026-09-17 21:59:00
20260918-020538-dev-0406#1,2026-09-17,Greg,INFIRMARY,objects,,yes,user change,2026-09-17 22:05:00
20260918-021831-dev-0407#1,2026-09-17,Greg,SHUTTLE-CAR-BETTY,layout,,,,2026-09-17 22:18:00
20260918-021831-dev-0408#1,2026-09-17,Greg,BETTY-CONTROL-EAST,layout,,,,2026-09-17 22:18:00
20260918-021831-dev-0409#1,2026-09-17,Greg,BETTY-CONTROL-WEST,layout,,,,2026-09-17 22:18:00
20260918-022929-dev-0411#1,2026-09-17,Greg,ELEVATOR-LOBBY,layout,,,,2026-09-17 22:29:00
20260918-022929-dev-0412#1,2026-09-17,Greg,BOOTH-2,layout,,,,2026-09-17 22:29:00
20260918-024524-dev-0413#1,2026-09-17,Greg,,paint,ring,yes,re-delivery,2026-09-17 22:45:00
20260918-025137-dev-0414#1,2026-09-17,Greg,PHYSICAL-PLANT-TWO,paint,ring,,,2026-09-17 22:51:00
20260918-025137-dev-0415#1,2026-09-17,Greg,BOOTH-3,layout,,,,2026-09-17 22:51:00
20260918-032141-dev-0416#1,2026-09-17,Greg,PROJECT-CORRIDOR-EAST,layout,,,,2026-09-17 23:21:00
20260918-032142-dev-0417#1,2026-09-17,Greg,COMPUTER-ROOM,layout,,,,2026-09-17 23:21:00
20260918-032142-dev-0418#1,2026-09-17,Greg,PROJCON-OFFICE,layout,,,,2026-09-17 23:21:00
20260918-032142-dev-0419#1,2026-09-17,Greg,MINI-BOOTH,layout,,,,2026-09-17 23:21:00
20260918-032142-dev-0420#1,2026-09-17,Greg,,meta,,yes,re-delivery,2026-09-17 23:21:00
20260918-034124-dev-0421#1,2026-09-17,Greg,,objects,,,,2026-09-17 23:41:00
20260918-035418-dev-0422#1,2026-09-17,Greg,BOOTH-3,paint,ring,yes,R2+; sent back; re-delivery,2026-09-17 23:54:00
20260918-035543-dev-0424#1,2026-09-17,Greg,PHYSICAL-PLANT-TWO,paint,cap,,,2026-09-17 23:55:00
20260918-041128-dev-0425#1,2026-09-18,Greg,COMPUTER-ROOM,paint,ring,,,2026-09-18 00:11:00
20260918-041946-dev-0426#1,2026-09-18,Greg,BOOTH-3,paint,ring,,,2026-09-18 00:19:00
20260918-044130-dev-0428#1,2026-09-18,Greg,MINI-BOOTH,paint,ring,,,2026-09-18 00:41:00
20260918-044130-dev-0429#1,2026-09-18,Greg,PROJECT-CORRIDOR,paint,ring,,,2026-09-18 00:41:00
20260918-044130-dev-0430#1,2026-09-18,Greg,COMPUTER-ROOM,paint,cap,,,2026-09-18 00:41:00
20260918-044130-dev-0431#1,2026-09-18,Greg,BOOTH-3,paint,cap,,,2026-09-18 00:41:00
20260918-045055-dev-0432#1,2026-09-18,Greg,SANFAC-F,paint,ring,,,2026-09-18 00:50:00
20260918-050119-dev-0433#1,2026-09-18,Greg,MINI-BOOTH,paint,ring,yes,sent back; re-delivery,2026-09-18 01:01:00
20260918-050119-dev-0434#1,2026-09-18,Greg,STATION-384,paint,ring,,,2026-09-18 01:01:00
20260918-050119-dev-0435#1,2026-09-18,Greg,PROJECT-CORRIDOR-WEST,paint,ring,,,2026-09-18 01:01:00
20260918-050959-dev-0436#1,2026-09-18,Greg,PROJECT-CORRIDOR,paint,cap,,,2026-09-18 01:09:00
20260918-052300-dev-0437#1,2026-09-18,Greg,SANFAC-F,paint,seed,yes,R2+; sent back,2026-09-18 01:23:00
20260918-052520-dev-0438#1,2026-09-18,Greg,BOOTH-3,paint,ring,yes,R2+; re-delivery,2026-09-18 01:25:00
20260918-052520-dev-0438#2,2026-09-18,Greg,BOOTH-3,paint,variant,yes,re-delivery; R2+,2026-09-18 01:25:00
20260918-060140-dev-0439#1,2026-09-18,Greg,MINI-BOOTH,paint,cap,,,2026-09-18 02:01:00
20260918-060140-dev-0440#1,2026-09-18,Greg,STATION-384,paint,cap,,,2026-09-18 02:01:00
20260918-060140-dev-0441#1,2026-09-18,Greg,PROJECT-CORRIDOR-WEST,paint,cap,,,2026-09-18 02:01:00
20260918-060140-dev-0442#1,2026-09-18,Greg,SANFAC-F,paint,cap,,,2026-09-18 02:01:00
20260918-060600-dev-0443#1,2026-09-18,Greg,COMPUTER-ROOM,paint,cap,yes,R2+; re-delivery,2026-09-18 02:06:00
20260918-060600-dev-0443#2,2026-09-18,Greg,COMPUTER-ROOM,paint,variant,yes,re-delivery; R2+,2026-09-18 02:06:00
20260918-060600-dev-0444#1,2026-09-18,Greg,PROJECT-CORRIDOR,paint,variant,,,2026-09-18 02:06:00
20260918-062202-dev-0446#1,2026-09-18,Greg,STRIP-NEAR-STATION,layout,,,,2026-09-18 02:22:00
20260918-062202-dev-0446#2,2026-09-18,Greg,STRIP-NEAR-STATION,layout,,,,2026-09-18 02:22:00
20260918-065657-dev-0449#1,2026-09-18,Greg,STATION-384,paint,ring,yes,R2+; re-delivery,2026-09-18 02:56:00
20260918-065657-dev-0449#2,2026-09-18,Greg,STATION-384,paint,ring,yes,R2+,2026-09-18 02:56:00
20260918-070824-dev-0451#1,2026-09-18,Greg,MIDDLE-OF-STRIP,paint,ring,yes,R2+; re-delivery,2026-09-18 03:08:00
20260918-070824-dev-0451#2,2026-09-18,Greg,MIDDLE-OF-STRIP,paint,ring,yes,R2+; re-delivery,2026-09-18 03:08:00
20260918-070824-dev-0451#3,2026-09-18,Greg,MIDDLE-OF-STRIP,paint,ring,yes,R2+; re-delivery,2026-09-18 03:08:00
20260918-072258-dev-0453#1,2026-09-18,Greg,MAIN-LAB,paint,seed,,,2026-09-18 03:22:00
20260918-072258-dev-0453#2,2026-09-18,Greg,MAIN-LAB,layout,,,,2026-09-18 03:22:00
20260918-072258-dev-0453#3,2026-09-18,Greg,MAIN-LAB,layout,,,,2026-09-18 03:22:00
20260918-100301-dev-0456#1,2026-09-18,Greg,STATION-384,paint,ring,yes,R2+; re-delivery,2026-09-18 06:03:00
20260918-100820-dev-0457#1,2026-09-18,Greg,STRIP-NEAR-STATION,layout,,,,2026-09-18 06:08:00
20260918-102340-dev-0460#1,2026-09-18,Greg,PROJECT-CORRIDOR,paint,ring,yes,R2+; re-delivery,2026-09-18 06:23:00
20260918-102340-dev-0460#2,2026-09-18,Greg,PROJECT-CORRIDOR,paint,variant,yes,re-delivery; R2+,2026-09-18 06:23:00
20260918-104415-design-0431#1,2026-09-18,Norm,STATION-384,paint,ring,yes,re-delivery; R2+,2026-09-18 06:44:00
20260918-104942-design-0432#1,2026-09-18,Norm,STRIP-NEAR-STATION,paint,ring,,,2026-09-18 06:49:00
20260918-105329-dev-0462#1,2026-09-18,Greg,,paint,ring,,,2026-09-18 06:53:00
20260918-105329-dev-0462#2,2026-09-18,Greg,,paint,ring,yes,R2+,2026-09-18 06:53:00
20260918-110043-design-0434#1,2026-09-18,Norm,PROJECT-CORRIDOR,paint,ring,yes,re-delivery; R2+,2026-09-18 07:00:00
20260918-110306-dev-0463#1,2026-09-18,Greg,PROJECT-CORRIDOR,layout,,yes,R2+; re-delivery,2026-09-18 07:03:00
20260918-110754-dev-0464#1,2026-09-18,Greg,LIBRARY,layout,,,,2026-09-18 07:07:00
20260918-110858-dev-0465#1,2026-09-18,Greg,,layout,,,,2026-09-18 07:08:00
20260918-110858-dev-0465#2,2026-09-18,Greg,,layout,,,,2026-09-18 07:08:00
20260918-111639-dev-0468#1,2026-09-18,Greg,LIBRARY-LOBBY,paint,ring,yes,R2+,2026-09-18 07:16:00
20260918-111639-dev-0468#2,2026-09-18,Greg,LIBRARY-LOBBY,paint,ring,yes,R2+; re-delivery,2026-09-18 07:16:00
20260918-111659-design-0438#1,2026-09-18,Norm,TOWER-CORE,paint,ring,,,2026-09-18 07:16:00
20260918-111721-dev-0469#1,2026-09-18,Greg,STATION-384,layout,,yes,R2+; re-delivery,2026-09-18 07:17:00
20260918-112108-dev-0470#1,2026-09-18,Greg,TOWER-CORE,layout,,,,2026-09-18 07:21:00
20260918-112750-design-0441#1,2026-09-18,Norm,ALFIE-CONTROL-EAST,paint,ring,,,2026-09-18 07:27:00
20260918-113120-design-0442#1,2026-09-18,Norm,TOWER-CORE,paint,ring,,,2026-09-18 07:31:00
20260918-113454-design-0443#1,2026-09-18,Norm,TOWER-CORE,paint,ring,,,2026-09-18 07:34:00
20260918-114249-design-0444#1,2026-09-18,Norm,ALFIE-CONTROL-WEST,paint,ring,,,2026-09-18 07:42:00
20260918-114605-design-0445#1,2026-09-18,Norm,ALFIE-CONTROL-WEST,paint,ring,,,2026-09-18 07:46:00
20260918-115019-design-0446#1,2026-09-18,Norm,SHUTTLE-CAR-ALFIE,paint,ring,,,2026-09-18 07:50:00
20260918-115335-design-0447#1,2026-09-18,Norm,SHUTTLE-CAR-ALFIE,paint,ring,,,2026-09-18 07:53:00
20260918-120345-dev-0474#1,2026-09-18,Greg,,layout,,,,2026-09-18 08:03:00
20260918-120345-dev-0474#2,2026-09-18,Greg,,paint,ring,yes,R2+; re-delivery,2026-09-18 08:03:00
20260918-120515-dev-0475#1,2026-09-18,Greg,TOWER-CORE,layout,,,,2026-09-18 08:05:00
20260918-120836-design-0449#1,2026-09-18,Norm,LOWER-ELEVATOR,paint,ring,,,2026-09-18 08:08:00
20260918-121301-dev-0476#1,2026-09-18,Greg,LOWER-ELEVATOR,paint,ring,yes,R2+; re-delivery,2026-09-18 08:13:00
20260918-121945-design-0452#1,2026-09-18,Norm,SHUTTLE-CAR-ALFIE,paint,ring,yes,re-delivery; R2+,2026-09-18 08:19:00
20260918-122752-design-0453#1,2026-09-18,Norm,ALFIE-CONTROL-EAST,paint,ring,,,2026-09-18 08:27:00
20260918-123320-design-0454#1,2026-09-18,Norm,ALFIE-CONTROL-EAST,paint,ring,,,2026-09-18 08:33:00
20260918-124249-design-0455#1,2026-09-18,Norm,ALFIE-CONTROL-WEST,paint,ring,,,2026-09-18 08:42:00
20260918-125124-design-0456#1,2026-09-18,Norm,ALFIE-CONTROL-WEST,paint,ring,,,2026-09-18 08:51:00
20260918-125921-design-0457#1,2026-09-18,Norm,SHUTTLE-CAR-ALFIE,paint,ring,,,2026-09-18 08:59:00
20260918-130016-dev-0482#1,2026-09-18,Greg,,layout,,,,2026-09-18 09:00:00
20260918-130758-design-0458#1,2026-09-18,Norm,SHUTTLE-CAR-ALFIE,paint,ring,,,2026-09-18 09:07:00
20260918-132648-design-0459#1,2026-09-18,Norm,TOWER-CORE,paint,ring,,,2026-09-18 09:26:00
20260918-133448-design-0460#1,2026-09-18,Norm,TOWER-CORE,paint,ring,,,2026-09-18 09:34:00
20260918-133455-dev-0488#1,2026-09-18,Greg,,layout,,,,2026-09-18 09:34:00
20260918-133455-dev-0488#2,2026-09-18,Greg,,layout,,,,2026-09-18 09:34:00
20260918-134702-dev-0490#1,2026-09-18,Greg,,paint,cap,,,2026-09-18 09:47:00
20260918-134702-dev-0490#2,2026-09-18,Greg,,layout,,yes,R2+; re-delivery,2026-09-18 09:47:00
20260918-134702-dev-0490#3,2026-09-18,Greg,,layout,,yes,R2+; re-delivery,2026-09-18 09:47:00
20260918-134702-dev-0490#4,2026-09-18,Greg,,paint,cap,yes,R2+; re-delivery,2026-09-18 09:47:00
20260918-134702-dev-0490#5,2026-09-18,Greg,,layout,,yes,R2+,2026-09-18 09:47:00
20260918-135652-design-0463#1,2026-09-18,Norm,LOWER-ELEVATOR,paint,ring,yes,re-delivery; R2+,2026-09-18 09:56:00
20260918-141429-design-0464#1,2026-09-18,Norm,UPPER-ELEVATOR,paint,ring,yes,re-delivery; R2+,2026-09-18 10:14:00
20260918-142149-dev-0494#1,2026-09-18,Greg,SHUTTLE-CAR-BETTY,layout,,yes,R2+,2026-09-18 10:21:00
20260918-142251-design-0466#1,2026-09-18,Norm,COMM-ROOM,paint,ring,yes,re-delivery; R2+,2026-09-18 10:22:00
20260918-143312-design-0467#1,2026-09-18,Norm,COMM-ROOM,paint,ring,yes,re-delivery; R2+,2026-09-18 10:33:00
20260918-144345-design-0468#1,2026-09-18,Norm,OBSERVATION-DECK,paint,ring,yes,R2+,2026-09-18 10:43:00
20260918-145117-design-0469#1,2026-09-18,Norm,OBSERVATION-DECK,paint,ring,yes,R2+,2026-09-18 10:51:00
20260918-150416-design-0470#1,2026-09-18,Norm,ALFIE-CONTROL-EAST,paint,ring,,,2026-09-18 11:04:00
20260918-150948-design-0471#1,2026-09-18,Norm,ALFIE-CONTROL-EAST,paint,ring,,,2026-09-18 11:09:00
20260918-151553-design-0472#1,2026-09-18,Norm,ALFIE-CONTROL-EAST,paint,ring,,,2026-09-18 11:15:00
20260918-152616-design-0473#1,2026-09-18,Norm,SHUTTLE-CAR-ALFIE,paint,ring,,,2026-09-18 11:26:00
20260918-153415-design-0474#1,2026-09-18,Norm,ALFIE-CONTROL-EAST,paint,ring,,,2026-09-18 11:34:00
20260918-154215-design-0475#1,2026-09-18,Norm,ALFIE-CONTROL-WEST,paint,ring,,,2026-09-18 11:42:00
20260918-154522-design-0476#1,2026-09-18,Norm,SHUTTLE-CAR-BETTY,paint,ring,,,2026-09-18 11:45:00
20260918-155109-design-0477#1,2026-09-18,Norm,LOWER-ELEVATOR,paint,ring,,,2026-09-18 11:51:00
20260918-155109-design-0478#1,2026-09-18,Norm,HELIPAD,paint,ring,,,2026-09-18 11:51:00
20260918-155419-design-0479#1,2026-09-18,Norm,HELIPAD,paint,ring,,,2026-09-18 11:54:00
20260918-160004-design-0480#1,2026-09-18,Norm,HELICOPTER,paint,ring,,,2026-09-18 12:00:00
20260918-160250-design-0481#1,2026-09-18,Norm,HELICOPTER,paint,ring,,,2026-09-18 12:02:00
20260918-160836-design-0482#1,2026-09-18,Norm,WAITING-AREA,paint,ring,,,2026-09-18 12:08:00
20260918-161114-design-0483#1,2026-09-18,Norm,WAITING-AREA,paint,ring,,,2026-09-18 12:11:00
20260918-161714-design-0484#1,2026-09-18,Norm,KALAMONTEE-PLATFORM,paint,ring,,,2026-09-18 12:17:00
20260918-162251-design-0485#1,2026-09-18,Norm,KALAMONTEE-PLATFORM,paint,ring,,,2026-09-18 12:22:00
20260918-163112-design-0486#1,2026-09-18,Norm,ESCALATOR,paint,ring,,,2026-09-18 12:31:00
20260918-163420-design-0487#1,2026-09-18,Norm,ESCALATOR,paint,ring,,,2026-09-18 12:34:00
20260918-164251-dev-0496#1,2026-09-18,Greg,,paint,cap,,,2026-09-18 12:42:00
20260918-164251-dev-0496#2,2026-09-18,Greg,,paint,cap,,,2026-09-18 12:42:00
20260918-164251-dev-0496#3,2026-09-18,Greg,,paint,ring,,,2026-09-18 12:42:00
20260918-164251-dev-0496#4,2026-09-18,Greg,,paint,ring,,,2026-09-18 12:42:00
20260918-164542-design-0488#1,2026-09-18,Norm,FORK,paint,ring,,,2026-09-18 12:45:00
20260918-165124-design-0490#1,2026-09-18,Norm,FORK,paint,ring,,,2026-09-18 12:51:00
20260918-165920-design-0491#1,2026-09-18,Norm,SANFAC-F,paint,ring,yes,user change,2026-09-18 12:59:00
20260918-170857-dev-0497#1,2026-09-18,Greg,HELIPAD,layout,,yes,R2+; re-delivery,2026-09-18 13:08:00
20260918-170915-dev-0498#1,2026-09-18,Greg,KALAMONTEE-PLATFORM,layout,,yes,R2+; re-delivery,2026-09-18 13:09:00
20260918-170915-dev-0499#1,2026-09-18,Greg,LOWER-ELEVATOR,layout,,,,2026-09-18 13:09:00
20260918-170915-dev-0500#1,2026-09-18,Greg,HELICOPTER,layout,,,,2026-09-18 13:09:00
20260918-170916-dev-0501#1,2026-09-18,Greg,ESCALATOR,layout,,,,2026-09-18 13:09:00
20260918-170916-dev-0502#1,2026-09-18,Greg,FORK,layout,,,,2026-09-18 13:09:00
20260918-170916-dev-0503#1,2026-09-18,Greg,COMM-ROOM,layout,,yes,R2+,2026-09-18 13:09:00
20260918-170959-design-0492#1,2026-09-18,Norm,PROJECT-CORRIDOR-WEST,paint,ring,yes,user change,2026-09-18 13:09:00
20260918-171605-design-0493#1,2026-09-18,Norm,PROJECT-CORRIDOR-WEST,paint,ring,yes,user change,2026-09-18 13:16:00
20260918-172421-design-0494#1,2026-09-18,Norm,STRIP-NEAR-STATION,paint,ring,yes,user change,2026-09-18 13:24:00
20260918-172924-dev-0521#1,2026-09-18,Greg,OBSERVATION-DECK,layout,,yes,R2+; re-delivery,2026-09-18 13:29:00
20260918-173528-design-0495#1,2026-09-18,Norm,COURTYARD,paint,ring,,,2026-09-18 13:35:00
20260918-173822-design-0496#1,2026-09-18,Norm,OBSERVATION-DECK,paint,ring,yes,re-delivery; R2+,2026-09-18 13:38:00
20260918-173958-dev-0526#1,2026-09-18,Greg,OBSERVATION-DECK,layout,,yes,R2+; re-delivery,2026-09-18 13:39:00
20260918-174131-design-0497#1,2026-09-18,Norm,HELIPAD,paint,ring,yes,re-delivery; R2+,2026-09-18 13:41:00
20260918-174219-design-0498#1,2026-09-18,Norm,HELIPAD,paint,ring,yes,re-delivery; R2+,2026-09-18 13:42:00
20260918-174804-design-0499#1,2026-09-18,Norm,OBSERVATION-DECK,paint,ring,yes,re-delivery; R2+,2026-09-18 13:48:00
20260918-175055-design-0500#1,2026-09-18,Norm,KALAMONTEE-PLATFORM,paint,ring,yes,re-delivery; R2+,2026-09-18 13:50:00
20260918-175218-dev-0527#1,2026-09-18,Greg,,paint,cap,,,2026-09-18 13:52:00
20260918-175218-dev-0527#2,2026-09-18,Greg,,paint,cap,,,2026-09-18 13:52:00
20260918-175403-design-0501#1,2026-09-18,Norm,COMM-ROOM,paint,ring,,,2026-09-18 13:54:00
20260918-175406-dev-0528#1,2026-09-18,Greg,KALAMONTEE-PLATFORM,paint,cap,,,2026-09-18 13:54:00
20260918-175708-design-0502#1,2026-09-18,Norm,COMM-ROOM,paint,ring,,,2026-09-18 13:57:00
20260918-175953-design-0503#1,2026-09-18,Norm,LOWER-ELEVATOR,paint,ring,,,2026-09-18 13:59:00
20260918-180019-dev-0530#1,2026-09-18,Greg,COMM-ROOM,paint,cap,,,2026-09-18 14:00:00
20260918-180301-design-0504#1,2026-09-18,Norm,LOWER-ELEVATOR,paint,ring,,,2026-09-18 14:03:00
20260918-180553-design-0505#1,2026-09-18,Norm,HELICOPTER,paint,ring,,,2026-09-18 14:05:00
20260918-180853-design-0506#1,2026-09-18,Norm,ESCALATOR,paint,ring,,,2026-09-18 14:08:00
20260918-181314-dev-0533#1,2026-09-18,Greg,ESCALATOR,layout,,yes,R2+; re-delivery,2026-09-18 14:13:00
20260918-181324-design-0507#1,2026-09-18,Norm,ESCALATOR,paint,ring,,,2026-09-18 14:13:00
20260918-181410-dev-0535#1,2026-09-18,Greg,ESCALATOR,layout,,yes,R2+; re-delivery,2026-09-18 14:14:00
20260918-182152-design-0508#1,2026-09-18,Norm,ESCALATOR,paint,ring,yes,re-delivery; R2+,2026-09-18 14:21:00
20260918-182456-design-0509#1,2026-09-18,Norm,ESCALATOR,paint,ring,yes,re-delivery; R2+,2026-09-18 14:24:00
20260918-182457-design-0510#1,2026-09-18,Norm,FORK,paint,ring,,,2026-09-18 14:24:00
20260918-182954-design-0511#1,2026-09-18,Norm,FORK,paint,ring,,,2026-09-18 14:29:00
20260918-183435-dev-0540#1,2026-09-18,Greg,UPPER-ELEVATOR,layout,,yes,R2+,2026-09-18 14:34:00
20260918-183626-design-0512#1,2026-09-18,Norm,HELIPAD,paint,ring,,,2026-09-18 14:36:00
20260918-183835-dev-0541#1,2026-09-18,Greg,HELIPAD,layout,,yes,R2+; re-delivery,2026-09-18 14:38:00
20260918-184258-design-0514#1,2026-09-18,Norm,OBSERVATION-DECK,paint,ring,,,2026-09-18 14:42:00
20260918-184550-design-0515#1,2026-09-18,Norm,HELIPAD,paint,ring,yes,re-delivery; R2+,2026-09-18 14:45:00
20260918-184629-dev-0543#1,2026-09-18,Greg,WAITING-AREA,paint,cap,,,2026-09-18 14:46:00
20260918-184905-design-0516#1,2026-09-18,Norm,OBSERVATION-DECK,paint,ring,,,2026-09-18 14:49:00
20260918-185459-design-0517#1,2026-09-18,Norm,KALAMONTEE-PLATFORM,paint,ring,,,2026-09-18 14:54:00
20260918-185802-design-0518#1,2026-09-18,Norm,KALAMONTEE-PLATFORM,paint,ring,,,2026-09-18 14:58:00
20260918-190331-design-0519#1,2026-09-18,Norm,COMM-ROOM,paint,ring,,,2026-09-18 15:03:00
20260918-190801-design-0520#1,2026-09-18,Norm,COMM-ROOM,paint,ring,,,2026-09-18 15:08:00
20260918-191328-design-0521#1,2026-09-18,Norm,UPPER-ELEVATOR,paint,ring,yes,R2+,2026-09-18 15:13:00
20260918-191900-design-0522#1,2026-09-18,Norm,UPPER-ELEVATOR,paint,ring,yes,R2+,2026-09-18 15:19:00
20260918-192504-design-0523#1,2026-09-18,Norm,WAITING-AREA,paint,ring,,,2026-09-18 15:25:00
20260918-193123-design-0524#1,2026-09-18,Norm,WAITING-AREA,paint,ring,,,2026-09-18 15:31:00
20260918-194404-design-0525#1,2026-09-18,Norm,BIO-LAB,paint,ring,,,2026-09-18 15:44:00
20260918-194956-design-0526#1,2026-09-18,Norm,BIO-LAB,paint,ring,,,2026-09-18 15:49:00
20260918-195811-design-0527#1,2026-09-18,Norm,BIO-LAB,paint,ring,,,2026-09-18 15:58:00
20260918-200628-dev-0555#1,2026-09-18,Greg,BIO-LAB,paint,cap,,,2026-09-18 16:06:00
20260918-200759-design-0528#1,2026-09-18,Norm,BIO-LOCK-EAST,paint,ring,,,2026-09-18 16:07:00
20260918-201358-design-0529#1,2026-09-18,Norm,BIO-LOCK-EAST,paint,ring,,,2026-09-18 16:13:00
20260918-201934-design-0530#1,2026-09-18,Norm,BIO-LAB,paint,ring,,,2026-09-18 16:19:00
20260918-202956-design-0531#1,2026-09-18,Norm,BIO-LAB,paint,ring,,,2026-09-18 16:29:00
20260918-203116-dev-0557#1,2026-09-18,Greg,BIO-LOCK-EAST,paint,cap,,,2026-09-18 16:31:00
20260918-203422-dev-0558#1,2026-09-18,Greg,,,,,,2026-09-18 16:34:00
20260918-204837-design-0532#1,2026-09-18,Norm,BIO-LOCK-WEST,paint,ring,,,2026-09-18 16:48:00
20260918-205218-design-0533#1,2026-09-18,Norm,BIO-LOCK-EAST,paint,ring,,,2026-09-18 16:52:00
20260918-205521-design-0534#1,2026-09-18,Norm,CRYO-ANTEROOM,paint,ring,,,2026-09-18 16:55:00
20260918-205821-design-0535#1,2026-09-18,Norm,CRYO-ANTEROOM,paint,ring,,,2026-09-18 16:58:00
20260918-210117-design-0536#1,2026-09-18,Norm,CRYO-ELEVATOR,paint,ring,,,2026-09-18 17:01:00
20260918-210521-design-0537#1,2026-09-18,Norm,CRYO-ELEVATOR,paint,ring,,,2026-09-18 17:05:00
20260918-211050-design-0538#1,2026-09-18,Norm,LAB-OFFICE,paint,ring,,,2026-09-18 17:10:00
20260918-211546-design-0539#1,2026-09-18,Norm,MAIN-LAB,paint,ring,,,2026-09-18 17:15:00
20260918-211700-dev-0560#1,2026-09-18,Greg,UNDERWATER,paint,seed,yes,user change,2026-09-18 17:17:00
20260918-211700-dev-0560#2,2026-09-18,Greg,UNDERWATER,paint,seed,yes,user change,2026-09-18 17:17:00
20260918-211700-dev-0560#3,2026-09-18,Greg,UNDERWATER,paint,seed,yes,user change,2026-09-18 17:17:00
20260918-211832-design-0540#1,2026-09-18,Norm,MAIN-LAB,paint,ring,yes,re-delivery,2026-09-18 17:18:00
20260918-212118-design-0541#1,2026-09-18,Norm,MAIN-LAB,paint,ring,,,2026-09-18 17:21:00
20260918-212547-design-0542#1,2026-09-18,Norm,MAIN-LAB,paint,ring,,,2026-09-18 17:25:00
20260918-213047-design-0543#1,2026-09-18,Norm,RADIATION-LAB,paint,ring,,,2026-09-18 17:30:00
20260918-213619-design-0544#1,2026-09-18,Norm,RADIATION-LAB,paint,ring,,,2026-09-18 17:36:00
20260918-214119-design-0545#1,2026-09-18,Norm,RADIATION-LOCK-EAST,paint,ring,,,2026-09-18 17:41:00
20260918-214522-design-0546#1,2026-09-18,Norm,RADIATION-LOCK-EAST,paint,ring,,,2026-09-18 17:45:00
20260918-215018-design-0547#1,2026-09-18,Norm,RADIATION-LOCK-WEST,paint,ring,,,2026-09-18 17:50:00
20260918-215252-design-0548#1,2026-09-18,Norm,RADIATION-LOCK-WEST,paint,ring,,,2026-09-18 17:52:00
20260918-215820-design-0549#1,2026-09-18,Norm,BETTY-CONTROL-EAST,paint,ring,,,2026-09-18 17:58:00
20260918-220419-design-0550#1,2026-09-18,Norm,BETTY-CONTROL-EAST,paint,ring,,,2026-09-18 18:04:00
20260918-220731-dev-0562#1,2026-09-18,Greg,RADIATION-LAB,paint,cap,yes,sent back; re-delivery; R2+,2026-09-18 18:07:00
20260918-220731-dev-0562#2,2026-09-18,Greg,RADIATION-LAB,paint,ring,yes,sent back; re-delivery; R2+,2026-09-18 18:07:00
20260918-220731-dev-0563#1,2026-09-18,Greg,RADIATION-LOCK-EAST,paint,ring,yes,sent back; re-delivery; R2+,2026-09-18 18:07:00
20260918-220731-dev-0563#2,2026-09-18,Greg,RADIATION-LOCK-EAST,paint,ring,yes,sent back; re-delivery; R2+,2026-09-18 18:07:00
20260918-220731-dev-0564#1,2026-09-18,Greg,RADIATION-LOCK-WEST,paint,ring,yes,sent back; re-delivery; R2+,2026-09-18 18:07:00
20260918-220731-dev-0564#2,2026-09-18,Greg,RADIATION-LOCK-WEST,paint,ring,yes,sent back; re-delivery; R2+,2026-09-18 18:07:00
20260918-221018-dev-0565#1,2026-09-18,Greg,MAIN-LAB,paint,ring,yes,sent back; re-delivery; R2+,2026-09-18 18:10:00
20260918-221018-dev-0565#2,2026-09-18,Greg,MAIN-LAB,paint,cap,yes,sent back; re-delivery; R2+,2026-09-18 18:10:00
20260918-221018-dev-0565#3,2026-09-18,Greg,MAIN-LAB,paint,ring,yes,sent back; re-delivery; R2+,2026-09-18 18:10:00
20260918-221031-dev-0566#1,2026-09-18,Greg,LAB-OFFICE,paint,ring,yes,sent back; re-delivery; R2+,2026-09-18 18:10:00
20260918-221031-dev-0566#2,2026-09-18,Greg,LAB-OFFICE,paint,ring,yes,sent back; re-delivery; R2+,2026-09-18 18:10:00
20260918-221253-design-0551#1,2026-09-18,Norm,BETTY-CONTROL-WEST,paint,ring,,,2026-09-18 18:12:00
20260918-221552-design-0552#1,2026-09-18,Norm,RADIATION-LAB,paint,ring,yes,re-delivery; R2+,2026-09-18 18:15:00
20260918-222049-design-0553#1,2026-09-18,Norm,RADIATION-LAB,paint,ring,yes,re-delivery; R2+,2026-09-18 18:20:00
20260918-222242-dev-0568#1,2026-09-18,Greg,BIO-LOCK-WEST,paint,ring,yes,sent back; re-delivery; R2+,2026-09-18 18:22:00
20260918-222258-dev-0570#1,2026-09-18,Greg,CRYO-ANTEROOM,paint,cap,,,2026-09-18 18:22:00
20260918-222258-dev-0570#2,2026-09-18,Greg,CRYO-ANTEROOM,paint,cap,,,2026-09-18 18:22:00
20260918-222258-dev-0571#1,2026-09-18,Greg,CRYO-ELEVATOR,paint,cap,,,2026-09-18 18:22:00
20260918-222325-design-0554#1,2026-09-18,Norm,RADIATION-LOCK-EAST,paint,ring,yes,re-delivery; R2+,2026-09-18 18:23:00
20260918-222851-design-0555#1,2026-09-18,Norm,RADIATION-LOCK-EAST,paint,ring,yes,re-delivery; R2+,2026-09-18 18:28:00
20260918-223353-design-0556#1,2026-09-18,Norm,RADIATION-LOCK-WEST,paint,ring,yes,re-delivery; R2+,2026-09-18 18:33:00
20260918-223850-design-0557#1,2026-09-18,Norm,RADIATION-LOCK-WEST,paint,ring,yes,re-delivery; R2+,2026-09-18 18:38:00
20260918-224121-design-0558#1,2026-09-18,Norm,BIO-LOCK-WEST,paint,ring,yes,re-delivery; R2+,2026-09-18 18:41:00
20260918-224619-design-0559#1,2026-09-18,Norm,BIO-LOCK-WEST,paint,ring,yes,re-delivery; R2+,2026-09-18 18:46:00
20260918-224851-design-0560#1,2026-09-18,Norm,MAIN-LAB,paint,ring,yes,re-delivery; R2+,2026-09-18 18:48:00
20260918-225609-design-0561#1,2026-09-18,Norm,MAIN-LAB,paint,ring,yes,re-delivery; R2+,2026-09-18 18:56:00
20260918-225850-design-0562#1,2026-09-18,Norm,LAB-OFFICE,paint,ring,yes,re-delivery; R2+,2026-09-18 18:58:00
20260918-230146-design-0563#1,2026-09-18,Norm,LAB-OFFICE,paint,ring,yes,re-delivery; R2+,2026-09-18 19:01:00
20260918-230448-design-0564#1,2026-09-18,Norm,CRYO-ANTEROOM,paint,ring,,,2026-09-18 19:04:00
20260918-230739-design-0565#1,2026-09-18,Norm,CRYO-ELEVATOR,paint,ring,,,2026-09-18 19:07:00
20260918-230830-dev-0573#1,2026-09-18,Greg,MAIN-LAB,paint,ring,yes,sent back; re-delivery; R2+,2026-09-18 19:08:00
20260918-231010-design-0566#1,2026-09-18,Norm,BETTY-CONTROL-WEST,paint,ring,,,2026-09-18 19:10:00
20260918-231514-dev-0576#1,2026-09-18,Greg,BETTY-CONTROL-EAST,paint,seed,yes,sent back; re-delivery; R2+,2026-09-18 19:15:00
20260918-231545-design-0567#1,2026-09-18,Norm,MAIN-LAB,paint,ring,yes,re-delivery; R2+,2026-09-18 19:15:00
20260918-232141-design-0568#1,2026-09-18,Norm,BETTY-CONTROL-EAST,paint,ring,yes,re-delivery; R2+,2026-09-18 19:21:00
20260918-232623-dev-0578#1,2026-09-18,Greg,BIO-LOCK-WEST,paint,cap,,,2026-09-18 19:26:00
20260918-232623-dev-0578#2,2026-09-18,Greg,BIO-LOCK-WEST,paint,cap,,,2026-09-18 19:26:00
20260918-232707-design-0569#1,2026-09-18,Norm,SHUTTLE-CAR-BETTY,paint,ring,,,2026-09-18 19:27:00
20260918-232709-dev-0579#1,2026-09-18,Greg,RADIATION-LAB,paint,ring,yes,sent back; re-delivery; R2+,2026-09-18 19:27:00
20260918-233309-design-0570#1,2026-09-18,Norm,BIO-LOCK-WEST,paint,ring,,,2026-09-18 19:33:00
20260918-233542-design-0571#1,2026-09-18,Norm,RADIATION-LAB,paint,ring,yes,re-delivery; R2+,2026-09-18 19:35:00
20260918-233850-design-0572#1,2026-09-18,Norm,BIO-LOCK-WEST,paint,ring,,,2026-09-18 19:38:00
20260918-234411-design-0573#1,2026-09-18,Norm,AUXILIARY-BOOTH,paint,ring,,,2026-09-18 19:44:00
20260918-234513-dev-0581#1,2026-09-18,Greg,RADIATION-LOCK-WEST,paint,cap,,,2026-09-18 19:45:00
20260918-234513-dev-0581#2,2026-09-18,Greg,RADIATION-LOCK-WEST,paint,cap,,,2026-09-18 19:45:00
20260918-234513-dev-0581#3,2026-09-18,Greg,RADIATION-LOCK-WEST,paint,cap,,,2026-09-18 19:45:00
20260918-234753-design-0574#1,2026-09-18,Norm,AUXILIARY-BOOTH,paint,ring,,,2026-09-18 19:47:00
20260918-235313-design-0575#1,2026-09-18,Norm,RADIATION-LOCK-EAST,paint,ring,,,2026-09-18 19:53:00
20260919-000119-design-0576#1,2026-09-18,Norm,RADIATION-LOCK-WEST,paint,ring,,,2026-09-18 20:01:00
20260919-000844-design-0577#1,2026-09-18,Norm,RADIATION-LOCK-WEST,paint,ring,,,2026-09-18 20:08:00
20260919-001952-dev-0588#1,2026-09-18,Greg,RADIATION-LAB,paint,cap,,,2026-09-18 20:19:00
20260919-001952-dev-0588#2,2026-09-18,Greg,RADIATION-LAB,paint,cap,,,2026-09-18 20:19:00
20260919-001952-dev-0588#3,2026-09-18,Greg,RADIATION-LAB,paint,cap,,,2026-09-18 20:19:00
20260919-003223-design-0578#1,2026-09-18,Norm,BOOTH-2,paint,ring,,,2026-09-18 20:32:00
20260919-003511-dev-0589#1,2026-09-18,Greg,LAB-OFFICE,paint,ring,yes,sent back; re-delivery; R2+,2026-09-18 20:35:00
20260919-003746-design-0579#1,2026-09-18,Norm,BOOTH-2,paint,ring,,,2026-09-18 20:37:00
20260919-004543-design-0580#1,2026-09-18,Norm,RADIATION-LAB,paint,ring,,,2026-09-18 20:45:00
20260919-005912-design-0581#1,2026-09-18,Norm,LAB-OFFICE,paint,ring,yes,re-delivery; R2+,2026-09-18 20:59:00
20260919-010029-dev-0594#1,2026-09-18,Greg,CRYO-ELEVATOR,paint,variant,yes,R2+,2026-09-18 21:00:00
20260919-010331-dev-0595#1,2026-09-18,Greg,SHUTTLE-CAR-BETTY,paint,cap,,,2026-09-18 21:03:00
20260919-010331-dev-0595#2,2026-09-18,Greg,SHUTTLE-CAR-BETTY,paint,cap,,,2026-09-18 21:03:00
20260919-010331-dev-0595#3,2026-09-18,Greg,SHUTTLE-CAR-BETTY,paint,cap,,,2026-09-18 21:03:00
20260919-010811-design-0582#1,2026-09-18,Norm,AUXILIARY-BOOTH,paint,ring,,,2026-09-18 21:08:00
20260919-011546-design-0583#1,2026-09-18,Norm,AUXILIARY-BOOTH,paint,ring,,,2026-09-18 21:15:00
20260919-012122-design-0584#1,2026-09-18,Norm,CRYO-ELEVATOR,paint,ring,yes,R2+,2026-09-18 21:21:00
20260919-014028-dev-0596#1,2026-09-18,Greg,BIO-LOCK-EAST,objects,,yes,user change,2026-09-18 21:40:00
20260919-014028-dev-0596#2,2026-09-18,Greg,BIO-LOCK-EAST,objects,,yes,user change,2026-09-18 21:40:00
20260919-014028-dev-0596#3,2026-09-18,Greg,BIO-LOCK-EAST,objects,,yes,user change,2026-09-18 21:40:00
20260919-014028-dev-0596#4,2026-09-18,Greg,BIO-LOCK-EAST,objects,,yes,user change,2026-09-18 21:40:00
20260919-014046-design-0585#1,2026-09-18,Norm,BETTY-CONTROL-EAST,paint,ring,,,2026-09-18 21:40:00
20260919-014619-design-0586#1,2026-09-18,Norm,BETTY-CONTROL-WEST,paint,ring,,,2026-09-18 21:46:00
20260919-015149-design-0587#1,2026-09-18,Norm,BIO-LOCK-EAST,paint,ring,yes,user change,2026-09-18 21:51:00
20260919-015712-design-0588#1,2026-09-18,Norm,BIO-LOCK-EAST,paint,ring,yes,user change,2026-09-18 21:57:00
20260919-020213-design-0589#1,2026-09-18,Norm,BIO-LOCK-EAST,paint,ring,yes,user change,2026-09-18 22:02:00
20260919-020916-design-0590#1,2026-09-18,Norm,BIO-LOCK-EAST,paint,ring,yes,user change,2026-09-18 22:09:00
20260919-021342-dev-0597#1,2026-09-18,Greg,BIO-LOCK-EAST,,,yes,user change; R2+,2026-09-18 22:13:00
20260919-021342-dev-0597#2,2026-09-18,Greg,BIO-LOCK-EAST,,,yes,user change; R2+,2026-09-18 22:13:00
20260919-021618-design-0591#1,2026-09-18,Norm,SHUTTLE-CAR-BETTY,paint,ring,,,2026-09-18 22:16:00
20260919-022120-design-0592#1,2026-09-18,Norm,BIO-LOCK-EAST,paint,ring,yes,R2+; user change,2026-09-18 22:21:00
20260919-022438-design-0593#1,2026-09-18,Norm,ELEVATOR-LOBBY,paint,ring,,,2026-09-18 22:24:00
20260919-022755-design-0594#1,2026-09-18,Norm,STRIP-NEAR-RELAY,paint,ring,,,2026-09-18 22:27:00
20260919-023146-design-0595#1,2026-09-18,Norm,,paint,ring,,,2026-09-18 22:31:00
20260919-023444-design-0596#1,2026-09-18,Norm,SANFAC-E,paint,ring,,,2026-09-18 22:34:00
20260919-023501-design-0597#1,2026-09-18,Norm,SANFAC-E,paint,ring,,,2026-09-18 22:35:00
20260919-023816-design-0598#1,2026-09-18,Norm,SYSTEMS-MONITORS,paint,ring,,,2026-09-18 22:38:00
20260919-024121-design-0599#1,2026-09-18,Norm,SYSTEMS-MONITORS,paint,ring,,,2026-09-18 22:41:00
20260919-024550-design-0600#1,2026-09-18,Norm,SYSTEMS-CORRIDOR,paint,ring,,,2026-09-18 22:45:00
20260919-025016-design-0601#1,2026-09-18,Norm,SYSTEMS-CORRIDOR-WEST,paint,ring,,,2026-09-18 22:50:00
20260919-025522-design-0602#1,2026-09-18,Norm,TRANSPORTATION-SUPPLY,paint,ring,,,2026-09-18 22:55:00
20260919-025851-design-0603#1,2026-09-18,Norm,REPAIR-ROOM,paint,ring,,,2026-09-18 22:58:00
20260919-025912-design-0604#1,2026-09-18,Norm,REPAIR-ROOM,paint,ring,,,2026-09-18 22:59:00
20260919-030218-design-0605#1,2026-09-18,Norm,PLANETARY-COURSE-CONTROL,paint,ring,,,2026-09-18 23:02:00
20260919-030552-design-0606#1,2026-09-18,Norm,PLANETARY-COURSE-CONTROL,paint,ring,,,2026-09-18 23:05:00
20260919-030911-design-0607#1,2026-09-18,Norm,LIBRARY-LOBBY,paint,ring,yes,R2+,2026-09-18 23:09:00
20260919-031223-design-0608#1,2026-09-18,Norm,LIBRARY-LOBBY,paint,ring,yes,R2+,2026-09-18 23:12:00
20260919-031518-design-0609#1,2026-09-18,Norm,MECH-CORRIDOR-N,paint,ring,,,2026-09-18 23:15:00
20260919-032000-design-0610#1,2026-09-18,Norm,MECH-CORRIDOR-N,paint,ring,,,2026-09-18 23:20:00
20260919-032245-design-0611#1,2026-09-18,Norm,REC-CORRIDOR,paint,ring,,,2026-09-18 23:22:00
20260919-032721-design-0612#1,2026-09-18,Norm,REC-CORRIDOR,paint,ring,,,2026-09-18 23:27:00
20260919-033015-design-0613#1,2026-09-18,Norm,REC-AREA,paint,ring,,,2026-09-18 23:30:00
20260919-033445-design-0614#1,2026-09-18,Norm,REC-AREA,paint,ring,,,2026-09-18 23:34:00
20260919-033755-design-0615#1,2026-09-18,Norm,CORRIDOR-JUNCTION,paint,ring,,,2026-09-18 23:37:00
20260919-034056-design-0616#1,2026-09-18,Norm,CORRIDOR-JUNCTION,paint,ring,,,2026-09-18 23:40:00
20260919-034730-design-0617#1,2026-09-18,Norm,PLAIN-HALL,paint,ring,,,2026-09-18 23:47:00
20260919-035247-design-0618#1,2026-09-18,Norm,SYSTEMS-CORRIDOR-EAST,paint,ring,,,2026-09-18 23:52:00
20260919-035545-design-0619#1,2026-09-18,Norm,PLAN-ROOM,paint,ring,,,2026-09-18 23:55:00
20260919-035812-design-0620#1,2026-09-18,Norm,PLAN-ROOM,paint,ring,,,2026-09-18 23:58:00
20260919-040120-design-0621#1,2026-09-19,Norm,SMALL-OFFICE,paint,ring,,,2026-09-19 00:01:00
20260919-040412-design-0622#1,2026-09-19,Norm,SMALL-OFFICE,paint,ring,,,2026-09-19 00:04:00
20260919-040947-design-0623#1,2026-09-19,Norm,LARGE-OFFICE,paint,ring,,,2026-09-19 00:09:00
20260919-041342-design-0624#1,2026-09-19,Norm,LARGE-OFFICE,paint,ring,,,2026-09-19 00:13:00
20260919-041923-design-0625#1,2026-09-19,Norm,MECH-CORRIDOR,paint,ring,,,2026-09-19 00:19:00
20260919-042309-design-0626#1,2026-09-19,Norm,MECH-CORRIDOR,paint,ring,,,2026-09-19 00:23:00
20260919-042846-design-0627#1,2026-09-19,Norm,MECH-CORRIDOR-S,paint,ring,,,2026-09-19 00:28:00
20260919-043310-design-0628#1,2026-09-19,Norm,MECH-CORRIDOR-S,paint,ring,,,2026-09-19 00:33:00
20260919-043843-design-0629#1,2026-09-19,Norm,STORAGE-EAST,paint,ring,,,2026-09-19 00:38:00
20260919-044124-dev-0599#1,2026-09-19,Greg,MAIN-LAB,,,yes,R2+,2026-09-19 00:41:00
20260919-044124-dev-0599#2,2026-09-19,Greg,MAIN-LAB,,,yes,R2+,2026-09-19 00:41:00
20260919-044124-dev-0599#3,2026-09-19,Greg,MAIN-LAB,,,yes,R2+,2026-09-19 00:41:00
20260919-044241-design-0630#1,2026-09-19,Norm,STORAGE-EAST,paint,ring,,,2026-09-19 00:42:00
20260919-044811-design-0631#1,2026-09-19,Norm,MAIN-LAB,paint,ring,yes,R2+,2026-09-19 00:48:00
20260919-045845-design-0632#1,2026-09-19,Norm,BIO-LOCK-WEST,paint,ring,yes,R2+; user change,2026-09-19 00:58:00
20260919-045932-dev-0601#1,2026-09-19,Greg,BETTY-CONTROL-EAST,paint,cap,yes,sent back; re-delivery; R2+,2026-09-19 00:59:00
20260919-045932-dev-0601#2,2026-09-19,Greg,BETTY-CONTROL-EAST,paint,cap,yes,sent back; re-delivery; R2+,2026-09-19 00:59:00
20260919-050643-design-0633#1,2026-09-19,Norm,BIO-LOCK-EAST,paint,ring,yes,R2+; user change,2026-09-19 01:06:00
20260919-052148-design-0634#1,2026-09-19,Norm,BETTY-CONTROL-EAST,paint,ring,yes,re-delivery; R2+,2026-09-19 01:21:00
20260919-052952-design-0635#1,2026-09-19,Norm,BETTY-CONTROL-WEST,paint,ring,yes,re-delivery; R2+,2026-09-19 01:29:00
20260919-053351-dev-0606#1,2026-09-19,Greg,LAB-OFFICE,paint,ring,yes,R2+; sent back; re-delivery,2026-09-19 01:33:00
20260919-053858-design-0636#1,2026-09-19,Norm,PHYSICAL-PLANT,paint,ring,,,2026-09-19 01:38:00
20260919-054733-dev-0607#1,2026-09-19,Greg,PLAN-ROOM,paint,ring,yes,R2+; sent back; re-delivery,2026-09-19 01:47:00
20260919-054734-dev-0608#1,2026-09-19,Greg,SMALL-OFFICE,paint,ring,yes,R2+; sent back; re-delivery,2026-09-19 01:47:00
20260919-054736-dev-0609#1,2026-09-19,Greg,STORAGE-EAST,paint,ring,yes,R2+; sent back; re-delivery,2026-09-19 01:47:00
20260919-054918-design-0637#1,2026-09-19,Norm,PHYSICAL-PLANT,paint,ring,,,2026-09-19 01:49:00
20260919-055949-design-0638#1,2026-09-19,Norm,LAB-OFFICE,paint,ring,yes,re-delivery; R2+,2026-09-19 01:59:00
20260919-061450-design-0639#1,2026-09-19,Norm,PLAN-ROOM,paint,ring,yes,re-delivery; R2+,2026-09-19 02:14:00
20260919-061734-dev-0621#1,2026-09-19,Greg,REPAIR-ROOM,paint,ring,yes,sent back; re-delivery; R2+,2026-09-19 02:17:00
20260919-062250-design-0640#1,2026-09-19,Norm,SMALL-OFFICE,paint,ring,yes,re-delivery; R2+,2026-09-19 02:22:00
20260919-062548-design-0641#1,2026-09-19,Norm,SMALL-OFFICE,paint,ring,yes,re-delivery; R2+,2026-09-19 02:25:00
20260919-063318-design-0642#1,2026-09-19,Norm,STORAGE-EAST,paint,ring,yes,re-delivery; R2+,2026-09-19 02:33:00
20260919-063819-design-0643#1,2026-09-19,Norm,REPAIR-ROOM,paint,ring,yes,re-delivery; R2+,2026-09-19 02:38:00
20260919-063854-dev-0624#1,2026-09-19,Greg,REC-CORRIDOR,layout,,yes,R2+; re-delivery,2026-09-19 02:38:00
20260919-064705-design-0644#1,2026-09-19,Norm,TOOL-ROOM,paint,ring,,,2026-09-19 02:47:00
20260919-064950-design-0645#1,2026-09-19,Norm,TOOL-ROOM,paint,ring,,,2026-09-19 02:49:00
20260919-065623-design-0646#1,2026-09-19,Norm,REC-CORRIDOR,paint,ring,yes,re-delivery; R2+,2026-09-19 02:56:00
20260919-070201-design-0647#1,2026-09-19,Norm,MACHINE-SHOP,paint,ring,,,2026-09-19 03:02:00
20260919-070723-design-0648#1,2026-09-19,Norm,MACHINE-SHOP,paint,ring,,,2026-09-19 03:07:00
20260919-071256-design-0649#1,2026-09-19,Norm,ROBOT-SHOP,paint,ring,,,2026-09-19 03:12:00
20260919-071722-design-0650#1,2026-09-19,Norm,ROBOT-SHOP,paint,ring,,,2026-09-19 03:17:00
20260919-072231-design-0651#1,2026-09-19,Norm,REACTOR-CONTROL,paint,ring,,,2026-09-19 03:22:00
20260919-072531-design-0652#1,2026-09-19,Norm,REACTOR-ACCESS-STAIRS,paint,ring,,,2026-09-19 03:25:00
20260919-072823-design-0653#1,2026-09-19,Norm,REACTOR-ACCESS-STAIRS,paint,ring,,,2026-09-19 03:28:00
20260919-073136-design-0654#1,2026-09-19,Norm,REACTOR-ELEVATOR,paint,ring,,,2026-09-19 03:31:00
20260919-073149-design-0655#1,2026-09-19,Norm,REACTOR-ELEVATOR,paint,ring,,,2026-09-19 03:31:00
20260919-073849-design-0656#1,2026-09-19,Norm,CONFERENCE-ROOM,paint,ring,yes,re-delivery; R2+; user change,2026-09-19 03:38:00
20260919-074151-design-0657#1,2026-09-19,Norm,PLANETARY-DEFENSE,paint,ring,,,2026-09-19 03:41:00
20260919-074521-design-0658#1,2026-09-19,Norm,LIBRARY,paint,ring,,,2026-09-19 03:45:00
20260919-074924-design-0659#1,2026-09-19,Norm,LIBRARY,paint,ring,,,2026-09-19 03:49:00
20260919-075230-design-0660#1,2026-09-19,Norm,LIBRARY-LOBBY,paint,ring,yes,R2+,2026-09-19 03:52:00
20260919-075729-design-0661#1,2026-09-19,Norm,BOOTH-3,paint,ring,yes,re-delivery; R2+; user change,2026-09-19 03:57:00
20260919-080255-design-0662#1,2026-09-19,Norm,STATION-384,paint,ring,yes,re-delivery; R2+,2026-09-19 04:02:00
20260919-080833-design-0663#1,2026-09-19,Norm,UNDERWATER,paint,ring,yes,user change,2026-09-19 04:08:00
20260919-081452-design-0664#1,2026-09-19,Norm,UNDERWATER,paint,ring,yes,user change,2026-09-19 04:14:00
20260919-082125-design-0665#1,2026-09-19,Norm,UNDERWATER,paint,ring,yes,user change,2026-09-19 04:21:00
20260919-082755-design-0666#1,2026-09-19,Norm,LAB-STORAGE,paint,ring,yes,R2+,2026-09-19 04:27:00
20260919-083559-design-0667#1,2026-09-19,Norm,PROJECT-CORRIDOR,paint,ring,yes,re-delivery; R2+,2026-09-19 04:35:00
20260919-100333-design-0669#1,2026-09-19,Norm,ALFIE-CONTROL-EAST,paint,ring,yes,user change,2026-09-19 06:03:00
20260919-100625-design-0670#1,2026-09-19,Norm,ALFIE-CONTROL-EAST,paint,ring,yes,user change,2026-09-19 06:06:00
20260919-100856-design-0671#1,2026-09-19,Norm,ALFIE-CONTROL-EAST,paint,ring,yes,user change,2026-09-19 06:08:00
20260919-101159-dev-0629#1,2026-09-19,Greg,RADIATION-LOCK-WEST,paint,cap,yes,R2+,2026-09-19 06:11:00
20260919-101159-dev-0629#2,2026-09-19,Greg,RADIATION-LOCK-WEST,meta,,yes,R2+,2026-09-19 06:11:00
20260919-101541-design-0672#1,2026-09-19,Norm,ALFIE-CONTROL-WEST,paint,ring,yes,user change,2026-09-19 06:15:00
20260919-102703-design-0673#1,2026-09-19,Norm,RADIATION-LOCK-WEST,paint,ring,yes,re-delivery; R2+,2026-09-19 06:27:00
20260919-103502-design-0674#1,2026-09-19,Norm,RADIATION-LOCK-WEST,paint,ring,yes,re-delivery; R2+,2026-09-19 06:35:00
20260919-103711-dev-0633#1,2026-09-19,Greg,TOOL-ROOM,paint,seed,yes,sent back; re-delivery; R2+,2026-09-19 06:37:00
20260919-103711-dev-0633#2,2026-09-19,Greg,TOOL-ROOM,paint,ring,yes,sent back; re-delivery; R2+,2026-09-19 06:37:00
20260919-105104-design-0675#1,2026-09-19,Norm,RADIATION-LOCK-WEST,paint,ring,yes,re-delivery; R2+,2026-09-19 06:51:00
20260919-105902-dev-0641#1,2026-09-19,Greg,SMALL-OFFICE,paint,ring,yes,R2+; sent back; re-delivery,2026-09-19 06:59:00
20260919-110134-dev-0647#1,2026-09-19,Greg,LIBRARY,paint,ring,yes,R2+; sent back; re-delivery,2026-09-19 07:01:00
20260919-110157-design-0676#1,2026-09-19,Norm,RADIATION-LOCK-WEST,paint,ring,yes,R2+,2026-09-19 07:01:00
20260919-111141-design-0677#1,2026-09-19,Norm,RADIATION-LOCK-WEST,paint,ring,yes,R2+,2026-09-19 07:11:00
20260919-111438-design-0678#1,2026-09-19,Norm,RADIATION-LOCK-WEST,paint,ring,yes,R2+,2026-09-19 07:14:00
20260919-112123-dev-0659#1,2026-09-19,Greg,REACTOR-ACCESS-STAIRS,paint,seed,yes,sent back; re-delivery; R2+,2026-09-19 07:21:00
20260919-112300-design-0679#1,2026-09-19,Norm,TOOL-ROOM,paint,ring,yes,re-delivery; R2+,2026-09-19 07:23:00
20260919-113034-dev-0664#1,2026-09-19,Greg,CONFERENCE-ROOM,paint,variant,yes,R2+; sent back; user change,2026-09-19 07:30:00
20260919-114342-design-0680#1,2026-09-19,Norm,TOOL-ROOM,paint,ring,yes,re-delivery; R2+,2026-09-19 07:43:00
20260919-114445-design-0681#1,2026-09-19,Norm,CONFERENCE-ROOM,paint,ring,yes,re-delivery; R2+; user change,2026-09-19 07:44:00
20260919-114652-design-0682#1,2026-09-19,Norm,CONFERENCE-ROOM,paint,ring,yes,R2+; user change,2026-09-19 07:46:00
20260919-114714-design-0683#1,2026-09-19,Norm,CONFERENCE-ROOM,paint,ring,yes,R2+; user change,2026-09-19 07:47:00
20260919-114952-design-0684#1,2026-09-19,Norm,SMALL-OFFICE,paint,ring,yes,re-delivery; R2+,2026-09-19 07:49:00
20260919-115220-design-0685#1,2026-09-19,Norm,LIBRARY,paint,ring,yes,re-delivery; R2+,2026-09-19 07:52:00
20260919-115742-design-0686#1,2026-09-19,Norm,REACTOR-ACCESS-STAIRS,paint,ring,yes,re-delivery; R2+,2026-09-19 07:57:00
20260919-115811-design-0687#1,2026-09-19,Norm,REACTOR-ACCESS-STAIRS,paint,ring,yes,re-delivery; R2+,2026-09-19 07:58:00
20260919-115928-dev-0669#1,2026-09-19,Greg,CONFERENCE-ROOM,paint,variant,yes,R2+; sent back; user change; re-delivery,2026-09-19 07:59:00
20260919-120344-dev-0670#1,2026-09-19,Greg,CONFERENCE-ROOM,paint,variant,yes,R2+; user change; re-delivery,2026-09-19 08:03:00
20260919-120722-dev-0677#1,2026-09-19,Greg,LAB-STORAGE,paint,ring,yes,R2+; sent back; re-delivery,2026-09-19 08:07:00
20260919-120940-design-0688#1,2026-09-19,Norm,CONFERENCE-ROOM,paint,ring,yes,re-delivery; R2+; user change,2026-09-19 08:09:00
20260919-121303-dev-0679#1,2026-09-19,Greg,,paint,cap,,,2026-09-19 08:13:00
20260919-121303-dev-0679#2,2026-09-19,Greg,,paint,cap,,,2026-09-19 08:13:00
20260919-121303-dev-0679#3,2026-09-19,Greg,,paint,cap,,,2026-09-19 08:13:00
20260919-121303-dev-0679#4,2026-09-19,Greg,,paint,cap,,,2026-09-19 08:13:00
20260919-121303-dev-0679#5,2026-09-19,Greg,,paint,cap,,,2026-09-19 08:13:00
20260919-121303-dev-0679#6,2026-09-19,Greg,,paint,cap,,,2026-09-19 08:13:00
20260919-121303-dev-0679#7,2026-09-19,Greg,,paint,cap,,,2026-09-19 08:13:00
20260919-121836-dev-0681#1,2026-09-19,Greg,REACTOR-ACCESS-STAIRS,paint,seed,yes,sent back; re-delivery; R2+,2026-09-19 08:18:00
20260919-121852-design-0689#1,2026-09-19,Norm,LAB-STORAGE,paint,ring,yes,re-delivery; R2+,2026-09-19 08:18:00
20260919-122046-dev-0682#1,2026-09-19,Greg,CONFERENCE-ROOM,paint,variant,yes,R2+; sent back; user change; re-delivery,2026-09-19 08:20:00
20260919-122307-dev-0683#1,2026-09-19,Greg,LIBRARY,paint,ring,yes,R2+; sent back; re-delivery,2026-09-19 08:23:00
20260919-122420-design-0690#1,2026-09-19,Norm,STORAGE-EAST,paint,ring,,,2026-09-19 08:24:00
20260919-122721-design-0691#1,2026-09-19,Norm,CONFERENCE-ROOM,paint,ring,yes,re-delivery; R2+; user change,2026-09-19 08:27:00
20260919-123251-design-0692#1,2026-09-19,Norm,REACTOR-ACCESS-STAIRS,paint,ring,yes,re-delivery; R2+,2026-09-19 08:32:00
20260919-123640-dev-0684#1,2026-09-19,Greg,CONFERENCE-ROOM,paint,variant,yes,R2+; sent back; user change; re-delivery,2026-09-19 08:36:00
20260919-123850-design-0693#1,2026-09-19,Norm,LIBRARY,paint,ring,yes,re-delivery; R2+,2026-09-19 08:38:00
20260919-123922-dev-0685#1,2026-09-19,Greg,ALFIE-CONTROL-EAST,paint,variant,yes,user change,2026-09-19 08:39:00
20260919-123922-dev-0685#2,2026-09-19,Greg,ALFIE-CONTROL-EAST,paint,variant,yes,user change,2026-09-19 08:39:00
20260919-124109-dev-0686#1,2026-09-19,Greg,REACTOR-ACCESS-STAIRS,paint,seed,yes,sent back; re-delivery; R2+,2026-09-19 08:41:00
20260919-124201-design-0694#1,2026-09-19,Norm,STORAGE-EAST,paint,ring,,,2026-09-19 08:42:00
20260919-124422-design-0695#1,2026-09-19,Norm,REPAIR-ROOM,paint,ring,,,2026-09-19 08:44:00
20260919-125102-design-0696#1,2026-09-19,Norm,CONFERENCE-ROOM,paint,ring,yes,re-delivery; R2+; user change,2026-09-19 08:51:00
20260919-125115-design-0697#1,2026-09-19,Norm,CONFERENCE-ROOM,paint,ring,yes,re-delivery; R2+; user change,2026-09-19 08:51:00
20260919-125652-design-0698#1,2026-09-19,Norm,MACHINE-SHOP,paint,ring,,,2026-09-19 08:56:00
20260919-130254-design-0699#1,2026-09-19,Norm,ROBOT-SHOP,paint,ring,,,2026-09-19 09:02:00
20260919-130414-dev-0688#1,2026-09-19,Greg,CONFERENCE-ROOM,paint,variant,yes,R2+; sent back; user change; re-delivery,2026-09-19 09:04:00
20260919-130925-design-0700#1,2026-09-19,Norm,ELEVATOR-LOBBY,paint,ring,,,2026-09-19 09:09:00
20260919-130954-dev-0690#1,2026-09-19,Greg,SMALL-OFFICE,paint,ring,yes,R2+; sent back; re-delivery,2026-09-19 09:09:00
20260919-131549-design-0701#1,2026-09-19,Norm,CONFERENCE-ROOM,paint,ring,yes,re-delivery; R2+; user change,2026-09-19 09:15:00
20260919-132200-design-0702#1,2026-09-19,Norm,PLAN-ROOM,paint,ring,,,2026-09-19 09:22:00
20260919-132824-design-0703#1,2026-09-19,Norm,SMALL-OFFICE,paint,ring,yes,re-delivery; R2+,2026-09-19 09:28:00
20260919-133416-design-0704#1,2026-09-19,Norm,REACTOR-ACCESS-STAIRS,paint,ring,yes,re-delivery; R2+,2026-09-19 09:34:00
20260919-133721-design-0705#1,2026-09-19,Norm,REACTOR-ACCESS-STAIRS,paint,ring,yes,re-delivery; R2+,2026-09-19 09:37:00
20260919-134718-dev-0693#1,2026-09-19,Greg,,paint,cap,,,2026-09-19 09:47:00
20260919-134718-dev-0693#2,2026-09-19,Greg,,paint,cap,yes,withdrawn,2026-09-19 09:47:00
20260919-134920-design-0706#1,2026-09-19,Norm,ALFIE-CONTROL-EAST,paint,ring,yes,user change,2026-09-19 09:49:00
20260919-135300-design-0707#1,2026-09-19,Norm,ALFIE-CONTROL-WEST,paint,ring,yes,user change,2026-09-19 09:53:00
20260919-135858-design-0708#1,2026-09-19,Norm,LAB-OFFICE,paint,ring,,,2026-09-19 09:58:00
20260919-140429-design-0709#1,2026-09-19,Norm,MACHINE-SHOP,paint,ring,,,2026-09-19 10:04:00
20260919-141251-design-0710#1,2026-09-19,Norm,PROJCON-OFFICE,paint,ring,,,2026-09-19 10:12:00
20260919-142005-dev-0696#1,2026-09-19,Greg,,paint,cap,,,2026-09-19 10:20:00
20260919-142005-dev-0696#2,2026-09-19,Greg,,paint,cap,,,2026-09-19 10:20:00
20260919-142005-dev-0696#3,2026-09-19,Greg,,paint,cap,,,2026-09-19 10:20:00
20260919-142005-dev-0696#4,2026-09-19,Greg,,paint,cap,,,2026-09-19 10:20:00
20260919-142005-dev-0696#5,2026-09-19,Greg,,paint,cap,,,2026-09-19 10:20:00
20260919-142005-dev-0696#6,2026-09-19,Greg,,paint,cap,,,2026-09-19 10:20:00
20260919-142440-dev-0698#1,2026-09-19,Greg,LAB-STORAGE,layout,,,,2026-09-19 10:24:00
20260919-143059-design-0711#1,2026-09-19,Norm,PHYSICAL-PLANT,paint,ring,,,2026-09-19 10:30:00
20260919-143826-design-0712#1,2026-09-19,Norm,CONFERENCE-ROOM,paint,ring,yes,R2+; user change,2026-09-19 10:38:00
20260919-144249-design-0713#1,2026-09-19,Norm,REACTOR-CONTROL,paint,ring,,,2026-09-19 10:42:00
20260919-144619-dev-0699#1,2026-09-19,Greg,REACTOR-ACCESS-STAIRS,paint,ring,yes,sent back; re-delivery; R2+,2026-09-19 10:46:00
20260919-144816-design-0714#1,2026-09-19,Norm,REACTOR-ELEVATOR,paint,ring,,,2026-09-19 10:48:00
20260919-145304-design-0715#1,2026-09-19,Norm,REACTOR-ELEVATOR,paint,ring,,,2026-09-19 10:53:00
20260919-145532-dev-0700#1,2026-09-19,Greg,SMALL-OFFICE,paint,ring,yes,R2+,2026-09-19 10:55:00
20260919-145643-design-0716#1,2026-09-19,Norm,TOOL-ROOM,paint,ring,,,2026-09-19 10:56:00
20260919-150015-design-0718#1,2026-09-19,Norm,PLAN-ROOM,paint,ring,,,2026-09-19 11:00:00
20260919-150356-design-0719#1,2026-09-19,Norm,LAB-STORAGE,paint,ring,,,2026-09-19 11:03:00
20260919-150814-design-0720#1,2026-09-19,Norm,LAB-STORAGE,paint,ring,,,2026-09-19 11:08:00
20260919-151953-design-0721#1,2026-09-19,Norm,REACTOR-ACCESS-STAIRS,paint,ring,yes,re-delivery; R2+,2026-09-19 11:19:00
20260919-152659-design-0722#1,2026-09-19,Norm,REACTOR-ACCESS-STAIRS,paint,ring,yes,re-delivery; R2+,2026-09-19 11:26:00
20260919-231052-design-0723#1,2026-09-19,Norm,,paint,ring,,,2026-09-19 19:10:00
20260920-212029-dev-0706#1,2026-09-20,Greg,UNDERWATER-D2,paint,ring,,,2026-09-20 17:20:00
20260920-212029-dev-0706#2,2026-09-20,Greg,UNDERWATER-D2,layout,,,,2026-09-20 17:20:00
20260920-212029-dev-0706#3,2026-09-20,Greg,UNDERWATER-D2,layout,,,,2026-09-20 17:20:00
20260920-212029-dev-0706#4,2026-09-20,Greg,UNDERWATER-D2,layout,,,,2026-09-20 17:20:00
20260920-212705-design-0724#1,2026-09-20,Norm,UNDERWATER-D2,paint,ring,,,2026-09-20 17:27:00
20260920-214359-dev-0708#1,2026-09-20,Greg,UNDERWATER,paint,cap,yes,R2+; user change; re-delivery,2026-09-20 17:43:00
20260920-214411-dev-0709#1,2026-09-20,Greg,UNDERWATER-D1,layout,,,,2026-09-20 17:44:00
20260920-214411-dev-0709#2,2026-09-20,Greg,UNDERWATER-D1,layout,,,,2026-09-20 17:44:00
20260920-214411-dev-0709#3,2026-09-20,Greg,UNDERWATER-D1,layout,,,,2026-09-20 17:44:00
20260920-214411-dev-0709#4,2026-09-20,Greg,UNDERWATER-D1,layout,,,,2026-09-20 17:44:00
20260920-214919-design-0725#1,2026-09-20,Norm,UNDERWATER,paint,ring,yes,re-delivery; R2+; user change,2026-09-20 17:49:00
20260920-215250-dev-0710#1,2026-09-20,Greg,UNDERWATER,layout,,yes,R2+; sent back; user change; re-delivery,2026-09-20 17:52:00
20260920-215642-design-0726#1,2026-09-20,Norm,UNDERWATER-D1,paint,cap,,,2026-09-20 17:56:00
20260920-220018-design-0727#1,2026-09-20,Norm,UNDERWATER,paint,ring,yes,re-delivery; R2+; user change,2026-09-20 18:00:00
20260920-221144-dev-0713#1,2026-09-20,Greg,UNDERWATER-D0,layout,,,,2026-09-20 18:11:00
20260920-221144-dev-0713#2,2026-09-20,Greg,UNDERWATER-D0,layout,,,,2026-09-20 18:11:00
20260920-221144-dev-0713#3,2026-09-20,Greg,UNDERWATER-D0,layout,,,,2026-09-20 18:11:00
20260920-221144-dev-0713#4,2026-09-20,Greg,UNDERWATER-D0,layout,,,,2026-09-20 18:11:00
20260920-221413-dev-0714#1,2026-09-20,Greg,UNDERWATER-D2,layout,,yes,R2+,2026-09-20 18:14:00
20260920-222507-design-0728#1,2026-09-20,Norm,UNDERWATER-D0,paint,cap,,,2026-09-20 18:25:00
20260920-222814-design-0729#1,2026-09-20,Norm,UNDERWATER-D2,paint,cap,yes,R2+,2026-09-20 18:28:00
20260920-225927-dev-0721#1,2026-09-20,Greg,UNDERWATER-D2,layout,,yes,R2+; user change; re-delivery,2026-09-20 18:59:00
20260920-225927-dev-0721#2,2026-09-20,Greg,UNDERWATER-D2,layout,,yes,R2+; user change; re-delivery,2026-09-20 18:59:00
20260920-225927-dev-0721#3,2026-09-20,Greg,UNDERWATER-D2,layout,,yes,R2+; user change; re-delivery,2026-09-20 18:59:00
20260920-230355-design-0730#1,2026-09-20,Norm,UNDERWATER-D2,paint,ring,yes,re-delivery; R2+; user change,2026-09-20 19:03:00
20260920-230854-design-0731#1,2026-09-20,Norm,UNDERWATER-D2,paint,ring,yes,re-delivery; R2+; user change,2026-09-20 19:08:00
20260920-231310-dev-0724#1,2026-09-20,Greg,UNDERWATER-D1,layout,,,,2026-09-20 19:13:00
20260920-231334-dev-0725#1,2026-09-20,Greg,UNDERWATER-D0,layout,,,,2026-09-20 19:13:00
20260920-231356-design-0732#1,2026-09-20,Norm,UNDERWATER-D2,paint,ring,yes,re-delivery; R2+; user change,2026-09-20 19:13:00
20260920-231917-design-0733#1,2026-09-20,Norm,UNDERWATER-D1,paint,cap,,,2026-09-20 19:19:00
20260920-232502-design-0734#1,2026-09-20,Norm,UNDERWATER-D0,paint,cap,,,2026-09-20 19:25:00
20260921-004104-dev-0748#1,2026-09-20,Greg,LIBRARY,layout,,,,2026-09-20 20:41:00
20260921-004104-dev-0748#2,2026-09-20,Greg,LIBRARY,layout,,,,2026-09-20 20:41:00
20260921-004413-dev-0749#1,2026-09-20,Greg,,layout,,yes,re-delivery,2026-09-20 20:44:00
20260921-004413-dev-0749#2,2026-09-20,Greg,,layout,,,,2026-09-20 20:44:00
20260921-004413-dev-0749#3,2026-09-20,Greg,,layout,,,,2026-09-20 20:44:00
20260921-004413-dev-0749#4,2026-09-20,Greg,,layout,,,,2026-09-20 20:44:00
20260921-004413-dev-0749#5,2026-09-20,Greg,,layout,,,,2026-09-20 20:44:00
20260921-004413-dev-0749#6,2026-09-20,Greg,,layout,,,,2026-09-20 20:44:00
20260921-004413-dev-0749#7,2026-09-20,Greg,,layout,,,,2026-09-20 20:44:00
20260921-004413-dev-0749#8,2026-09-20,Greg,,layout,,,,2026-09-20 20:44:00
20260921-004413-dev-0749#9,2026-09-20,Greg,,layout,,,,2026-09-20 20:44:00
20260921-004413-dev-0749#10,2026-09-20,Greg,,layout,,,,2026-09-20 20:44:00
20260921-004413-dev-0749#11,2026-09-20,Greg,,layout,,,,2026-09-20 20:44:00
20260921-004413-dev-0749#12,2026-09-20,Greg,,layout,,,,2026-09-20 20:44:00
20260921-004413-dev-0749#13,2026-09-20,Greg,,layout,,,,2026-09-20 20:44:00
20260921-004920-design-0735#1,2026-09-20,Norm,LIBRARY,paint,ring,,,2026-09-20 20:49:00
20260921-005430-design-0736#1,2026-09-20,Norm,PHYSICAL-PLANT,paint,cap,yes,re-delivery,2026-09-20 20:54:00
20260921-005827-design-0737#1,2026-09-20,Norm,PLAIN-HALL,paint,cap,,,2026-09-20 20:58:00
20260921-010156-design-0738#1,2026-09-20,Norm,REC-AREA,paint,cap,,,2026-09-20 21:01:00
20260921-010659-design-0739#1,2026-09-20,Norm,CORRIDOR-JUNCTION,paint,cap,,,2026-09-20 21:06:00
20260921-011457-design-0740#1,2026-09-20,Norm,BOOTH-2,paint,cap,,,2026-09-20 21:14:00
20260921-012341-design-0741#1,2026-09-20,Norm,SYSTEMS-CORRIDOR-EAST,paint,cap,,,2026-09-20 21:23:00
20260921-012355-dev-0751#1,2026-09-20,Greg,LIBRARY,,,yes,sent back; re-delivery; R2+,2026-09-20 21:23:00
20260921-013842-design-0742#1,2026-09-20,Norm,PLANETARY-COURSE-CONTROL,paint,cap,,,2026-09-20 21:38:00
20260921-014130-design-0743#1,2026-09-20,Norm,LIBRARY-LOBBY,paint,cap,,,2026-09-20 21:41:00
20260921-014401-design-0744#1,2026-09-20,Norm,SMALL-OFFICE,paint,cap,,,2026-09-20 21:44:00
20260921-014655-design-0745#1,2026-09-20,Norm,LARGE-OFFICE,paint,cap,,,2026-09-20 21:46:00
20260921-015557-design-0746#1,2026-09-20,Norm,MECH-CORRIDOR-N,paint,cap,,,2026-09-20 21:55:00
20260921-015928-design-0747#1,2026-09-20,Norm,MECH-CORRIDOR,paint,cap,,,2026-09-20 21:59:00
20260921-020349-design-0748#1,2026-09-20,Norm,MECH-CORRIDOR-S,paint,cap,,,2026-09-20 22:03:00
20260921-021422-design-0749#1,2026-09-20,Norm,LIBRARY,paint,ring,yes,re-delivery; R2+,2026-09-20 22:14:00
20260921-021706-dev-0755#1,2026-09-20,Greg,,layout,,,,2026-09-20 22:17:00
20260921-021706-dev-0755#2,2026-09-20,Greg,,layout,,,,2026-09-20 22:17:00
20260921-021706-dev-0755#3,2026-09-20,Greg,,layout,,,,2026-09-20 22:17:00
20260921-021706-dev-0755#4,2026-09-20,Greg,,layout,,,,2026-09-20 22:17:00
20260921-022621-design-0750#1,2026-09-20,Norm,BOOTH-2,paint,cap,,,2026-09-20 22:26:00
20260921-023140-design-0751#1,2026-09-20,Norm,SMALL-OFFICE,paint,cap,,,2026-09-20 22:31:00
20260921-023802-design-0752#1,2026-09-20,Norm,STRIP-NEAR-RELAY,paint,cap,,,2026-09-20 22:38:00
20260921-024203-design-0753#1,2026-09-20,Norm,STRIP-NEAR-RELAY,paint,cap,,,2026-09-20 22:42:00
20260921-025250-dev-0757#1,2026-09-20,Greg,,layout,,,,2026-09-20 22:52:00
20260921-025250-dev-0757#2,2026-09-20,Greg,,layout,,,,2026-09-20 22:52:00
20260921-025250-dev-0757#3,2026-09-20,Greg,,layout,,,,2026-09-20 22:52:00
20260921-030239-design-0754#1,2026-09-20,Norm,LIBRARY,paint,cap,,,2026-09-20 23:02:00
20260921-030306-dev-0758#1,2026-09-20,Greg,SMALL-OFFICE,paint,cap,yes,sent back; re-delivery; R2+,2026-09-20 23:03:00
20260921-030934-design-0755#1,2026-09-20,Norm,LAB-STORAGE,paint,cap,,,2026-09-20 23:09:00
20260921-031405-design-0756#1,2026-09-20,Norm,LAB-STORAGE,paint,cap,,,2026-09-20 23:14:00
20260921-031918-design-0757#1,2026-09-20,Norm,SMALL-OFFICE,paint,cap,yes,re-delivery; R2+,2026-09-20 23:19:00
20260921-035438-dev-0771#1,2026-09-20,Greg,SMALL-OFFICE,paint,cap,yes,sent back; re-delivery; R2+,2026-09-20 23:54:00
20260921-035504-dev-0772#1,2026-09-20,Greg,LIBRARY,layout,,yes,sent back; re-delivery; R2+,2026-09-20 23:55:00
20260921-035908-dev-0773#1,2026-09-20,Greg,REACTOR-ACCESS-STAIRS,layout,,,,2026-09-20 23:59:00
20260921-035908-dev-0773#2,2026-09-20,Greg,REACTOR-ACCESS-STAIRS,layout,,,,2026-09-20 23:59:00
20260921-040322-design-0758#1,2026-09-21,Norm,SMALL-OFFICE,paint,cap,yes,re-delivery; R2+,2026-09-21 00:03:00
20260921-041506-design-0759#1,2026-09-21,Norm,LIBRARY,paint,cap,yes,re-delivery; R2+,2026-09-21 00:15:00
20260921-042314-design-0760#1,2026-09-21,Norm,REACTOR-ACCESS-STAIRS,paint,cap,,,2026-09-21 00:23:00
20260921-042633-design-0761#1,2026-09-21,Norm,REACTOR-ACCESS-STAIRS,paint,cap,,,2026-09-21 00:26:00
20260921-043232-dev-0775#1,2026-09-21,Greg,LIBRARY,layout,,yes,sent back; re-delivery; R2+,2026-09-21 00:32:00
20260921-043707-design-0762#1,2026-09-21,Norm,LIBRARY,paint,cap,yes,re-delivery; R2+,2026-09-21 00:37:00
20260921-120211-dev-0780#1,2026-09-21,Greg,ESCAPE-POD,paint,variant,yes,user change; re-delivery; R2+,2026-09-21 08:02:00
20260921-120211-dev-0780#2,2026-09-21,Greg,ESCAPE-POD,paint,variant,yes,user change; re-delivery; R2+,2026-09-21 08:02:00
20260921-120211-dev-0780#3,2026-09-21,Greg,ESCAPE-POD,paint,variant,yes,user change; re-delivery; R2+,2026-09-21 08:02:00
20260921-122050-design-0763#1,2026-09-21,Norm,ESCAPE-POD,paint,variant,yes,re-delivery; R2+; user change,2026-09-21 08:20:00
20260921-123308-dev-0781#1,2026-09-21,Greg,ESCAPE-POD,paint,variant,yes,sent back; user change; re-delivery; R2+,2026-09-21 08:33:00
20260921-131219-design-0764#1,2026-09-21,Norm,ESCAPE-POD,paint,ring,yes,re-delivery; R2+; user change,2026-09-21 09:12:00
20260921-143215-dev-0787#1,2026-09-21,Greg,,paint,ring,,,2026-09-21 10:32:00
20260921-170609-dev-0791#1,2026-09-21,Greg,LAB-STORAGE,paint,ring,yes,user change,2026-09-21 13:06:00
20260921-185455-dev-0794#1,2026-09-21,Greg,,paint,variant,yes,R2+,2026-09-21 14:54:00
20260921-185455-dev-0794#2,2026-09-21,Greg,,paint,variant,yes,R2+,2026-09-21 14:54:00
20260921-185455-dev-0794#3,2026-09-21,Greg,,paint,variant,,,2026-09-21 14:54:00
20260921-202528-dev-0799#1,2026-09-21,Greg,BIO-LAB,paint,variant,yes,sent back; user change; R2+,2026-09-21 16:25:00
20260921-222942-dev-0807#1,2026-09-21,Greg,MAIN-LAB,paint,variant,yes,sent back; user change; R2+,2026-09-21 18:29:00
20260921-225525-dev-0809#1,2026-09-21,Greg,,paint,variant,yes,R2+,2026-09-21 18:55:00
20260921-225525-dev-0809#2,2026-09-21,Greg,,paint,variant,,,2026-09-21 18:55:00
20260921-225525-dev-0809#3,2026-09-21,Greg,,paint,variant,,,2026-09-21 18:55:00
20260921-225525-dev-0809#4,2026-09-21,Greg,,paint,variant,,,2026-09-21 18:55:00
20260921-232233-dev-0814#1,2026-09-21,Greg,MIDDLE-OF-STRIP,objects,,yes,user change,2026-09-21 19:22:00
20260921-234631-dev-0818#1,2026-09-21,Greg,ELEVATOR-LOBBY,paint,variant,,,2026-09-21 19:46:00
20260922-122846-dev-0820#1,2026-09-22,Greg,LAB-OFFICE,paint,ring,yes,R2+; sent back; re-delivery,2026-09-22 08:28:00
20260922-122846-dev-0820#2,2026-09-22,Greg,LAB-OFFICE,paint,ring,yes,R2+; sent back; re-delivery,2026-09-22 08:28:00
20260922-123016-dev-0821#1,2026-09-22,Greg,STRIP-NEAR-RELAY,layout,,,,2026-09-22 08:30:00
20260922-123016-dev-0821#2,2026-09-22,Greg,STRIP-NEAR-RELAY,paint,variant,,,2026-09-22 08:30:00
20260922-123016-dev-0821#3,2026-09-22,Greg,STRIP-NEAR-RELAY,paint,variant,,,2026-09-22 08:30:00
20260922-123059-dev-0822#1,2026-09-22,Greg,STRIP-NEAR-RELAY,objects,,,,2026-09-22 08:30:00
20260922-123059-dev-0822#2,2026-09-22,Greg,STRIP-NEAR-RELAY,objects,,,,2026-09-22 08:30:00
20260922-134806-dev-0825#1,2026-09-22,Greg,PLANETARY-DEFENSE,paint,variant,yes,user change,2026-09-22 09:48:00
20260922-134806-dev-0825#2,2026-09-22,Greg,PLANETARY-DEFENSE,paint,variant,yes,user change,2026-09-22 09:48:00
20260922-135916-dev-0826#1,2026-09-22,Greg,SYSTEMS-CORRIDOR-WEST,paint,cap,yes,R2+; sent back; re-delivery,2026-09-22 09:59:00
20260922-135916-dev-0826#2,2026-09-22,Greg,SYSTEMS-CORRIDOR-WEST,paint,cap,yes,R2+; sent back; re-delivery,2026-09-22 09:59:00
20260922-141219-dev-0828#1,2026-09-22,Greg,MACHINE-SHOP,paint,variant,,,2026-09-22 10:12:00
20260922-143806-dev-0834#1,2026-09-22,Greg,PLANETARY-COURSE-CONTROL,paint,ring,yes,R2+; sent back; re-delivery,2026-09-22 10:38:00
20260922-153212-dev-0844#1,2026-09-22,Greg,LAB-OFFICE,paint,cap,yes,R2+; sent back,2026-09-22 11:32:00
20260922-162314-dev-0852#1,2026-09-22,Greg,COMM-ROOM,objects,,,,2026-09-22 12:23:00
20260922-163643-dev-0856#1,2026-09-22,Greg,SYSTEMS-CORRIDOR,paint,ring,yes,R2+; sent back; user change; re-delivery,2026-09-22 12:36:00
20260922-170137-dev-0860#1,2026-09-22,Greg,SMALL-OFFICE,paint,cap,yes,R2+,2026-09-22 13:01:00
20260922-181604-dev-0866#1,2026-09-22,Greg,LAB-OFFICE,layout,,yes,R2+; sent back; re-delivery,2026-09-22 14:16:00
20260922-181627-dev-0867#1,2026-09-22,Greg,SYSTEMS-CORRIDOR-WEST,paint,cap,,,2026-09-22 14:16:00
20260922-181655-dev-0868#1,2026-09-22,Greg,PLANETARY-COURSE-CONTROL,paint,ring,yes,R2+; sent back,2026-09-22 14:16:00
20260922-184901-dev-0869#1,2026-09-22,Greg,CORRIDOR-JUNCTION,paint,cap,yes,R2+; sent back; user change,2026-09-22 14:49:00
20260922-193539-dev-0875#1,2026-09-22,Greg,LIBRARY,paint,cap,,,2026-09-22 15:35:00
20260922-194954-dev-0876#1,2026-09-22,Greg,COMM-ROOM,objects,,yes,sent back,2026-09-22 15:49:00
20260922-203312-dev-0877#1,2026-09-22,Greg,PLANETARY-COURSE-CONTROL,paint,ring,yes,R2+; sent back,2026-09-22 16:33:00
20260922-221726-dev-0881#1,2026-09-22,Greg,BETTY-CONTROL-EAST,paint,ring,,,2026-09-22 18:17:00
20260922-221738-dev-0882#1,2026-09-22,Greg,BETTY-CONTROL-WEST,paint,ring,,,2026-09-22 18:17:00
20260922-222923-dev-0885#1,2026-09-22,Greg,LIBRARY,meta,,,,2026-09-22 18:29:00
20260923-131200-dev-0890#1,2026-09-23,Greg,BIO-LOCK-EAST,objects,,yes,user change,2026-09-23 09:12:00
20260923-131201-dev-0891#1,2026-09-23,Greg,ADMIN-CORRIDOR,objects,,yes,user change,2026-09-23 09:12:00
20260923-133111-dev-0893#1,2026-09-23,Greg,,play,,,,2026-09-23 09:31:00
20260923-133111-dev-0893#2,2026-09-23,Greg,,paint,variant,,,2026-09-23 09:31:00
20260923-133111-dev-0893#3,2026-09-23,Greg,,paint,ring,,,2026-09-23 09:31:00
20260923-133111-dev-0893#4,2026-09-23,Greg,,paint,ring,,,2026-09-23 09:31:00
20260923-144428-dev-0896#1,2026-09-23,Greg,COMM-ROOM,paint,ring,yes,sent back; user change,2026-09-23 10:44:00
20260923-201643-dev-0902#1,2026-09-23,Greg,BIO-LAB,paint,variant,yes,user change,2026-09-23 16:16:00
20260923-201643-dev-0902#2,2026-09-23,Greg,BIO-LAB,paint,variant,yes,user change,2026-09-23 16:16:00
20260923-201643-dev-0902#3,2026-09-23,Greg,BIO-LAB,paint,variant,yes,user change,2026-09-23 16:16:00
20260923-201643-dev-0902#4,2026-09-23,Greg,BIO-LAB,paint,variant,yes,user change,2026-09-23 16:16:00
20260923-202750-dev-0904#1,2026-09-23,Greg,BIO-LAB,paint,ring,yes,R2+; sent back; user change,2026-09-23 16:27:00
20260923-202750-dev-0904#2,2026-09-23,Greg,BIO-LAB,paint,ring,yes,R2+; sent back; user change,2026-09-23 16:27:00
20260923-202750-dev-0904#3,2026-09-23,Greg,BIO-LAB,paint,ring,yes,R2+; sent back; user change,2026-09-23 16:27:00
20260923-202750-dev-0904#4,2026-09-23,Greg,BIO-LAB,paint,ring,yes,R2+; sent back; user change,2026-09-23 16:27:00
20260923-211229-dev-0905#1,2026-09-23,Greg,ESCAPE-POD,paint,cap,yes,user change,2026-09-23 17:12:00
20260923-211229-dev-0905#2,2026-09-23,Greg,ESCAPE-POD,play,,yes,user change,2026-09-23 17:12:00
20260923-211229-dev-0905#3,2026-09-23,Greg,ESCAPE-POD,play,,yes,user change,2026-09-23 17:12:00
20260923-211229-dev-0905#4,2026-09-23,Greg,ESCAPE-POD,play,,yes,user change,2026-09-23 17:12:00
20260923-211229-dev-0905#5,2026-09-23,Greg,ESCAPE-POD,play,,yes,user change,2026-09-23 17:12:00
20260923-211229-dev-0905#6,2026-09-23,Greg,ESCAPE-POD,play,,yes,user change,2026-09-23 17:12:00
20260923-211229-dev-0905#7,2026-09-23,Greg,ESCAPE-POD,play,,yes,user change,2026-09-23 17:12:00
20260923-211229-dev-0905#8,2026-09-23,Greg,ESCAPE-POD,play,,yes,user change,2026-09-23 17:12:00
20260923-211229-dev-0905#9,2026-09-23,Greg,ESCAPE-POD,play,,yes,user change,2026-09-23 17:12:00
20260923-211229-dev-0905#10,2026-09-23,Greg,ESCAPE-POD,play,,yes,user change,2026-09-23 17:12:00
20260923-211229-dev-0905#11,2026-09-23,Greg,ESCAPE-POD,play,,yes,user change,2026-09-23 17:12:00
20260923-211229-dev-0905#12,2026-09-23,Greg,ESCAPE-POD,play,,yes,user change,2026-09-23 17:12:00
20260923-234816-dev-0908#1,2026-09-23,Greg,ALFIE-CONTROL-EAST,play,,yes,user change,2026-09-23 19:48:00
20260924-012244-dev-0910#1,2026-09-23,Greg,CONFERENCE-ROOM,paint,ring,yes,user change,2026-09-23 21:22:00
20260924-012244-dev-0910#2,2026-09-23,Greg,CONFERENCE-ROOM,paint,ring,yes,user change,2026-09-23 21:22:00
20260924-012244-dev-0910#3,2026-09-23,Greg,CONFERENCE-ROOM,paint,cap,yes,user change,2026-09-23 21:22:00
