round,session,mode,row,kind,kind_from,severity,what_happened
2,click-2,click,1,tedious,column,,"First list is 25 items, 13 of them for carried clothing/ID. ""put scrub brush in uniform"" is a strange thing to offer up front."
2,click-2,click,2,confusing,column,,"""examine escape pod"" -> ""nothing special"". The pod is the room's only feature; a mouse player expects a description here."
2,click-2,click,3,nice,column,,"""open escape pod bulkhead"" -> ""Why open... if there's no emergency?"" Nice tell, not a complaint."
2,click-2,click,4,confusing,column,,"""go south"" blocked by Blather, turn counter did not advance. Fine, but no hint that I am supposed to stay put until something happens."
2,click-2,click,5,parse,column,,"""piece of celery"" offers only examine/eat, no ""take"". The celery is in the ambassador's hand so maybe intended, but it looks like an item on the floor."
2,click-2,click,6,parse,column,,"Ambassador asks a yes/no question (""game of Bocci?"") and the list has no yes/no."
2,click-2,click,7,bug,column,,"""translator"" appears as scenery but the ambassador text only mentions it in passing; feels like an internal object leaking into the UI."
2,click-2,click,8,bug,column,,"""examine translator"" -> ""nothing special about the transl."" Truncated noun in the canned reply."
2,click-2,click,9,confusing,column,,"Blather blocks every direction on every deck; the game never says ""stay at your post until something happens"", so the first ten turns feel like probing a locked"
2,click-2,click,10,bug,column,,Re-entering the room prints the ambassador's description as the room description; the actual room text is missing.
2,click-2,click,11,bug,column,,"Exits still list ""go east"" and ""go up"" inside the pod; ""escape pod: get in"" is offered while inside the pod."
2,click-2,click,12,confusing,column,,"""examine window"" -> nothing special, while the narration is describing what is seen through it."
2,click-2,click,13,tedious,column,,"Twelve consecutive ""wait"" turns with no decisions. Two of them print nothing at all. Fine for a parser game, tedious with a mouse."
2,click-2,click,14,parse,column,,"Towel and survival kit appear but neither has ""take"" while I am in the web. No hint that the web is why."
2,click-2,click,15,confusing,column,,"""take towel""/""take survival kit"" only appear once out of the web. Getting out is what sinks the pod, so a cautious player is punished for exploring the list."
2,click-2,click,16,bug,column,,"Exit ""go east"" is listed but answers ""You can't go that way."" A listed exit must work or must not be listed."
2,click-2,click,17,tedious,column,,"Opening the kit pushes the list to 54 entries; 11 of them are ""put X in uniform/kit"" permutations. Hard to scan for what matters."
2,click-2,click,18,confusing,column,,"""examine blob of red goo"" -> nothing special. Three coloured blobs and no way to tell them apart."
2,click-2,click,19,nice,column,,"""read plaque"" worked well from the scenery list; phonetic Galalingua is a fun decode."
2,click-2,click,20,nice,column,,"""set to a number <value>"" on the dial is the first two-number option; the footer explains it, works fine."
2,click-2,click,21,confusing,column,,"Dial is 0-1000 and nothing in the room hints at a number. Not a complaint yet, just where a blind player will start worrying."
2,click-2,click,22,confusing,column,,Revisiting prints only the room name; no short description. With 50 list entries the room's own features (bed) get buried under the inventory.
2,click-2,click,23,parse,column,,"Padlock offers only ""examine""; nothing special. No way to express unlock/break/pry with the mouse."
2,click-2,click,24,confusing,column,,"""look inside canteen"" on a closed canteen prints just ""Opened."" and no contents; need a second click."
2,click-2,click,25,tedious,column,,"Open canteen offers ""put survival kit in"", ""put scrub brush in"", ""put towel in""; list reaches 70 entries."
2,click-2,click,26,confusing,column,,"""ID card: slide through slot"" appears the instant I enter. The list spoils the puzzle."
2,click-2,click,27,nice,column,,"Phonetic ""access denied"" reply is readable and tells me I need a different card."
2,click-2,click,28,tedious,column,,"One click east = 160 time units. No warning that the walk is long before committing; fine as flavour, but a mouse player cannot ""walk halfway""."
2,click-2,click,29,nice,column,,"Buttons are listed as room objects with ""push""; doors have ""open"" and ""examine"" in Exits. Clear."
2,click-2,click,30,nice,column,,"Both ""not activated"" and ""access denied"" replies are phonetic and readable. Fine."
2,click-2,click,31,confusing,column,,"The elevator door opened while I was elsewhere with no message; the only evidence was ""open blue door"" becoming ""close blue door"" in the Exits line. Easy to mis"
2,click-2,click,32,nice,column,,"""button: push up / push down"" collapses two buttons into one clear entry."
2,click-2,click,33,confusing,column,,"""push up"" -> ""Nothing happens."" No hint why (card? door?)."
2,click-2,click,34,bug,column,,"""close blue door"" is listed but answers ""You can't close it yourself."" Another dead option."
2,click-2,click,35,blocked,column,,"Fourth ""access denied"" of the run; nothing anywhere has suggested where a valid card might be. Blind mouse player is now sweeping exits with no lead."
2,click-2,click,36,tedious,column,,Fifth identical bathroom; each one is a two-turn round trip with the same text.
2,click-2,click,37,bug,column,,"""go north"" into a 30 m rift is listed like any other exit; no warning. Also ""throw into rift"" exists for four items and not the other five, which reads as a hin"
2,click-2,click,38,nice,column,,"Monitor list is a clear, readable objective board even in phonetic spelling."
2,click-2,click,39,other,column,,"Hunger/thirst warning arrives; goo solves hunger, but I have seen no water source anywhere and the canteen is empty."
2,click-2,click,40,nice,column,,Box contents listed inline in the room description and each part individually clickable.
2,click-2,click,41,confusing,column,,"""take oil can"" -> ""Your load is too heavy"" with no indication of what is heavy; I guess the brush."
2,click-2,click,42,tedious,column,,"Inventory list reaches 85 entries; three containers each offer ""put X in"" for every other item, so ~35 entries are container permutations. Needs collapsing."
2,click-2,click,43,confusing,column,,"""go down"" a dark stairway is listed as a normal exit with no light source in hand; no warning."
2,click-2,click,44,bug,column,,"Button beside the door is under Scenery while the blue/red buttons in the lobby were ""In the room"". Inconsistent grouping."
2,click-2,click,45,tedious,column,,"Fifth card slot; ""Nothing happens"" on the button. Same pattern, no new information."
2,click-2,click,46,confusing,column,,"""go west"" leads back into the Physical Plant via its second door; the exit list does not distinguish ""a room you have seen"" from a new one."
2,click-2,click,47,tedious,column,,Nine separate button lines plus 90 inventory lines: 105 entries. The buttons are the only thing that matters here and they are a fifth of the way down.
2,click-2,click,48,confusing,column,,"""canteen: put under spout"" appears on entry: the list suggests the puzzle. Then the canteen turns out to be unusable here, so the suggestion misleads."
2,click-2,click,49,other,column,,"Fluid ""splashes over"" the narrow mouth; no funnel in my inventory and none seen. Cannot tell whether this dispenser is even relevant to my thirst."
2,click-2,click,50,bug,column,,"Robot is listed with container verbs (""close"", ""look inside"", ""put X in"") before it is even on; thirteen ""put X in robot"" entries."
2,click-2,click,51,bug,column,,"""turn on robot"" -> ""Nothing happens."" while score rises 6 -> 8. Text and score disagree; the delayed wake-up should be hinted (""a faint hum"")."
2,click-2,click,52,tedious,column,,"List hits 128 entries; nine ""throw X at Floyd"" and ""attack Floyd"" for a friendly NPC."
2,click-2,click,53,confusing,column,,"Robot Shop's ""northwest"" exit leads back to Mech Corridor South; not obvious from the list that it is a loop."
2,click-2,click,54,tedious,column,,"171-entry list. The laser, flask, bar, pliers and battery are the point of the room and account for ~10 lines. Containers generate ~80 ""put X in"" lines."
2,click-2,click,55,confusing,column,,"""Your load is too heavy"" again with no weight feedback; a mouse player has to guess which of 14 items to drop."
2,click-2,click,56,nice,column,,"Floyd's idle lines (""examines himself for signs of rust"") are charming and cheap."
2,click-2,click,57,confusing,column,,Laser still too heavy after two drops; no way to know how much more to shed.
2,click-2,click,58,confusing,column,,"Tool Room ""east"" and Machine Shop ""west"" are the same door; the map loops in three places around here and nothing in the list flags ""already visited""."
2,click-2,click,59,blocked,column,,"Dispenser is a mixing puzzle (4 coolants x 3 catalysts x acid/base) with no clue anywhere I have been. The list makes button-mashing trivially easy, which is a "
2,click-2,click,60,tedious,column,,"""put quantity of chemical fluid in uniform"" offered; the fluid is listed as a carried object separate from its flask."
2,click-2,click,61,confusing,column,,Floyd silently stops following; no line says he stayed behind.
2,click-2,click,62,blocked,column,,"""open door"" -> ""cannot be opened until the padlock is removed"". Good message; but no listed way to remove it."
2,click-2,click,63,parse,column,,"Typed ""break padlock with curved metal bar"": rejected, ""(MUNG padlock with curved metal bar is not in any menu)"". Parser has the verb; click list does not offer"
2,click-2,click,64,parse,column,,"Typed ""cut padlock with pliers"": rejected, ""I don't know the word cut"". So pliers are not for the padlock; still no clue what they are for."
2,click-2,click,65,confusing,column,,"Rec Corridor ""southwest"" and Plain Hall ""northeast"" are the same passage; third loop the list did not signal."
2,click-2,click,66,confusing,column,,"""go down"" listed from a ruined wing above a cliff with no warning text."
2,click-2,click,67,parse,column,,"Floyd's ""look inside"" / ""search"" / ""listen to"" are all charming but none conveys information; no ""ask about"" verb exists in the list."
2,click-2,click,68,nice,column,,"Two-number ""set to a number <value>"" entry works as documented."
2,click-2,click,69,blocked,column,,"""open door"" -> ""You probably have to turn the dial to some number"". Honest, but no source for the number has appeared in the whole explored map."
2,click-2,click,70,parse,column,,Floyd drops a name (Dr. Fizpick); no click verb lets me follow it up.
2,click-2,click,71,nice,column,,"""play games"" produces a warm Floyd scene; good use of a scenery verb."
2,click-2,click,72,blocked,column,,Dial guesses 42/531/541 all fail. Two clicks per guess; no partial feedback (warmer/colder) so guessing is hopeless with a mouse or a keyboard.
2,click-2,click,73,tedious,column,,Fourth identical dorm and sixth identical bathroom; the map has a lot of copy-paste rooms that cost turns to verify.
2,click-2,click,74,nice,column,,`--status` prints the survival kit and flask contents inline with semicolons; readable enough.
2,click-2,click,75,parse,column,,"In bed, no ""sleep"" button; typed ""sleep"" is rejected (""no button for SLEEP""). If fatigue is a mechanic, a mouse player cannot address it."
2,click-2,click,76,confusing,column,,"""wait"" in bed only passes time; no sleep, no fatigue message all game so far."
2,click-2,click,77,tedious,column,,"""put oil can in robot"" (an offered option): Floyd shrugs and drops it. Harmless, but the list offered 11 such ""put X in Floyd"" entries that all presumably do th"
2,click-2,click,78,parse,column,,"Oil can on the floor shows only ""examine"" while I am in bed; ""take"" is hidden with no explanation. Same pattern as the pod webbing at turn 31."
2,click-2,click,79,blocked,column,,Second hunger/thirst warning; goo covers hunger but no water source exists in ~40 explored rooms and the canteen cannot be filled at the dispenser. Thirst may b
2,click-2,click,80,parse,column,,"First fatigue warning (""find a nice safe place to sleep""). The bed offers no sleep action and ""sleep"" is rejected as ""no button for SLEEP"" (turn 169). The game "
2,click-2,click,81,bug,column,,"Dark room still lists ""go down"" and every Floyd/inventory verb; a dark room should probably show a reduced list. Grue warning itself is fine."
2,click-2,click,82,confusing,column,,"Bed message differs when weary (""asleep in short order""); when not weary (turn 169) the bed said nothing about sleep. A one-line ""you are not tired enough to sl"
2,click-2,click,83,parse,column,,"Sleep dumps all carried items on the floor and, while in bed, they show no ""take"". Eight clicks to re-collect. A mouse player should get a ""take all"" button her"
2,click-2,click,84,nice,column,,"Day/clock rollover (""SEPTEM 7, 11344"", time 1643) is clearly shown. Good."
2,click-2,click,85,parse,column,,"Typed ""take all"": rejected, ""no button for TAKE"". Eight separate clicks needed to re-collect after sleeping."
2,click-2,click,86,bug,column,,"The green goo on the floor lists only examine/eat, no take (it is inside the kit), but it is displayed as a room object like the others."
3,click-3,click,1,confusing,column,,"Blather's arrival inserted his verb block, so my queued ""11"" (meant: examine escape pod) became ""salute Ensign First Class"". Numbers shift whenever an NPC enter"
3,click-3,click,2,nice,column,,"Salute got a good reaction (""Only five demerits""): NPC verbs on the list invite play."
3,click-3,click,3,bug,column,,"After the emergency bulkheads closed, ""go east"" and ""go up"" were still listed next to ""open wide/narrow bulkhead"", so I couldn't tell which exits were blocked."
3,click-3,click,4,bug,column,,"Room text says ""The bulkhead leading out is open"" in the same reply as ""The pod door clangs shut""."
3,click-3,click,5,tedious,column,,Nothing hinted that time was short after landing; I waited two extra turns.
3,click-3,click,6,nice,column,,"A contextual ""take all"" button appeared when the kit and towel were revealed. One click."
3,click-3,click,7,tedious,column,,"The plaque named in the room text was in a separate ""Scenery"" group below the fold; I reprinted the options to find it."
3,click-3,click,8,tedious,column,,"""go south, Winding Stair"" and ""go down, Winding Stair"" both listed: two options, one destination."
3,click-3,click,9,bug,column,,"""go down"" exit listed; it only says ""Certain death."""
3,click-3,click,10,tedious,column,,"""put in:"" on the uniform/kit/canteen lists every carried item (goo blobs included), which bloats the Carried block to 40-75 entries."
3,click-3,click,11,nice,column,,"A contextual ""slide through slot"" verb appeared on the ID card next to the slot, which teaches the card-reader idea."
3,click-3,click,12,nice,column,,"The long walk is summarised in one line (""You walk down the long, featureless hallway..."")."
3,click-3,click,13,confusing,column,,"Both lobby doors opened while I was in the booth, with no message when I came back; ""open blue door"" was then refused as not on screen."
3,click-3,click,14,confusing,column,,"The printed phrase ""push down"" is refused (""What do you want to push?""); only the number works."
3,click-3,click,15,bug,column,,"""go up""/""go down"" listed as exits inside the elevator, but they only say ""You'll have to use the elevator controls."""
3,click-3,click,16,nice,column,,Examining the crevice revealed the key and added a take option at once.
3,click-3,click,17,blocked,column,,"""take key"" fails (""fingers are too large"") with no hint of a tool verb on the list; fair as a puzzle."
3,click-3,click,18,confusing,column,,"""take all"" fails item by item with ""Your load is too heavy"" and doesn't say what is heavy."
3,click-3,click,19,confusing,column,,The elevator door I had opened closed again with no message.
3,click-3,click,20,tedious,column,,"75 options on one screen. The canteen's ""put under spout"" is a good contextual hint, but it's buried."
3,click-3,click,21,nice,column,,Floyd's wake-up is delightful.
3,click-3,click,22,bug,column,,"Floyd is listed as ""multiple purpose robot"", not by name; his menu has a bare ""put"" that answers ""You can't do that"", and there's no ""give""."
3,click-3,click,23,confusing,column,,"Holding the pliers gives no new verb on the key or crevice, and ""take key"" repeats ""fingers are too large"" without saying the pliers didn't help."
3,click-3,click,24,confusing,column,,"""examine curved metal bar"": ""I see nothing special"". A U-shaped bar that might be a magnet gets no descriptive hint."
3,click-3,click,25,nice,column,,"Holding the U-shaped bar added ""take with magnet"" to the key: the right idea appeared as a button only when I held the right tool."
3,click-3,click,26,confusing,column,,"""take padlock"" after unlocking: ""Your load is too heavy"" for a padlock, while carrying ordinary kit."
3,click-3,click,27,confusing,column,,"""take ladder"" repeated ""You'd need both hands free for the ladder"" through six drops; it never says what is still in my hands, and there is no ""drop all"". Eight"
3,click-3,click,28,confusing,column,,"A ""sleep"" button appeared in the Buttons row with no tiredness message I could see."
3,click-3,click,29,bug,column,,"""open ladder"" is offered while holding it, and only answers ""You couldn't possibly extend the ladder while you're holding it."""
3,click-3,click,30,nice,column,,"Dropping and opening the ladder added ""put across rift"": contextual verbs led me through the bridge puzzle step by step."
3,click-3,click,31,bug,column,,"""put across rift"" stays on the ladder's menu after it already spans the rift."
3,click-3,click,32,confusing,column,,"Exits listed as bare ""go north / go east / go west"" with no names; only the signs in the room text say where they go."
3,click-3,click,33,nice,column,,"Opening two desks produced three access cards with clear take/read verbs, one point each."
3,click-3,click,34,nice,column,,(Revised) exits gain their names once the room has been visited; only unexplored exits are bare.
3,click-3,click,35,nice,column,,"Escalating tiredness messages gave me enough warning to reach a bed; ""get in"" on the bed was right there."
3,click-3,click,36,confusing,column,,"Once in bed the ""sleep"" button disappears and nothing says to wait; I guessed ""wait""."
3,click-3,click,37,nice,column,,"Items slipped to the floor while I slept; after getting out, a single ""take all"" button recovered them."
3,click-3,click,38,nice,column,,"Every card grows ""slide through slot"" at the slot; one click opened the kitchen."
3,click-3,click,39,tedious,column,,"The protein liquid has ""eat"" but no ""drink""; it is added to every ""put in:"" list (uniform, laser, Floyd)."
3,click-3,click,40,confusing,column,,"""You feel a bit weak and slightly flushed"" with no related option or explanation."
3,click-3,click,41,confusing,column,,"The protein liquid satisfies thirst too, but the only verb is ""eat""; ""drink"" never appears."
3,click-3,click,42,confusing,column,,"A ""lower elevator access card"" appears in the room list (not in the room text) with ""show to multiple purpose robot""; no line says where it came from."
3,click-3,click,43,nice,column,,"Every card grows ""slide through slot""; the right card gave ""Elevator enabled."""
3,click-3,click,44,bug,column,,"""open blue door"" is offered while the elevator is moving."
3,click-3,click,45,tedious,column,,"Arrival is only ""The elevator door slides open"", with no ""you have arrived"" or floor name; I waited twice not knowing how long the ride was."
3,click-3,click,46,bug,column,,"The spiral stairway is offered with ""get in""."
4,click-4-late,click,1,nice,column,,"""push glowing button"" plays the Feinstein's last message, cut off by an explosion; strong story beat"
4,click-4-late,click,2,nice,column,,Screen text in phonetic spelling is readable and hints at the plague and the coolant fault
4,click-4-late,click,3,confusing,column,,"examine light / funnel-shaped hole / enunciator all answer ""I see nothing special"", for objects the room text makes important"
4,click-4-late,click,4,bug,column,,"""get out"" of the large vehicle is offered while I am standing outside it"
4,click-4-late,click,5,parse,column,,"A ""lock"" and a key in hand, but no ""unlock"" or ""put key in"" option anywhere; cannot test the obvious idea"
4,click-4-late,click,6,nice,column,,"""push down"" refused (""slot stays dark"") until the card is slid again; fair, and the reply says why"
4,click-4-late,click,7,nice,column,,"Sliding the ID card: ""Magnetik striip randumiizd""; funny consequence of carrying the magnet"
4,click-4-late,click,8,nice,column,,"Exit labels name visited rooms (""go southwest, Tool Room""), so I found my way back with no map"
4,click-4-late,click,9,confusing,column,,"Putting the flask under the spout moved it into ""In the room"" and renumbered everything below; my next number hit the wrong button"
4,click-4-late,click,10,confusing,column,,"Green coolant ""gradually turns milky white""; unclear whether that is the right stuff or it went bad"
4,click-4-late,click,11,nice,column,,"Turning on the robot, then Floyd waking up and following me; charming"
4,click-4-late,click,12,parse,column,,"""Floyd is here"" but Floyd has no entry in the option list at all (no examine, no talk)"
4,click-4-late,click,13,nice,column,,"""sleep"" button appears as soon as I am told I am weary"
4,click-4-late,click,14,nice,column,,"The long walk west is one move with a ""you walk for a long time"" line"
4,click-4-late,click,15,bug,column,,"""eat blob of brown goo"" offered while the kit is on the floor, refused with ""You're not holding the survival kit"""
4,click-4-late,click,16,nice,column,,"""Your load is too heavy. Dropping the glass flask would make enough room"" tells me exactly what to do"
4,click-4-late,click,17,nice,column,,"Kitchen card opens the door, entering the kitchen scores; the dispenser's octagonal niche matches the octagonal canteen, a fair clue"
4,click-4-late,click,18,parse,column,,"After waking, items on the floor have examine/read but no ""take"" while I am in bed"
4,click-4-late,click,19,nice,column,,"""take all"" collected all eight dropped items in one click"
4,click-4-late,click,20,confusing,column,,The flask's milky fluid is gone with no message about when or why
4,click-4-late,click,21,nice,column,,Weight messages name the item to drop; made juggling a full inventory painless
4,click-4-late,click,22,confusing,column,,"Typed ""put glass flask under spout""; rejected as not on screen, the listed phrase is ""put under spout"" under the flask; the reply does not suggest the right for"
4,click-4-late,click,23,confusing,column,,"A batched ""push green button"" then ran with no flask under the spout and the coolant was wasted"
4,click-4-late,click,24,nice,column,,"Floyd now has a ""Characters"" block (talk to, salute, listen to...); he was missing in the Robot Shop"
4,click-4-late,click,25,nice,column,,"""pour into funnel-shaped hole"" appears for the fluid; pouring turns the enunciator light brown, so the colour is the clue for the next chemical"
4,click-4-late,click,26,tedious,column,,Each colour means a ~25-move round trip between the Machine Shop and the tower top
4,click-4-late,click,27,nice,column,,"Opening the canteen exposes the liquid with a ""drink"" entry; clean"
4,click-4-late,click,28,nice,column,,"Second pour sends the help message, +6 points; a clear, satisfying milestone"
4,click-4-late,click,29,nice,column,,"""Innocuous Hawaiian music oozes from the elevator's intercom"""
4,click-4-late,click,30,nice,column,,"Box of spare parts (fuses, bedistor, fromitz board) all listed with their own take entries; easy to grab the lot"
4,click-4-late,click,31,blocked,column,,"Stairs down are pitch black; no light source in my kit, so this is a dead end for now"
4,click-4-late,click,32,confusing,column,,"Reactor elevator doors close on their own with no message; next ""go east"" just says the door is closed"
4,click-4-late,click,33,nice,column,,"Every card gets ""slide through slot"" as soon as a slot is present, so trying all cards is quick"
4,click-4-late,click,34,confusing,column,,"""talk to Floyd"" only returns ""Hi!""; the long Floyd action list mostly leads nowhere"
4,click-4-late,click,35,tedious,column,,"Eight near-identical dorm and SanFac rooms with nothing in them; cheap to check, but a lot of walking"
4,click-4-late,click,36,nice,column,,"Combination dial with a proper ""set to a number <value>"" entry; good fit for mouse play"
4,click-4-late,click,37,blocked,column,,Locked door with a 0-1000 dial and no clue in sight yet
4,click-4-late,click,38,nice,column,,"""move rubble"": ""Not bloody likely."""
4,click-4-late,click,39,nice,column,,Monitor wall lists which systems are broken; a good in-world goal list
4,click-4-late,click,40,blocked,column,,Second pitch-black room; no light source found anywhere so far
4,click-4-late,click,41,confusing,column,,"Dark room shows one merged exit ""go north / east / west"""
4,click-4-late,click,42,nice,column,,Maps of Kalamontee and Lawanda complexes give the geography of both islands
4,click-4-late,click,43,nice,column,,"The towel's ""Don't Panic!"" label is a nice gag"
4,click-4-late,click,44,nice,column,,"Red button: door ""begins vibrating"", opens three waits later; I had ignored the button since turn 131 because the room text puts it in a sentence and the list s"
4,click-4-late,click,45,blocked,column,,All cards refused; a fourth card is needed and I have no idea where
4,click-4-late,click,46,confusing,column,,"""search Floyd"" and ""look inside Floyd"" both give the tickling joke; fine, but no hint"
4,click-4-late,click,47,nice,column,,"Turning Floyd off and searching him yields the lower elevator card; clever, and both actions were on his list"
4,click-4-late,click,48,blocked,column,,"The only hint for the Floyd card is flavour text about his ""compartments""; I found it by elimination after ~30 turns stuck"
4,click-4-late,click,49,nice,column,,"Reaching the shuttle platform: +4, the shuttle card suddenly has a purpose"
4,click-4-late,click,50,bug,column,,"""go north"" listed, answers ""You can't go that way."""
4,click-4-late,click,51,confusing,column,,"""get in shuttle car"" answers ""Use 'north' or 'south'."" -- typist advice, and only south works"
4,click-4-late,click,52,bug,column,,"""shuttle car: get in"" still offered while inside it"
4,click-4-late,click,53,nice,column,,"Driving the shuttle with push/pull lever, halfway sign and 15/10/5 signs; tense, fair, fully clickable"
4,click-4-late,click,54,nice,column,,Arriving scores +4
4,click-4-late,click,55,nice,column,,Floyd finding Lazarus's breast plate and running off sobbing; strong emotional beat
4,click-4-late,click,56,confusing,column,,"Only the faulty board has a ""take"" entry, so the list solves the ""which board"" question for me"
4,click-4-late,click,57,parse,column,,"The cracked spare board is not in the panel's ""put in"" list while it sits in the cardboard box; no hint that I must take it out first"
4,click-4-late,click,58,nice,column,,"Fever message: the plague has started on me; clearly announced, and it makes the medicine matter"
4,click-4-late,click,59,tedious,column,,Fused bedistor needs pliers I left in the Kalamontee kitchen; no warning when I dropped them that they would be needed across the sea
4,click-4-late,click,60,parse,column,,"Terminal shows a 1-6 menu and has a 0-9 keyboard, but no ""type""/""press"" entry or keyboard object exists; cannot use it by mouse"
4,click-4-late,click,61,nice,column,,"""put in"" red spool, ""turn on"" the reader: clear, readable disease timeline"
4,click-4-late,click,62,nice,column,,"""search lab uniform"" yields the teleport card and the 982 combination; a satisfying double find"
4,click-4-late,click,63,tedious,column,,Weight limit again; I had to leave the paper behind and rely on memory
4,click-4-late,click,64,nice,column,,Floyd comments on the broken computer unprompted; he works as a hint system
4,click-4-late,click,65,nice,column,,"Printout gives drug status and ""Malfunkshun in Sekshun 384""; clear goal"
4,click-4-late,click,66,confusing,column,,"Exit list shows ""go south"" (cryo-elevator door) that the room text hides; spoils the rippling-mural clue"
4,click-4-late,click,67,confusing,column,,"Keyboard here has ""type a number <value>"", unlike the library terminal; inconsistent"
4,click-4-late,click,68,nice,column,,Teleport card plus beige button: back to Kalamontee in one move; a big relief
4,click-4-late,click,69,parse,column,,"""drink"" is not offered while the canteen sits in the dispenser; had to drop something to pick it up first"
4,click-4-late,click,70,confusing,column,,"Collapsed asleep on the kitchen floor and was killed by beasts; weary warning came 35 turns before, sleep button never looked urgent"
4,click-4-late,click,71,tedious,column,,"Checkpoint restart works cleanly, but dying costs the whole 390-turn run; no save of my own to fall back on"
4,click-4,click,1,confusing,column,,"Prose mentions Ion Reactor (starboard) and Auxiliary Control (aft), but only ""go west"" is offered; no explanation why"
4,click-4,click,2,confusing,column,,"On returning, every option in the room is re-flagged ""(new)"", even ones I saw two turns ago"
4,click-4,click,3,parse,column,,"No ""clean""/""scrub"" option for the slime even though I carry a scrub brush; celery has no ""take"""
4,click-4,click,4,nice,column,,"Explosion plus ""door to port slides open"" makes the escape pod the obvious move"
4,click-4,click,5,tedious,column,,"About 13 consecutive ""wait"" turns during the descent; atmospheric but slow in a click UI"
4,click-4,click,6,confusing,column,,"Exit label silently changed from ""go east / out"" to ""go up / out"" (pod orientation changed)"
4,click-4,click,7,confusing,column,,"Towel and kit appear but no ""take"" while in the web; must stand up first, which sinks the pod"
4,click-4,click,8,nice,column,,"""take all"" appears as a button when loose items are around; very convenient"
4,click-4,click,9,nice,column,,Plaque in phonetic Galalingua is fun and readable
4,click-4,click,10,bug,column,,"""move rubble"" offered on a dead end, reply ""A valiant attempt."""
4,click-4,click,11,nice,column,,"""combination dial: set to a number <value>"" is clear about what kind of input it wants"
4,click-4,click,12,tedious,column,,"Four identical dorm and toilet rooms with only examine options; many clicks, no content"
4,click-4,click,13,confusing,column,,"After ""take canteen"" all numbers shifted, so my next number hit ""examine chronometer"" instead of ""examine slot"""
4,click-4,click,14,tedious,column,,Carried block (~40 entries) dwarfs the room block; room options are buried
4,click-4,click,15,nice,column,,"""ID card: slide through slot"" appears on the card itself once a slot is present"
4,click-4,click,16,nice,column,,"Unlisted ""go east"" refused without spending a turn"
4,click-4,click,17,nice,column,,"""Teleportaashun buux not aktivaatid"" is a clear, flavorful ""not yet"""
4,click-4,click,18,nice,column,,Hunger warning says outright that the goo will fix it
4,click-4,click,19,blocked,column,,"Up/Down both dead with the ""slot stays dark"" hint; ID card rejected; I know I need another card"
4,click-4,click,20,nice,column,,"""The red door has opened since you were last here."" nicely reports an off-screen change"
4,click-4,click,21,bug,column,,"Key shown with a live ""take"" option that can never work by hand; a ""take"" that is really a hint"
4,click-4,click,22,confusing,column,,"""go north"" is offered straight into an 8 m, 30 m-deep rift with no warning in the label"
4,click-4,click,23,confusing,column,,Numbers renumber every turn; typing the printed phrase is the reliable way to play
4,click-4,click,24,nice,column,,"""Your load is too heavy. Dropping the ... scrub brush would make enough room."" tells me exactly what to drop"
4,click-4,click,25,tedious,column,,Dropping a different item (brochure) first did not free enough room; the weight limit is tight with this many small items
4,click-4,click,26,tedious,column,,Laser costs me the ID card to carry; lots of inventory juggling across rooms
4,click-4,click,27,tedious,column,,Nine dispenser buttons plus the carried block push the list past 60 entries
4,click-4,click,28,nice,column,,Floyd wakes up and introduces himself; he follows me with fun lines
4,click-4,click,29,tedious,column,,"Floyd's block has ten verbs, most of them flavour (""salute"", ""look inside"", ""search""); ""talk to"" only says ""Hi!"""
4,click-4,click,30,nice,column,,"Key gains ""take with magnet"" once I carry the bar; the label says ""magnet"" though the item is ""curved metal bar"""
4,click-4,click,31,nice,column,,"""unlock with key"" appears on the padlock as soon as I carry the key"
4,click-4,click,32,nice,column,,Unlocked padlock must still be taken off before the door opens; reply explains it
4,click-4,click,33,nice,column,,"Ladder needs five items dropped; the reply lists all five, which is clear"
4,click-4,click,34,parse,column,,"Goo blobs inside the dropped kit offer only examine/eat, no ""take"", so I cannot carry one blob and leave the rest"
4,click-4,click,35,bug,column,,"Carried ladder shows ""take"", which does nothing useful for an item already in hand"
4,click-4,click,36,confusing,column,,"Carried ladder offers ""throw into rift"" but not ""extend""/""open""; I had to drop it to see ""open"" and then ""put across rift"""
4,click-4,click,37,confusing,column,,"Hunger hint says ""the goo in your survival kit"" even though the kit is lying rooms away"
4,click-4,click,38,nice,column,,"Ladder across the rift, swaying crossing text, +4"
4,click-4,click,39,nice,column,,"Desks reveal three access cards, one point each"
4,click-4,click,40,bug,column,,"""eat blob of brown goo"" offered on the kit lying on the floor, then refused (""You're not holding the survival kit"")"
4,click-4,click,41,blocked,column,,"Kitchen card ""Magnetik striip randumiizd"": carrying the magnet with the cards ruined them, with no warning at pickup and no sign on the card afterwards"
4,click-4,click,42,bug,column,,"""go south / in"" stays listed in front of a closed door (no turn spent)"
4,click-4,click,43,tedious,column,,"With cards, kit and Floyd, the list reaches 75 entries; ""put in:"" lists repeat ten item names"
4,click-4,click,44,nice,column,,"""sleep"" appears as a button once tired"
4,click-4,click,45,nice,column,,"Items slip to the floor while sleeping; ""take all"" recovers them in one click"
4,click-4,click,46,confusing,column,,Upper elevator card still works despite the magnet; nothing on screen says which cards are ruined
4,click-4,click,47,nice,column,,"Card, Up, a short ride, door opens, +4 at Tower Core; clean sequence"
4,click-4,click,48,tedious,column,,Hunger returns about 15 turns after waking; food is scarce; after the last goo I only have an unopened Spam tin and no obvious opener
4,click-4,click,49,nice,column,,"""lock"" offers only ""examine"", which signals the key does not fit here"
4,click-4,click,50,nice,column,,"Recorded Feinstein message and plague screen give the story and a clear coolant goal (green light, funnel)"
5,click-5-late,click,1,nice,column,,"Save is a button, costs no turn, and Restore appears as ""(new)"""
5,click-5-late,click,2,nice,column,,Phonetic alien spelling on the screen is readable and a good clue delivery
5,click-5-late,click,3,nice,column,,"Examining the funnel says ""Anything poured into it would run down into the machinery"" -- a clear hint that I need a liquid"
5,click-5-late,click,4,confusing,column,,"Lock examine gives only ""I see nothing special""; carried key has no ""unlock"" option, so I cannot even try it -- fine if intended, but I cannot tell ""wrong key"" "
5,click-5-late,click,5,nice,column,,"""Nothing happens. The slot beside the buttons stays dark."" -- a refusal that tells me what to do next"
5,click-5-late,click,6,tedious,column,,"Elevator travel takes a few waits; exit option is shown while the door is shut (""The door is closed"")"
5,click-5-late,click,7,nice,column,,"Red door ""begins vibrating a bit"", then opens two turns later with a "">>"" line -- clear cause and effect"
5,click-5-late,click,8,nice,column,,"Wrong card gives a consistent ""Inkorekt awtharazaashun kard"" message; cheap to test each card"
5,click-5-late,click,9,nice,column,,"Hunger warning also reminds me where the food is (""still goo in the survival kit you left in Storage West"")"
5,click-5-late,click,10,nice,column,,"""sleep"" button appears in the Buttons row as soon as I get weary"
5,click-5-late,click,11,confusing,column,,"Goo inside a kit on the floor offers only ""examine"", no ""eat"" or ""take""; I had to guess to pick up the kit first"
5,click-5-late,click,12,confusing,column,,Entering scores +4 but nothing says so; I only noticed from the status line
5,click-5-late,click,13,nice,column,,"""put in…"" list then ""14 canteen"" worked cleanly; octagonal canteen/niche is a fair visual rhyme"
5,click-5-late,click,14,nice,column,,"Sleep button label escalates to ""sleep (very tired)"""
5,click-5-late,click,15,tedious,column,,"""sleep"" in bed says ""You'll probably be asleep before you know it"" and needs an extra wait to actually sleep; one extra click"
5,click-5-late,click,16,nice,column,,"Inventory spilled on waking; ""take all"" button made recovery one click"
5,click-5-late,click,17,tedious,column,,Four near-identical dorm and SanFac rooms with nothing in them; a lot of clicks for nothing
5,click-5-late,click,18,nice,column,,"Combination dial with a ""<value>"" slot is discoverable and the range (0-1000) is stated when examined"
5,click-5-late,click,19,blocked,column,,No clue yet for the combination; brochure is a joke. Parked
5,click-5-late,click,20,bug,column,,"Whole room is a dead end whose only verb, ""move rubble"", just says ""A valiant attempt."""
5,click-5-late,click,21,nice,column,,"Hunger returns quickly after waking; the reminder names the fix (""The goo in your survival kit would take care of both"")"
5,click-5-late,click,22,nice,column,,"Opening the canteen surfaces the liquid as its own row with ""drink (new)"" -- easy to find"
5,click-5-late,click,23,nice,column,,Exits without a room name mark unvisited places -- works as a to-do list
5,click-5-late,click,24,nice,column,,"""Your load is too heavy. Dropping the survival kit would make enough room."" names a concrete fix"
5,click-5-late,click,25,confusing,column,,"After dropping two light items the suggestion changes to the towel; there is no weight readout, so inventory planning is guesswork"
5,click-5-late,click,26,blocked,column,,Third card-locked lift in a row; I cannot tell which card each wants
5,click-5-late,click,27,nice,column,,Dispenser colours match the Comm Room enunciator; the clue chain is readable without a parser
5,click-5-late,click,28,nice,column,,"Carried containers gain ""put under spout"" in this room only -- exactly the verb I needed"
5,click-5-late,click,29,confusing,column,,"Green fluid ""gradually turns milky white""; I cannot tell whether it is still the right coolant"
5,click-5-late,click,30,confusing,column,,Turning on the robot scored +2 silently (seen only in the status line)
5,click-5-late,click,31,tedious,column,,"Floyd is listed under ""Characters:"" at the very bottom, after 14 carried items; the room section vanished so he looked unclickable at first"
5,click-5-late,click,32,confusing,column,,"""talk to Floyd"" gives only a stock ""Hi!""; no topics to pick"
5,click-5-late,click,33,nice,column,,"""pour into funnel-shaped hole"" appears on the fluid row only in this room -- no guessing needed"
5,click-5-late,click,34,nice,column,,"Enunciator switches to brown: clear next-step signal, even with no points"
5,click-5-late,click,35,tedious,column,,Every elevator trip needs slide card + push + three waits; the card slide is required each time
5,click-5-late,click,36,tedious,column,,~14 clicks per Comm Room <-> Machine Shop round trip for a multi-step chemical sequence
5,click-5-late,click,37,nice,column,,Floyd's ambient lines add life and never get in the way
5,click-5-late,click,38,nice,column,,"Coolant fixed and help message sent, +6; the result text explains exactly what changed"
5,click-5-late,click,39,nice,column,,"""search Floyd"" while he is on gives a tickle joke that hints at hidden compartments"
5,click-5-late,click,40,confusing,column,,"Turn off + search Floyd yields the lower elevator card. The option row made this findable, but only because ""turn off"" sat on every character row; it felt like "
5,click-5-late,click,41,bug,column,,"Clicking Save printed a Floyd ambient line before ""Ok."" -- looks like the world ticked, though the turn counter did not move"
5,click-5-late,click,42,confusing,column,,"Lower elevator card suddenly offers ""show to floyd""; unclear why this one card gets it"
5,click-5-late,click,43,nice,column,,Reaching the shuttle platform scored +4
5,click-5-late,click,44,nice,column,,Lever push/pull + a speed readout that ticks each turn is fully playable by clicks
5,click-5-late,click,45,nice,column,,"""You pass a sign which says 'Limit 45.'"" -- fair warning delivered in the tick text"
5,click-5-late,click,46,tedious,column,,Halfway/decelerate sign arrives as a single tick line; easy to miss while clicking wait
5,click-5-late,click,47,blocked,column,,Braked to 0 in the tunnel short of the station; nothing tells you how far the station is
5,click-5-late,click,48,confusing,column,,"""approaching a brightly-lit area"" comes one turn before the crash at speed 10; no margin to react with a single click"
5,click-5-late,click,49,confusing,column,,"Diagnose: ""a bit sick and feverish"" appears without any earlier warning I noticed"
5,click-5-late,click,50,nice,column,,Arrival still scored +4 after the crash
5,click-5-late,click,51,nice,column,,"Floyd finding Lazarus's breast plate is a strong story beat, well delivered"
5,click-5-late,click,52,confusing,column,,"Ate the experimental medicine; diagnose unchanged, so no feedback whether it helped"
5,click-5-late,click,53,bug,column,,"Scenery row reads ""machin"" (truncated ""machine"")"
5,click-5-late,click,54,nice,column,,"""show to floyd"" on the small doorway is a good click-native way to send him in"
5,click-5-late,click,55,bug,column,,"Listed ""shiny ... fromitz board: examine"" answers ""You can't see any ... here"""
5,click-5-late,click,56,parse,column,,"No option to ask Floyd to bring the board out; then he wandered off (""Floyd going exploring"") and his row vanished"
5,click-5,click,1,nice,column,,"27 options on the first screen, but grouped (Exits / Buttons / In the room / Carried) so it scans fine"
5,click-5,click,2,nice,column,,"""salute"" appeared as a (new) option under Characters when Blather arrived; clicking it reduced demerits"
5,click-5,click,3,confusing,column,,"Option numbers all shifted after leaving and re-entering the room (open bulkhead 3 stayed, but everything past 10 moved)"
5,click-5,click,4,parse,column,,"Slime on the deck and I carry a scrub brush, but there is no ""scrub/clean"" option on either"
5,click-5,click,5,confusing,column,,Blather silently vanished from the Characters list; no text said he left
5,click-5,click,6,nice,column,,"""open escape pod bulkhead"" disappeared from Exits once the explosion opened the door, which confirmed the state change without extra text"
5,click-5,click,7,tedious,column,,"About 12 consecutive ""wait"" clicks to land; each gave new text, so it read like a cutscene"
5,click-5,click,8,confusing,column,,"Towel and survival kit appeared but offered no ""take"" while I was in the web; no hint that I needed to get out first"
5,click-5,click,9,confusing,column,,"Numbers renumbered inside the same room (exit 33 became 1, 13 went from ""light"" to ""towel"") despite the footer's promise"
5,click-5,click,10,bug,column,,"Room text says ""The bulkhead leading out is open"", but ""go up / out"" answered ""The pod door is closed"""
5,click-5,click,11,tedious,column,,"One turn (""open survival kit"") took over three minutes to return"
5,click-5,click,12,nice,column,,Closing the survival kit hid the three goo rows; an easy way to shorten the list by hand
5,click-5,click,13,bug,column,,"""move rubble"" is offered, but it only answers ""An interesting idea..."""
5,click-5,click,14,nice,column,,"Combination dial shows up as ""set to a number <value>"", which makes the lock mechanic obvious"
5,click-5,click,15,nice,column,,"Exits to visited rooms carry the room name (""go west, Rec Area""), which helps me map"
5,click-5,click,16,blocked,column,,"Padlock only offers ""examine""; nothing hints at how it might be opened"
5,click-5,click,17,nice,column,,"ID card grew a context option ""slide through slot"" as soon as a slot was in the room; it steers me without spoiling"
5,click-5,click,18,confusing,column,,"""open canteen"" answered only ""Opened."" with no word on whether anything is inside"
5,click-5,click,19,tedious,column,,"Four identical dorm + SanFac pairs, about 10 clicks for pure flavour"
5,click-5,click,20,nice,column,,The very long walkway hall collapses into one click with a line of travel text
5,click-5,click,21,confusing,column,,"Pushing the blue button opened the blue door with no message; I found out only by trying ""go north"""
5,click-5,click,22,nice,column,,"Hunger warning followed by ""The goo in your survival kit would take care of both."" A clear nudge"
5,click-5,click,23,blocked,column,,"The key in the crevice has a ""take"" that fails; no hint yet what tool could reach it"
5,click-5,click,24,nice,column,,The monitor wall of green and malfunctioning systems works as an at-a-glance goal list
5,click-5,click,25,nice,column,,"The weight-limit refusal named the exact item to drop (""Dropping the ... scrub brush would make enough room"")"
5,click-5,click,26,confusing,column,,"Dark room: the options list still offers ""go down"" with no warning that more darkness may be deadly"
5,click-5,click,27,tedious,column,,Option list reached 71 entries (nine dispenser buttons plus the box contents)
5,click-5,click,28,bug,column,,"""close cardboard box"" is offered but answers ""There's no way to close it."""
5,click-5,click,29,nice,column,,"Canteen grew ""put under spout""; the narrow-mouth refusal taught me something useful"
5,click-5,click,30,nice,column,,"Waking Floyd was simple and charming: turn on, wait, he introduces himself"
5,click-5,click,31,parse,column,,"Floyd's row has no ""ask to..."" or ""give to"" entry; ""talk to"" only gets ""Hi!"""
5,click-5,click,32,nice,column,,"""take all"" with a full load gave per-item refusals that each named what to drop"
5,click-5,click,33,nice,column,,"Key row grew ""take with magnet"" once I carried the bar; solvable by mouse, though it names the bar a magnet before I had called it that"
5,click-5,click,34,confusing,column,,"""open door"" was offered while the unlocked padlock still hung on it; refused with ""until the padlock is removed"""
5,click-5,click,35,nice,column,,"Opening the padlocked door and finding the ladder: +4, a satisfying first lock"
5,click-5,click,36,tedious,column,,"Ladder needs five items dropped; six single-item drop clicks, no multi-select"
5,click-5,click,37,confusing,column,,"""open ladder"" was offered while I held it, then refused; the reply did explain why"
5,click-5,click,38,confusing,column,,"""throw into rift"" sits right beside ""put across rift"" on the ladder row, an easy misclick that could lose the ladder"
5,click-5,click,39,nice,column,,"Crossing the rift via drop, open, put across: a clean three-step chain, all offered by the list (+4)"
5,click-5,click,40,nice,column,,"""sleep"" button appeared exactly when the weariness message did"
5,click-5,click,41,nice,column,,"Typing the printed phrase (""go east"") instead of a number made multi-room walks easy to plan"
5,click-5,click,42,nice,column,,"The button label ""sleep (very tired)"" shows urgency right on the button"
5,click-5,click,43,nice,column,,"Items silently ""slipped to the floor"" during sleep; ""take all"" recovered them in one click"
5,click-5,click,44,tedious,column,,Hunger and sleep forced a 15-click round trip back to the depot; the need to carry food was not obvious when I dropped the kit to take the ladder
5,click-5,click,45,tedious,column,,"Every card shows its own ""slide through slot"", so four near-identical rows; fine for honesty, but noisy"
5,click-5,click,46,confusing,column,,"Kitchen card ""Magnetik striip randumiizd"": carrying the magnet silently ruined it, with no warning on the card's row or examine text"
5,click-5,click,47,blocked,column,,"The magnet trap cost me the kitchen, and the only hint (""konsult Prajekt Handbuk"") arrives after the damage is done"
5,click-5,click,48,nice,column,,"Upper elevator card: ""Elevator enabled."" Riding up took push up + two waits, with nice ambient text"
5,click-5,click,49,nice,column,,"Reached the Tower Core (+4, score 23)"
1,click-1,click,1,tedious,column,,"36 buttons on the first screen; ""open/examine escape pod bulkhead"" listed twice; nine ""put X in escape pod"" entries for a closed pod"
1,click-1,click,2,bug,column,,"""examine transl"", ""examine slime"" offered → ""What translator?"" / ""What slime?""; the ambassador had not appeared yet; ""transl"" is also a truncated label"
1,click-1,click,3,confusing,column,,Prose says port / starboard / fore; buttons say east / west / north; I had to guess
1,click-1,click,4,tedious,column,,Ambassador arrives: list jumps to 52
1,click-1,click,5,tedious,column,,"""examine"" offered for every noun; brush, pod, stairway, light, window all ""nothing special"""
1,click-1,click,6,confusing,column,,"""listen Ensign First Class"" — missing ""to"""
1,click-1,click,7,confusing,column,,"Seven uneventful ""wait""s with no cue that waiting was the right thing"
1,click-1,click,8,tedious,column,,62-entry list after landing (survival kit adds a container block)
1,click-1,click,9,confusing,column,,"""take towel"" offered while strapped in → ""You can't reach it from here."""
1,click-1,click,10,tedious,column,,"""go up"", ""climb up structure"", ""climb up cleft"" — three buttons, one intent"
1,click-1,click,11,confusing,column,,Numbering shifts every time an item is taken; must re-read the list before each click
1,click-1,click,12,confusing,column,,"""read plaque"" at #61-62, below fifteen goo buttons and all inventory"
1,click-1,click,13,blocked,column,,"Dial ""can be turned to any number between 0 and 1000"" — no turn / set / number button at all"
1,click-1,click,14,confusing,column,,"""examine games / play games / examine tapes"" at 60-62 under fifty inventory lines"
1,click-1,click,15,confusing,column,,"""take padlock"" offered on a padlock locked to the door"
1,click-1,click,16,confusing,column,,"""slide through slot (ID card)"" buried at #37 among ""put X in canteen"" lines; found only by searching for ""slot"""
1,click-1,click,17,confusing,column,,ID card silently moved out of the uniform pocket after sliding; list renumbered with no message
1,click-1,click,18,confusing,column,,"Compass buttons not in the same order in every room; chained ""1"" and walked the wrong way three times"
1,click-1,click,19,nice,column,,"""push blue/red button"" right at the top — the good case"
1,click-1,click,20,blocked,column,,"""examine brown button / examine tan button"" offered, but NO ""push brown/tan button""; the elevator lobby had push buttons ten metres away"
1,click-1,click,21,blocked,column,,"Key in crevice: ""take key"" fails, and no way to use brush or towel on it; no ""use X on Y"" pattern in the UI"
1,click-1,click,22,bug,column,,"""move rubble"" → ""What a concept!""; ""go north"" offered straight into a 30-metre rift"
1,click-1,click,23,confusing,column,,"""examine equipm"" truncated label"
1,click-1,click,24,confusing,column,,"Menu offered ""take B-series / K-series megafuse"" though the room text never mentioned them"
1,click-1,click,25,tedious,column,,"88 entries, 81 of them inventory"
1,click-1,click,26,confusing,column,,"""put under spout (canteen)"" still offered after the canteen is already under the spout"
1,click-1,click,27,tedious,column,,108 entries
1,click-1,click,28,confusing,column,,"""show to floyd (...)"" offered while the robot is still a nameless switched-off ""multiple purpose robot""; buttons never rename him to Floyd"
1,click-1,click,29,tedious,column,,"132 entries: 13 ""throw X at robot"", 16 ""put X in robot"""
1,click-1,click,30,bug,column,,"Stray ""pipe pipe"" line-break marker in the room text"
1,click-1,click,31,confusing,column,,"""slide through slot (lower elevator access card)"" at #120 of 130"
1,click-1,click,32,other,column,,About 13 turns of notes lost across the break
1,click-1,click,33,bug,column,,"""go north"" offered → ""You can't go that way."""
1,click-1,click,34,confusing,column,,"""get out shuttle car"" offered while standing on the platform"
1,click-1,click,35,bug,column,,"Bare ""go up"" button in the elevator (untested; looks phantom)"
1,click-1,click,36,tedious,column,,"Card must be re-swiped every ride: swipe, push, wait x3 = five clicks per trip"
1,click-1,click,37,parse,column,,"No ""sleep"" button; ""wait"" in bed works but nothing says so"
1,click-1,click,38,tedious,column,,"Bed is a container: fourteen ""put X in bed"" lines"
1,click-1,click,39,confusing,column,,Wake-up: all items silently dropped; no message
1,click-1,click,40,bug,column,,"""take Patrol-issue self-contained multi-purpose scrub brush"" by phrase → ""You can't see any patrol-issue ... here!"" while the brush is in the room; by number it"
1,click-1,click,41,confusing,column,,"Five ""take X"" buttons offered from the bed, each ""You can't reach it from here."""
1,click-1,click,42,other,column,,"""you feel a bit weak and slightly flushed"" — a new clock with no explanation"
1,click-1,click,43,bug,column,,"""go down"" offered off a cliff the text says is blocked"
1,click-1,click,44,confusing,column,,"""Your load is too heavy"" x4, then x3, then x2 — no hint about which item is the problem; had to drop nine things one at a time"
1,click-1,click,45,bug,column,,"""set laser setting dial"" exists — so ""set"" is a verb the UI knows; the Rec Area dial simply never got one"
1,click-1,click,46,confusing,column,,"""shoot laser"" offered while the laser is on the shelf → ""You're not holding the laser."""
1,click-1,click,47,parse,column,,"Flask of milky fluid: verbs are examine / take / close / look inside / search / put under spout — no drink, pour, empty"
1,click-1,click,48,confusing,column,,"""take with magnet (key)"" names the bar a magnet before the text does"
1,click-1,click,49,confusing,column,,"""take with magnet (key)"" still offered while holding the key; ""unlock with key (padlock)"" still offered after unlocking"
1,click-1,click,50,bug,column,,"""open door"" refused ""until the padlock is removed"", ""take padlock"" too heavy, then ""open door"" works anyway"
1,click-1,click,51,confusing,column,,"Ladder: ""Your load is too heavy"" ten times; lifts only when carrying nothing at all; no message ever says so"
1,click-1,click,52,confusing,column,,"""put across rift (ladder)"", ""throw into rift (ladder)"" and ""put ladder in Patrol uniform"" side by side"
1,click-1,click,53,blocked,column,,"""open ladder"" refused while holding it; ""put across rift"" with the collapsed ladder destroys it ""forever"", no warning, no confirm"
1,click-1,click,54,blocked,column,,"Tin can: examine / take only. No ""open can""; holding the laser adds ""shoot multiple purpose robot (laser)"" but no ""shoot tin can (laser)"""
1,click-1,click,55,blocked,column,,"""set laser setting dial"" → ""You must specify a number to set the dial to."" — no way to supply one"
1,click-1,click,56,confusing,column,,"Laser does not light the dark; ""go down"" in the dark = death by grue"
2,typed-2,typed,1,other,text,,"Time counter advances by uneven amounts (18, 32, 7, 20) per turn with no unit shown"
2,typed-2,typed,2,parse,text,,"`take kit and towel` -> ""You can't see any kit and towel here!"""
2,typed-2,typed,3,parse,text,,"`examine padlock` -> ""nothing special"""
2,typed-2,typed,4,parse,text,,"After the ""glint of light from the floor"" cue, `examine floor` -> ""nothing special""; only `examine crevice` reveals the key"
2,typed-2,typed,5,nice,text,,"`get key with brush` -> ""Nice try."""
2,typed-2,typed,6,parse,text,,"`take all from box` -> ""You can't see any all from box here!"""
2,typed-2,typed,7,other,text,,"`take all` tries to take the cardboard box itself and fails on weight, without taking its contents"
2,typed-2,typed,8,other,text,,"`turn on robot` -> ""Nothing happens."" but score rises by 2; robot boots one turn later"
2,typed-2,typed,9,parse,text,,"`ask floyd about card` -> ""You can't see any floyd about card here!""; `floyd, tell me about the key` -> ""You can't see any me about key here!"""
2,typed-2,typed,10,parse,text,,"`floyd, get key` -> ""Enough talking! Let's play Hider-and-Seeker."" (no turn used), before and after playing with him"
2,typed-2,typed,11,parse,text,,"`floyd, take key from crevice` -> ""You can't see any key from crevice here!"""
2,typed-2,typed,12,parse,text,,"Game says door can't open ""until the padlock is removed""; `remove padlock` -> ""You aren't wearing that."""
2,typed-2,typed,13,confusing,text,,"`take ladder` -> ""Your load is too heavy."" repeatedly, even after dropping four items"
2,typed-2,typed,14,blocked,text,,"Hunger/thirst warning at turn 86, again at 165, sleep warning at 178; no drinkable water found in ~40 rooms"
2,typed-2,typed,15,parse,text,,"`put ladder across rift` with the collapsed ladder: ""far too short ... plunges into the rift and is lost forever"""
2,typed-2,typed,16,parse,text,,"`turn on laser` -> ""You can't turn that on."" though `fire laser at X` works"
2,typed-2,typed,17,confusing,text,,Firing the laser at the towel destroys it and awards 2 points
2,typed-2,typed,18,other,text,,"`sleep` in a room ""lined with multi-tiered bunks"" -> ""Civilized members of society usually sleep in beds."""
2,typed-2,typed,19,confusing,text,,"Waking up, everything I carried (laser, and the ID card that was inside my worn uniform) is on the floor with no message"
2,typed-2,typed,20,parse,text,,"`fire laser at wall` -> ""You can't see any wall here!"""
3,typed-3,typed,1,nice,text,,"POSITIVE: `scrub floor` understood (""The floor is a bit shinier now.""), and later `scrub slime` got a joke reply"
3,typed-3,typed,2,nice,text,,"POSITIVE: `open bulkhead` refused in character (""Why open the door... if there's no emergency?"")"
3,typed-3,typed,3,confusing,text,,`talk to ambassador` just gets a shrug and uses no turn; no hint about how conversation works here
3,typed-3,typed,4,nice,text,,"POSITIVE: Blather's escalating ""return to your post"" warnings steered me back without a death"
3,typed-3,typed,5,tedious,text,,About 13 consecutive `wait`s with no choices while the pod descends
3,typed-3,typed,6,nice,text,,POSITIVE: `take kit and towel` handled with per-object replies
3,typed-3,typed,7,other,text,,"`examine kit` says only ""The survival kit is closed."""
3,typed-3,typed,8,nice,text,,POSITIVE: bare `climb up` worked from the hint text
3,typed-3,typed,9,nice,text,,POSITIVE: phonetic-Galalingua plaque is fun to decode and plants place names
3,typed-3,typed,10,other,text,,"`examine door` says only ""The door is closed."" though the room text says it has a dial and is locked"
3,typed-3,typed,11,parse,text,,"`examine padlock` gives ""I see nothing special about the padlock."""
3,typed-3,typed,12,nice,text,,"POSITIVE: `put id card in slot` refused with a nudge (""It may be possible to slide something through the slot""), then `slide id card through slot` worked"
3,typed-3,typed,13,nice,text,,"POSITIVE: one `east` covers the whole long walkway, with narration"
3,typed-3,typed,14,parse,text,,"`examine red goo` gives the default ""nothing special"""
3,typed-3,typed,15,nice,text,,POSITIVE: the hunger warning came with food already in my kit; `eat red goo` was accepted with a funny flavour line
3,typed-3,typed,16,nice,text,,"POSITIVE: ""Nothing happens. The slot beside the buttons stays dark."""
3,typed-3,typed,17,nice,text,,"POSITIVE: the room text mentions the crevice, examining it reveals a key, and the room then shows ""a shiny object"""
3,typed-3,typed,18,confusing,text,,"`take key` gets ""Either the crevice is too narrow, or your fingers are too large."""
3,typed-3,typed,19,other,text,,"`take all` stops at ""Your load is too heavy"" for the box, but I could then take everything inside it"
3,typed-3,typed,20,nice,text,,POSITIVE: `take all from box` worked in one command
3,typed-3,typed,21,nice,text,,"POSITIVE: the dark stairs warn ""pitch black... eaten by a grue"" and let me back out"
3,typed-3,typed,22,confusing,text,,"Mech Corridor's ""entrances to rooms east and west"" both lead west into the same Physical Plant (via its NE and SE corners)"
3,typed-3,typed,23,nice,text,,MILESTONE/POSITIVE: `turn on robot` got a teaser hum (+2) and Floyd woke a turn later with a charming intro
3,typed-3,typed,24,bug,text,,"`ask floyd about key` refused: ""You can't see any key here!"""
3,typed-3,typed,25,nice,text,,"POSITIVE: `floyd, follow me` got ""Okay!"" and he followed room to room"
3,typed-3,typed,26,other,text,,"Carrying capacity is very tight: after dropping the brush, the brochure, a board and a bedistor I still can't take the laser"
3,typed-3,typed,27,parse,text,,"`put bar in crevice` gives a bare ""You can't do that."""
3,typed-3,typed,28,nice,text,,POSITIVE: `get key with bar` works and the reply is vivid
3,typed-3,typed,29,tedious,text,,"After `unlock padlock with key`, `open door` says the padlock must be removed first; I had to `remove padlock` separately"
3,typed-3,typed,30,nice,text,,"POSITIVE: ""You'd need both hands free for the ladder."" then `drop all` / `take ladder`"
3,typed-3,typed,31,other,text,,"""Floyd bounds into the room. 'Floyd here now!'"" repeats every move while he's following me"
3,typed-3,typed,32,parse,text,,"**`extend ladder` gives ""I don't know the word 'extend'.""** even though the object is ""extendable"" and its description says ""if extended"""
3,typed-3,typed,33,other,text,,"`open ladder` while holding it: ""You couldn't possibly extend the ladder while you're holding it."""
3,typed-3,typed,34,nice,text,,MILESTONE/POSITIVE: `put ladder across rift` then `north` crosses the chasm with tense narration (+4)
3,typed-3,typed,35,parse,text,,"`take cards` (plural) asks ""Which do you mean, the kitchen access card or the upper elevator access card?"""
3,typed-3,typed,36,nice,text,,POSITIVE: opening desks reveals labelled cards that name the lock they fit
3,typed-3,typed,37,other,text,,"After introducing himself as Floyd, he's listed in rooms as ""There is a multiple purpose robot here."""
3,typed-3,typed,38,nice,text,,"MILESTONE/POSITIVE: `slide upper elevator card through slot` then ""Elevator enabled."", then `push up button`, a ride, and Tower Core (+4)"
3,typed-3,typed,39,confusing,text,,"Hunger, thirst and sleep warnings escalate while there's no water source in sight; I had to choose between progress and survival, and chose progress"
3,typed-3,typed,40,parse,text,,"`examine vehicle` gives ""I see nothing special about the large vehicle."""
4,typed-4,typed,1,nice,text,,"""Why open the door to the emergency escape pod if there's no emergency?"""
4,typed-4,typed,2,nice,text,,All understood with witty replies
4,typed-4,typed,3,confusing,text,,"Pod closed two turns later, died on turn 20"
4,typed-4,typed,4,parse,text,,"""Which do you mean, the escape pod bulkhead or the wide bulkhead or the narrow bulkhead?"""
4,typed-4,typed,5,other,text,,Accepted but only one turn passed
4,typed-4,typed,6,nice,text,,"Explosion on turn 10 in attempt 2, turn 16 in attempt 1"
4,typed-4,typed,7,other,text,,Long scripted descent with nothing to do but wait
4,typed-4,typed,8,nice,text,,"""precariously balanced"", provisions panel, `take kit and towel`, `open door`, `out`, `up` all understood"
4,typed-4,typed,9,nice,text,,Took me straight up to the Balcony
4,typed-4,typed,10,nice,text,,"Phonetic ""corrupt Galalingua"" text"
4,typed-4,typed,11,nice,text,,"""can be turned to any number between 0 and 1000"""
4,typed-4,typed,12,nice,text,,"Several large, empty rooms in a row, `search bunks` finds nothing"
4,typed-4,typed,13,nice,text,,"""The slot is shallow... It may be possible to slide something through the slot, though."""
4,typed-4,typed,14,nice,text,,"""Inkorekt awtharazaashun kard...akses deeniid."""
4,typed-4,typed,15,nice,text,,"""Nothing happens. The slot beside the buttons stays dark."""
4,typed-4,typed,16,bug,text,,"""The red door begins vibrating a bit."" then nothing for two turns"
4,typed-4,typed,17,nice,text,,"""The goo in your survival kit would take care of both."""
4,typed-4,typed,18,nice,text,,The red door opened three turns after the button push
4,typed-4,typed,19,nice,text,,"""Either the crevice is too narrow, or your fingers are too large."""
4,typed-4,typed,20,nice,text,,"""Nice try."""
4,typed-4,typed,21,nice,text,,Status board of working and broken systems
4,typed-4,typed,22,nice,text,,"""Your load is too heavy. Dropping the ... scrub brush would make enough room."""
4,typed-4,typed,23,nice,text,,"""It is pitch black. You might be eaten by a grue."""
4,typed-4,typed,24,other,text,,"Door shut on its own after two turns; `e` then ""The reactor elevator door is closed."""
4,typed-4,typed,25,nice,text,,"+2, a hum, then Floyd boots up with a great intro line"
4,typed-4,typed,26,other,text,,"Nine labelled buttons and a spout, no obvious use yet"
4,typed-4,typed,27,parse,text,,"""You can't see any key here!"""
4,typed-4,typed,28,parse,text,,"""Floyd looks at you expectantly, as though he thought you were about to talk."""
4,typed-4,typed,29,parse,text,,"Each item refused with a different ""Dropping X would make enough room"""
4,typed-4,typed,30,nice,text,,"Magnet pulls the key out, lovely prose"
4,typed-4,typed,31,parse,text,,"Treated as TAKE, refused for weight"
4,typed-4,typed,32,parse,text,,"""You can't see any all except id card here!"""
4,typed-4,typed,33,nice,text,,Lists every item I would have to drop
4,typed-4,typed,34,confusing,text,,"""You couldn't possibly extend the ladder while you're holding it."""
4,typed-4,typed,35,nice,text,,"""far too short... It had better be extended first."""
4,typed-4,typed,36,nice,text,,"+4, lovely swaying-ladder text"
4,typed-4,typed,37,parse,text,,"""Which do you mean, the kitchen access card or the upper elevator access card or the ID card?"""
4,typed-4,typed,38,other,text,,"Hungry again and weary, with the food left three rooms and a rift away"
5,typed-5,typed,1,nice,text,,"All understood, nested inventory shown"
5,typed-5,typed,2,parse,text,,"""You can't see any blather here!"" (he had just left)"
5,typed-5,typed,3,nice,text,,In-character refusal hints at a coming emergency
5,typed-5,typed,4,nice,text,,Blather pushes you back; time does not advance on that turn
5,typed-5,typed,5,nice,text,,"Understood, flavour reply"
5,typed-5,typed,6,nice,text,,Meta joke brochure
5,typed-5,typed,7,nice,text,,"Entered the pod, +3 score"
5,typed-5,typed,8,nice,text,,"Understood; status line shows ""in the safety web"""
5,typed-5,typed,9,confusing,text,,Several silent turns between messages
5,typed-5,typed,10,confusing,text,,"Pod ""precariously balanced"", I waited 2 turns"
5,typed-5,typed,11,nice,text,,"Per-object ""Taken."" lines"
5,typed-5,typed,12,nice,text,,"Natural escape sequence, +3"
5,typed-5,typed,13,nice,text,,Explicitly suggests climbing to the structure
5,typed-5,typed,14,nice,text,,"Phonetic Galalingua, decodable"
5,typed-5,typed,15,nice,text,,"""You find nothing unusual."""
5,typed-5,typed,16,nice,text,,Flavour replies for scenery
5,typed-5,typed,17,nice,text,,Range 0-1000 stated
5,typed-5,typed,18,parse,text,,"""You can't see any south door here!"""
5,typed-5,typed,19,nice,text,,Refusal suggests sliding instead
5,typed-5,typed,20,nice,text,,Understood; wrong card message in Galalingua
5,typed-5,typed,21,other,text,,"""The canteen is closed."" only"
5,typed-5,typed,22,bug,text,,Identical empty rooms
5,typed-5,typed,23,nice,text,,Travel narration and a big time jump
5,typed-5,typed,24,nice,text,,Explicit hint that the goo cures hunger and thirst
5,typed-5,typed,25,nice,text,,Worked directly from inside the open kit
5,typed-5,typed,26,nice,text,,Door opened a turn later with its own message
5,typed-5,typed,27,nice,text,,"""The slot beside the buttons stays dark."""
5,typed-5,typed,28,nice,text,,Reveals the steel key
5,typed-5,typed,29,nice,text,,Too narrow for fingers
5,typed-5,typed,30,nice,text,,"""Nice try."""
5,typed-5,typed,31,nice,text,,"""too wide to jump across"""
5,typed-5,typed,32,nice,text,,Monitor list spells out the broken systems
5,typed-5,typed,33,parse,text,,"""You can't go that way."""
5,typed-5,typed,34,nice,text,,Box refused for weight; game names the brush as what to drop
5,typed-5,typed,35,nice,text,,"""metal filings cling to its ends"""
5,typed-5,typed,36,nice,text,,"Frequent weight refusals, each naming an item to drop"
5,typed-5,typed,37,confusing,text,,"ID card now listed loose, no longer ""in the uniform"""
5,typed-5,typed,38,other,text,,"""You can't do that."""
5,typed-5,typed,39,nice,text,,Key leaps to the magnet
5,typed-5,typed,40,nice,text,,All phrasings accepted
5,typed-5,typed,41,nice,text,,+4 and an extendable ladder
5,typed-5,typed,42,nice,text,,Worked exactly as intended
5,typed-5,typed,43,nice,text,,"""There is still goo in the survival kit you left in Storage West."""
5,typed-5,typed,44,nice,text,,Both refusals name the fix
5,typed-5,typed,45,nice,text,,Bridge laid
5,typed-5,typed,46,nice,text,,"+4, vivid crossing text"
5,typed-5,typed,47,nice,text,,Points out the closed drawer
5,typed-5,typed,48,nice,text,,Multi-take from containers works; points awarded
5,typed-5,typed,49,nice,text,,Sleep timer starts
5,typed-5,typed,50,nice,text,,"Pitch black, grue warning"
5,typed-5,typed,51,nice,text,,Maps name both complexes
5,typed-5,typed,52,nice,text,,Game recalls my earlier action
5,typed-5,typed,53,nice,text,,Elevator enabled and rides up
5,typed-5,typed,54,other,text,,"""You can't go that way."" (door is south)"
5,typed-5,typed,55,other,text,,Ladder carrying forced me to abandon food; hunger escalated
1,typed-1,typed,1,bug,text,,"Literal pipe characters in text (""STELLAR PATROL / Special..."", ""north, east, and west. / / Standing..."")"
1,typed-1,typed,2,other,text,,Blather's arrival speech repeats verbatim every time (5+ times across attempts)
1,typed-1,typed,3,parse,text,,"`hit blather with brush` gives ""You can't see any blather brush here!"""
1,typed-1,typed,4,other,text,,`attack blather` kills you instantly; turn counter doesn't advance
1,typed-1,typed,5,confusing,text,,"Pod door opens silently when you arrive a turn after the explosion; ""It's already open!"" then it shuts; then ""Too late"""
1,typed-1,typed,6,parse,text,,"`take all` gives ""You can't see any all here!"""
1,typed-1,typed,7,confusing,text,,Two silent `wait` turns mid-cutscene
1,typed-1,typed,8,bug,text,,"Four identical dorm texts, five identical toilet texts, all empty"
1,typed-1,typed,9,parse,text,,"`examine` gives ""nothing special"" for padlock, dispenser, pliers, U-bar, fluid; ""too complicated"" for equipment and reactor dials"
1,typed-1,typed,10,other,text,,"`push up/down button` gives ""Nothing happens."" with a slot right there"
1,typed-1,typed,11,bug,text,,"Red door: ""begins vibrating a bit"", never opens in 3 turns; found open ~1800 ticks later via `examine`; brief-mode arrival didn't mention it"
1,typed-1,typed,12,bug,text,,"`turn on robot` gives ""Nothing happens."" but score +2; robot wakes next turn"
1,typed-1,typed,13,parse,text,,"`floyd, follow me` gives ""I don't know the word 'floyd'"" right after `examine floyd` worked"
1,typed-1,typed,14,bug,text,,"`shoot wall with laser`, `ask floyd about water` give ""can't see any wall laser / floyd about water"""
1,typed-1,typed,15,other,text,,"`oil padlock` gives ""doesn't need oiling""; `oil floyd` gives thanks; oil can has no discovered use in 140 turns"
1,typed-1,typed,16,parse,text,,"`unhook`, `cut`, `pry`, `use`, `squeeze` all unknown; `open padlock` gives ""can't open it with your hands""; `open padlock with pliers` gives ""can't see any padl"
1,typed-1,typed,17,parse,text,,"`examine bunks` gives ""You can't see any bunks here!"" in a room ""lined with multi-tiered bunks""; later `sleep` says ""sleep in beds"" and `get in bed` works"
1,typed-1,typed,18,other,text,,"`sleep` standing gives ""Civilized members... sleep in beds""; then `get in bed`, `sleep`, `wait`"
1,typed-1,typed,19,confusing,text,,Sleeping puts every carried item (including the ID card *inside the uniform*) on the floor silently; brief-mode wake text doesn't list them; discovered 20 comma
1,typed-1,typed,20,tedious,text,,"""weak and slightly flushed, but you're not sure why"""
1,typed-1,typed,21,other,text,,"`eat green goo` with the kit on the floor gives ""You're not holding the survival kit."""
1,typed-1,typed,22,confusing,text,,Flask fluid vanished with no message
1,typed-1,typed,23,other,text,,"160-tick walk, traversed five times; layout puts tools east, locks and beds west"
1,typed-1,typed,24,confusing,text,,"Hunger message says ""hungry and thirsty"" but only food is ever available; no water found anywhere (canteen can't be filled at the dispenser)"
1,typed-1,typed,25,other,text,,`examine machines` answered about the dispenser
1,typed-1,typed,26,other,text,,Dial 0-1000; no number found anywhere reachable; games and tapes beside it give jokes only
10,click-10,click,1,parse,text,,"Opening prose says I am scrubbing the deck; brush menu offers only examine/drop, and there is no floor/deck scenery tag"
10,click-10,click,2,other,text,,"Character listed as ""Ensign First Class""; all prose calls him ""Blather"""
10,click-10,click,3,blocked,text,,"Exits listed normally, but Blather shoves me back from every one of them"
10,click-10,click,4,other,text,,"Prose uses starboard/aft/port; buttons use south/east/west, with no mapping"
10,click-10,click,5,other,text,,"Both sealed by bulkheads; the exits stayed listed as normal, and the bulkhead objects (20/21) only appeared *after* the failed click, offering `examine` and no "
10,click-10,click,6,parse,text,,"`take` was absent from both objects while I was in the safety web, and appeared the instant I got out"
10,click-10,click,7,nice,text,,One click took both provisions while the pod was sinking
10,click-10,click,8,nice,text,,`open escape pod bulkhead` vanished when the door opened; a `slime` tag appeared where the ambassador dripped
10,click-10,click,9,nice,text,,Every exit labelled with its destination room; only the unexplored `go up` was unlabelled
10,click-10,click,10,parse,text,,"Game says ""the door cannot be opened until the padlock is removed""; padlock offers `examine` and nothing else"
10,click-10,click,11,other,text,,The card's `…` menu is examine/drop/read; the puzzle verb `119 slide through slot` lives as a separate top-level entry outside that menu
10,click-10,click,12,other,text,,"""You hear a faint whirring noise"" and nothing further; the door opens two turns later"
10,click-10,click,13,bug,text,,"Uniform filled up, its `put in…` entry silently disappeared, and reusing the number gave **""I don't know the word 106""**"
10,click-10,click,14,other,text,,Same failure again on the cardboard box at six items
10,click-10,click,15,nice,text,,"""Your load is too heavy. **Dropping the oil can would make enough room.**"""
10,click-10,click,16,other,text,,"One-turn warning that the magnet will smear the ID card's stripe, delivered as a `>>` line in the same grey as idle chatter; no clickable option changed; the ve"
10,click-10,click,17,nice,text,,Carrying the magnet added a `take with magnet` verb to the key that was previously unreachable
10,click-10,click,18,blocked,text,,Floyd offers examine / talk to / salute / attack / listen to / search / look inside / turn off / throw at / ask about — and **no way to give him an order or han
10,click-10,click,19,confusing,text,,"""Nothing happens"" (+2 silently); Floyd only shows up three turns later in a different room"
10,click-10,click,20,nice,text,,"Each failed step named the next one, and `put across rift` only appeared once the ladder was extended and on the floor"
10,click-10,click,21,nice,text,,"The moment the game decided I was weary, a `sleep` button appeared in the button row"
10,click-10,click,22,other,text,,"Second magnet smear, this time on the card that gates the other half of the map — one turn of warning, delivered as a grey `>>` line, with no change to any clic"
10,click-10,click,23,other,text,,"Single save slot meant the smear decision could not be deferred to a later leg, and my last save was 115 turns old — because the one-slot rule had made me reluc"
10,click-10,click,24,nice,text,,"Option numbers held their meaning per room across the restore, so I replayed ~45 moves almost entirely from written-down numbers"
10,click-10,click,25,nice,text,,One click waited repeatedly on its own until the car arrived and the door opened
10,click-10,click,26,parse,text,,"Card authorisation had lapsed (""the slot stays dark"") with no notice; and `wait for the elevator` had vanished, so reusing 16 gave ""I don't know the word 16"" ag"
10,click-10,click,27,confusing,text,,"Diagnose read ""**noticeably** thirsty and hungry"" and I died of ""extreme thirst and hunger"" on the same screen, carrying two blobs of goo"
10,click-10,click,28,other,text,,"""While you slept, the things you were carrying slipped to the floor beside you"" — including all three access cards"
10,click-10,click,29,confusing,text,,"Took six items, then on the seventh: ""Oh, no. The upper elevator access card slips from your arms... both tumble to the ground"""
10,click-10,click,30,nice,text,,"Seven coloured lights named in one room, the same seven colours named as buttons in another"
10,click-10,click,31,confusing,text,,"`red/blue/green/yellow/gray/brown/black/round white/square white`, each with `examine` + `push` — eighteen option entries in one room"
10,click-10,click,32,other,text,,"Exits name the adjacent room only; there is no map, and `look` only re-describes the current room. I walked four rooms the wrong way planning a route from memor"
10,click-10,click,33,other,text,,"""You feel a bit weak and slightly flushed"" arrives as one prose line; no option anywhere changes; the only way to confirm or track it is to know about the `diag"
10,click-10,click,34,other,text,,"Both exits unlabelled, though Storage East and Physical Plant lie through them and I've visited both; every other corridor labels its exits"
10,click-10,click,35,parse,text,,"""Oh, no. The **shuttle access card** slips from your arms while taking the canteen and both tumble to the ground."" Single deliberate take, no weight warning on "
10,click-10,click,36,nice,text,,Walking in with two containers grew a `put under spout` entry on each
10,click-10,click,37,nice,text,,"""Another dose... splashes over the already-full flask, spills onto the floor, and dries up"""
10,click-10,click,38,blocked,text,,"The enunciator asks for one colour at a time; the dispenser is 12 moves away. One dose cost 24 moves / 28 turns of pure corridor-walking, with Floyd following m"
10,click-10,click,39,other,text,,"Exit labelled with its destination, then ""The door is closed."" when clicked"
10,click-10,click,40,other,text,,The canteen's menu is examine/drop/close/look inside/search — no `drink`. The drink verb lives on the *contents* one indent down (`151 drink`)
10,click-10,click,41,other,text,,""">> Floyd's eyes light up..."" printed *above* ""Ok."" — the NPC's idle line came before the answer to my click"
10,click-10,click,42,confusing,text,,The Patrol uniform's `put in…` entry disappeared from the carried list although the uniform is now empty
10,click-10,click,43,nice,text,,"""The laser emits a narrow blue beam of light."" **[+2 points]** — and `2 look` next turn is still pitch black"
10,click-10,click,44,other,text,,"I wanted to carry a speculative second dose, but there is no `empty` or `rinse` on a liquid container — the only pour verb I ever saw was `pour into funnel-shap"
10,click-10,click,45,nice,text,,"The wait-until button appeared in the *lobby*, outside the car, once the car was on its way"
10,click-10,click,46,nice,text,,"""But you don't have the **orange key**!"""
10,click-10,click,47,other,text,,"""you don't seem to have found a can opener yet"" — and taking the wide-nosed pliers did **not** grow an `open with pliers` entry on the can, unlike the magnet/ke"
10,click-10,click,48,other,text,,"In darkness the option list shows only the exit you entered by plus the standard buttons: no objects, no other exits"
10,click-10,click,49,bug,text,,"The laser is a bare verb with no `shoot at…` target list, though `throw at…`, `put in…` and `ask about…` all open one. Six dial settings, nothing to aim at"
10,click-10,click,50,confusing,text,,"""Want to play Hider-and-Seeker instead?"", ""Are we gonna try something dangerous now?"", ""C'mon! Let's play some more!"" — and there is no `yes` / `no` / reply opt"
10,click-10,click,51,bug,text,,"`search` answers ""The desk has a drawer which is currently open""; only `look inside` says ""The large desk is empty"""
10,click-10,click,52,other,text,,"""The dial can be turned to any number between 0 and 1000."" Nothing in the game I have reached supplies a number; asking Floyd gives a joke"
10,click-10,click,53,other,text,,"""Floyd reminisces about his friend Lazarus, **a medical robot**"" — with a plague on the planet and a fever on me, this is probably the cure thread, and it arriv"
10,click-10,click,54,other,text,,Going to sleep is `11 get in` + `13 sleep` + six separate `5 wait` clicks
10,click-10,click,55,parse,text,,Cards stowed *inside* the survival kit were still dumped on the floor and listed as separate room items with their own `take` numbers; taking the kit took them 
10,click-10,click,56,confusing,text,,"The full, **open** canteen hit the floor overnight and was **empty** in the morning. No message on sleeping, on waking, or on inspection — `--status` simply sto"
10,click-10,click,57,parse,text,,"The oil can's whole menu is examine/drop. No `oil X`, no `pour on…`, and standing inside a vehicle where ""everything is covered with a thick layer of rust"" prod"
10,click-10,click,58,parse,text,,"Floyd refuses to follow into a dark room, and his `ask about…` number answers **""I don't know the word 134""**"
10,click-10,click,59,other,text,,Laser at setting 1 fires a narrow red beam and the room is still pitch black; settings 5 and 6 behaved identically last leg
10,click-10,click,60,other,text,,"The only exit offered is `1 go up`; there is no `go down`, so I cannot even attempt to move deeper and be eaten"
10,click-10,click,61,bug,text,,"Sliding a card that lives inside the survival kit silently removes it from the kit (""(You take the upper elevator access card out of the survival kit first.)"") "
10,click-10,click,62,parse,text,,"A room ""filled with robot-like devices of every conceivable description, all in various states of disassembly"" offers `examine` and nothing else - no search, no"
10,click-10,click,63,nice,text,,"""Floyd shrugs. 'Ask a Doctor-person. Floyd only knows about games. And fixing things. A little.'"""
10,click-10,click,64,confusing,text,,"""You notice that you feel unusually weak, and you suspect that you have a fever"" - stage two of an illness whose stage one arrived 320 turns earlier, in the sam"
10,click-10,click,65,other,text,,"Two enormous wall maps of both complexes answer ""Examining the maps reveals no new information"""
10,click-10,click,66,other,text,,"Made acid (""ASID"") in the glass flask; the chemical fluid's whole menu is `examine, drop`, and no `pour on…` entry appeared on the tin can, the rust, the lock o"
10,click-10,click,67,other,text,,"Standing inside a vehicle where ""everything is covered with a thick layer of rust"", holding an oil can, the oil can's menu is still `examine, drop` and the rust"
10,click-10,click,68,blocked,text,,"Holding the laser in a room with the tin can the game says needs an opener, `154 shoot` is still a bare verb and the can still offers only `examine/take/open`"
10,click-10,click,69,other,text,,"Capacity is about five objects and the kit + canteen + one tool fills it, so every two-tool experiment needs a 12-move round trip and often ""Dropping the cantee"
10,click-10,click,70,other,text,,"Two more combination guesses off the only number the game has volunteered (""frequency 48.5""); both locked"
10,click-10,click,71,nice,text,,"A card that was **not** in this room at turn 489 was lying on the floor at turn 669. Floyd - who wanders off ""exploring"" and who ""produces a crayon from one of "
10,click-10,click,72,other,text,,The new card's row carried a `show to floyd` action - the first instruction-shaped verb aimed at Floyd in 700 commands
10,click-10,click,73,nice,text,,"""Using the shuttle car during the evening hours requires special authorization."""
10,click-10,click,74,bug,text,,"No `sleep` option exists unless the game has decided you are weary, and no `sleep until morning`. Getting from evening to morning meant a 13-room walk to a bed "
10,click-10,click,75,confusing,text,,"A **closed**, brim-full canteen was empty in the morning. Leg 2 diagnosed the open-container spill and closing it is not the fix. No message on sleeping, waking"
10,click-10,click,76,nice,text,,"The hunger warning had changed its wording from ""A drink from your canteen"" to ""You think of the machine in the kitchen"" once the canteen was empty"
10,click-10,click,77,confusing,text,,"Twenty-four `4 wait` clicks across one trip, the signs (""Limit 45"", ""Hafwaa Mark -- Beegin Deeseluraashun"", ""15"", ""5"") all readable, but no `wait for the elevat"
10,click-10,click,78,parse,text,,"The only medicine in the game offers `examine` and `taste`; `taste` answers ""The bottle is closed""; opening the bottle makes an `eat` appear on the contents"
10,click-10,click,79,nice,text,,"A plain `take` triggered Floyd finding Lazarus's breast plate, sobbing and running out of the room"
10,click-10,click,80,nice,text,,"A hanging uniform whose pocket holds the teleportation access card **and** the paper carrying the combination to the Conference Room (""982"")"
10,click-10,click,81,blocked,text,,"The clue for the Rec Area's 0-1000 dial is a scrap of paper on the *other island*, behind the lower elevator, the shuttle and a card Floyd has to fetch"
10,click-10,click,82,nice,text,,"The teleport network, once the card is found, moves you between the two complexes in a single click"
10,click-10,click,83,parse,text,,"Setting the correct number opens the door by itself, so my prepared `2 open door` click answered ""I don't know the word 2"""
10,click-10,click,84,nice,text,,Carrying the pliers grew a `take with pliers` verb on the bedistor that was fused to its socket
10,click-10,click,85,parse,text,,"A mural that ""seems to ripple now and then, as though a breeze were blowing behind it"", which Floyd says he has never seen before, offers `examine` and nothing "
10,click-10,click,86,nice,text,,"Floyd explains the plan in words; `2 open lab door`, then `15 close lab door` **marked (new)**, then `7 wait`, then open, then close — every click on screen at "
10,click-10,click,87,nice,text,,Four identical boards; pulling one out renames it a **fried** seventeen-centimetre fromitz board in your hands
10,click-10,click,88,other,text,,"I clicked 9 meaning ""go southwest"" (its meaning one room earlier) and dropped my entire inventory — six access cards included — on the floor of a sterilisation "
10,click-10,click,89,other,text,,To swap the laser's battery you must click the *old battery's* `drop` (which ejects it from the laser); only then does a `put in…` appear on the laser
10,click-10,click,90,other,text,,"Card slid, sector number correctly read off the printout, and the answer is ""Internal computer repair booth not activated"""
11,click-11,click,1,parse,text,1,No clean/scrub/polish verb exists anywhere. The game's opening activity is unclickable.
11,click-11,click,2,bug,text,2,"No take button; examine returns the default ""I see nothing special about the piece of celery."" A thing printed as ""in the room"" that can't be taken or described"
11,click-11,click,3,bug,text,2,"Pressing them says ""The wide bulkhead is closed."" (free, no turn). Dead buttons presented identically to live ones, destination label and all."
11,click-11,click,4,other,text,3,"The take verbs only appear after `17 get out of the safety web` — the same turn the pod falls into the sea and starts flooding. A player who reads ""no take butt"
11,click-11,click,5,bug,text,2,"""Option 14 … is not on screen now: something has changed."" Taking an item retires its in-room numbers and reissues it in the 100-series (canteen → `120`), contr"
11,click-11,click,6,parse,text,2,"All ""I see nothing special about the X."" The pod window during the destruction of the Feinstein is the worst of these."
11,click-11,click,7,other,text,1,An offer to enter the container I'm already inside.
11,click-11,click,8,other,text,2,"No unlock/remove/pick verb at all. Fine if a key later grows one, but with nothing on the menu the click player cannot tell a ""come back later"" lock from a scen"
11,click-11,click,9,other,text,3,"Capacity is tiny and nothing shows weight. After I dropped the cardboard box to make room, `take all` picked it straight back up. The two bulk buttons undo each"
11,click-11,click,10,confusing,text,3,"18 generated option numbers for two tools in one small room, growing with every room entered, burying the handful of options that matter — and spending numbers "
11,click-11,click,11,other,text,2,"No `drink`, no `fill` anywhere, while thirst is a real clock (diagnose: ""fairly thirsty and hungry""). A mouse player cannot tell whether the canteen is usable a"
11,click-11,click,12,other,text,1,`search` is what works; there is no `open`. Survivable only because search happened to be on the menu.
11,click-11,click,13,other,text,1,"In click mode an unlisted noun is invisible, so richly-described rooms read as thinner than they are."
11,click-11,click,14,bug,text,2,"Falling asleep dumps your whole inventory on the floor. **Corrected after checking the transcript:** the game *does* say so, once, inside the long wake-up parag"
11,click-11,click,15,other,text,3,"""Option 19 (""examine gray button (gray button)"") is not on screen now"" — 19 had been reissued to a **Machine Shop** object, and the error quotes that other room"
11,click-11,click,16,other,text,3,"He asks **""Tell Floyd a story?""** and **""Want to play Hider-and-Seeker instead?""** repeatedly. There is no `tell story` and no `play` button anywhere, and `ask "
11,click-11,click,17,other,text,2,"Gone at turn 157 with Floyd still standing in the room; pressing it gave ""not on screen now"". Character options flicker between turns, so a number you read one "
11,click-11,click,18,bug,text,1,"Both print the identical ""You're tickling Floyd!"" paragraph — two distinct buttons that are the same action."
11,click-11,click,19,bug,text,3,"Hunger and thirst are on a visible clock with polite warnings, but by turn 231 every remaining route is locked (nine separate locks, table above) and the kit is"
11,click-11,click,20,blocked,text,3,"""Tsk, tsk ... the padlock seems to be fused shut."" It was fused by an earlier action of mine — almost certainly `201 shoot padlock`, **for which the game awarde"
11,click-11,click,21,confusing,text,3,"The tide had come in (""The crag where you landed yesterday is now underwater!"" in the room text) and `2 go down` put me straight into the sea, where ""A mighty u"
11,click-11,click,22,confusing,text,3,"The only on-screen option is `start again with --new`. A mouse-only player is instructed to type three words they cannot type, and RESTORE has no button at all."
11,click-11,click,23,other,text,2,"Two turns per guess over 0-1000, and a miss only repeats ""You probably have to turn the dial to some number to open it."" Fine if the clue is findable, but every"
11,click-11,click,24,other,text,2,"""The padlock seems to undergo some damage as a result of your action."" — reads like a generic damage fallback, not a written response; nothing about the object "
11,click-11,click,25,confusing,text,,"I read most move results through `head`, so some long outputs were cut on my own screen before I chose the next button. I went back to the full transcript to ch"
11,click-11,click,26,other,text,3,"The door opens on the explosion turn and **clangs shut two turns later**. Pressing `3` one turn late says ""Too late. The pod's launching procedure has already b"
11,click-11,click,27,other,text,3,"Four turns from standing up to drowning. Two individual takes plus `open bulkhead` = dead (""it's curtains for you. Perhaps you should have left the pod a bit so"
11,click-11,click,28,confusing,text,3,"**Restore works and is a button — but only if you saved.** Nothing ever suggests saving, and the death prose still says ""(Type RESTART, RESTORE, or QUIT.)"". So "
11,click-11,click,29,other,text,2,"He ""inquires whether you are interested in a game of Bocci"", ""offers you a bit of celery"", ""asks where Admiral Smithers can be found"" — three direct questions, "
11,click-11,click,30,blocked,text,3,"**""The padlock springs open.""** — on a clean run where nothing had been shot or poured at it. This confirms row 20: leg 1's ""fused shut"" was caused by `shoot pa"
11,click-11,click,31,bug,text,3,"""You can't stay awake a moment longer. You drop to the ground and fall into a deep but fitful sleep."" — and the status line silently gains **YOU HAVE DIED**. **"
11,click-11,click,32,parse,text,3,"""Civilized members of society usually sleep in beds."" — it costs a turn, changes nothing, and stays on the row. The row is the game's only fatigue UI and the ac"
11,click-11,click,33,other,text,2,"You must `drop` it (""You couldn't possibly extend the ladder while you're holding it""), then `open` it — where ""open"" means ""extend"" — and only then does `17 pu"
11,click-11,click,34,tedious,text,3,Each colour is a full round trip — Comm Room → Tower Core → Upper Elevator → push down → wait → Elevator Lobby → Corridor Junction → three corridors → Machine S
11,click-11,click,35,other,text,2,"""…using the shuttle car during the evening hours requires special authorization."" The card is right, the time is wrong, and nothing anywhere else says the shutt"
11,click-11,click,36,bug,text,2,"The kitchen door auto-closes behind you; the exit button stayed, the press consumed nothing and printed nothing I could see, and the fix was a second `slide thr"
11,click-11,click,37,other,text,2,I pressed `3` for `look` in the Machine Shop and walked west to the Tool Room; `6` for `look` on the Crag and got `diagnose`. The six standing Buttons never kee
11,click-11,click,38,nice,text,,"The `!>` warning ""There is still goo in the survival kit you left in Storage West"" is excellent guidance, but in the room the blobs have no `eat` and no `take`."
11,click-11,click,39,confusing,text,2,"The wake-up text ends with Floyd and a date stamp and never says you are still in the bed; the status line says `Dorm A, in the bed` but that is the same line t"
11,click-11,click,40,other,text,2,"**Corrected mid-leg.** The drink verb is not on the canteen, it is on its *contents*, printed as an indented sub-entry: `in it: quantity of protein-rich liquid "
11,click-11,click,41,bug,text,3,"All four print the identical sentence (""Like most fromitz boards, it is a twisted maze of silicon circuits…""), and all four `take` options answer ""You jerk your"
11,click-11,click,42,other,text,2,"""It seems to be fused to its socket."" The oil can that presumably frees it is in Storage East in Kalamontee. Same shape as row 41: the repair rooms diagnose the"
11,click-11,click,43,confusing,text,3,"The examine says ""The mural **seems to ripple now and then, as though a breeze were blowing behind it**."" There is no move, pull, look behind, open or go-behind"
11,click-11,click,44,blocked,text,3,"""The bottle is closed."" Then `269 open` on the bottle, and the contents grew **`274 eat` (new)** alongside taste. Three presses and two dead ends to take a dose"
11,click-11,click,45,other,text,3,"""The bio-lock door is closed."" A dead exit button that still advertises where it goes, exactly like row 3 (the Feinstein's emergency bulkheads) and row 36 (the "
11,click-11,click,46,other,text,3,"`9` in Bio Lock West is **`drop all`**, and it dropped my canteen, both access cards, the lab uniform and the new battery on the floor of a sterilization chambe"
11,click-11,click,47,parse,text,2,"""Option 14 … is not on screen now: something has changed."" Taking an object retires its in-room numbers (row 5 again). Separately, pressing `13 read` on an in-r"
11,click-11,click,48,parse,text,2,"The printed answer to that button is the game's null message, ""I see nothing special about the window."" — and *then* Floyd delivers the plan that is the emotion"
11,click-11,click,49,other,text,2,The three cards in my **worn** Patrol uniform all showed `slide through slot` from inside their container on the same screen. So a card inside a *worn* containe
11,click-11,click,50,bug,text,2,"""Teleportaashun buux not aktivaatid."" — **the same message the booths give before you have ever found the card.** The activation lasts exactly one trip; every h"
11,click-11,click,51,other,text,3,"`10` in the Tool Room is `examine glass flask`; `save` is `9`. Third time this leg (Mess Hall `5 look`→`go north`, Bio Lock West `9 look`→`drop all`, here). Row"
11,click-11,click,52,other,text,,In Course Control the same pliers made **`19 take with pliers (new)`** appear on the fused bedistor the instant I walked in — the compound-verb button working p
6,click-6-late,click,1,nice,column,,Save took no turn and immediately added a Restore button
6,click-6-late,click,2,nice,column,,"""Mesij Plaabak"" playback of the Feinstein's last words is a strong story beat"
6,click-6-late,click,3,nice,column,,Enunciator + funnel + coolant sign add up to a readable puzzle setup (green light flashing)
6,click-6-late,click,4,confusing,column,,"Lock offers only ""examine"" -> ""I see nothing special about the lock""; no way to try my key on it"
6,click-6-late,click,5,nice,column,,"""The slot beside the buttons stays dark"" told me exactly what to do"
6,click-6-late,click,6,tedious,column,,"Had to guess how many ""wait""s the ride takes; no progress text on the first wait"
6,click-6-late,click,7,nice,column,,"Card slot shown on every card with ""slide through slot""; wrong card gives a clear refusal"
6,click-6-late,click,8,confusing,column,,"""The red door begins vibrating a bit"" then nothing after two waits; unclear if I did something or not"
6,click-6-late,click,9,nice,column,,Hunger warning also reminds me where I left the goo
6,click-6-late,click,10,confusing,column,,"Goo in a kit on the floor offers only ""examine""; ""eat"" appears only after taking the kit"
6,click-6-late,click,11,nice,column,,"""sleep"" button appears when weary; nice cue"
6,click-6-late,click,12,nice,column,,"""put in..."" list flow (14, then ""14 canteen"") is clear"
6,click-6-late,click,13,confusing,column,,"Taking a full canteen lists ""quantity of protein-rich liquid"" as a separate carried item with ""drink"", then it vanishes from the list once I close it"
6,click-6-late,click,14,blocked,column,,"Combination dial offers ""set to a number <value>"" with range 0-1000: clear affordance, no clue yet"
6,click-6-late,click,15,confusing,column,,"""sleep"" button in bed only says ""You'll probably be asleep before you know it""; had to ""wait"" to actually sleep"
6,click-6-late,click,16,nice,column,,"Items dropped during sleep have no ""take"" while I am in bed; fine after getting out, ""take all"" collected everything"
6,click-6-late,click,17,confusing,column,,"Misclick: same number means different exits in adjacent rooms, I pressed 5 expecting ""east"""
6,click-6-late,click,18,nice,column,,"Unlabelled exits (""go west"" with no room name) act as an unexplored-exit marker"
6,click-6-late,click,19,tedious,column,,Four identical dorm+sanfac pairs with nothing in them: a lot of clicks for no content
6,click-6-late,click,20,nice,column,,"Sickness creeps in via an ambient line; diagnose confirms ""a bit sick and feverish"""
6,click-6-late,click,21,nice,column,,Monitor room is a clear status board of what is broken
6,click-6-late,click,22,blocked,column,,Pitch black; no light source in my inventory and nothing on screen hints where one is
6,click-6-late,click,23,tedious,column,,Taking the box lists its four contents as separate carried items with their own drop options; the option list balloons past 70
6,click-6-late,click,24,nice,column,,"Second card-locked elevator; ""slot stays dark"" is again a clear hint"
6,click-6-late,click,25,blocked,column,,"""dark stairway winds downward"": no light source yet, so another dark route I cannot take"
6,click-6-late,click,26,nice,column,,"""Your load is too heavy. Dropping the canteen would make enough room."" names exactly what to drop"
6,click-6-late,click,27,nice,column,,"Dispenser colours match the Comm Room enunciator; ""put under spout (new)"" appears on the flask"
6,click-6-late,click,28,confusing,column,,"""The fluid gradually turns milky white"" after pushing green: unclear whether I still have green coolant"
6,click-6-late,click,29,tedious,column,,"Full flask is heavier; can no longer carry it with my load, so I have to juggle cards/box"
6,click-6-late,click,30,nice,column,,"Floyd wakes up with a funny, characterful speech; +2 for turning him on"
6,click-6-late,click,31,confusing,column,,"""The red door has opened since you were last here"" - the delayed effect of my button push 115 turns earlier; good that it is reported, but at the time nothing t"
6,click-6-late,click,32,nice,column,,"""pour into funnel-shaped hole (new)"" appears exactly when I carry liquid here"
6,click-6-late,click,33,tedious,column,,"Enunciator moves on to brown: a multi-step colour sequence, each step a ~15-turn round trip"
6,click-6-late,click,34,bug,column,,"Floyd's Save quip is printed before the ""Ok."" confirmation, so the save result is easy to miss (not lost; see turns 263-290)"
6,click-6-late,click,35,nice,column,,Second pour (brown) completes the repair: clear success text and +6
6,click-6-late,click,36,tedious,column,,Every elevator ride needs card + button + two blind waits (4 turns) even though I enabled it minutes ago
6,click-6-late,click,37,blocked,column,,"After the comm repair, nothing on screen points to the next objective; four locked/dark leads, no hint for any"
6,click-6-late,click,38,nice,column,,"""look inside Floyd"" gives a funny tickle response"
6,click-6-late,click,39,confusing,column,,"""shoot laser"" into the air gives +2 with no explanation of what I achieved"
6,click-6-late,click,40,confusing,column,,"Firing a beam ""of light"" in a dark room does not light it; plausible, but a line saying so would save a trip"
6,click-6-late,click,41,parse,column,,"Laser offers ""shoot floyd"" but no way to aim at the lock or controls; the only target a mouse player gets is the friendly robot"
6,click-6-late,click,42,confusing,column,,"""talk to Floyd"" -> just ""Hi!""; no conversational hints"
6,click-6-late,click,43,bug,column,,"""move rubble"" exists as an option in three rooms; all it ever says is ""Not bloody likely."""
6,click-6-late,click,44,nice,column,,"""play games"" with Floyd: charming, no information"
6,click-6-late,click,45,nice,column,,"""ask Floyd about shuttle access card"" -> he pats a compartment: a fair, clickable hint"
6,click-6-late,click,46,tedious,column,,"""search Floyd"" while on only tickles him and he wanders off for ~8 turns"
6,click-6-late,click,47,nice,column,,Turn off + search Floyd yields the lower elevator card (+1)
6,click-6-late,click,48,nice,column,,Reaching the shuttle platform gives +4 and a clear sign
6,click-6-late,click,49,confusing,column,,"Shuttle refuses in ""evening hours""; the time shown on the status line (6388) has no day/evening meaning for me"
6,click-6-late,click,50,confusing,column,,Chronometer gives only the raw number; no day/evening cue
6,click-6-late,click,51,nice,column,,"""Shuttle controls are not currently activated."" clear refusal"
6,click-6-late,click,52,bug,column,,"Laser's dial is listed as a carried item inside the laser, with its own ""drop"" option"
6,click-6,click,1,tedious,column,,"27 options on the very first screen, most of them verbs on carried items (uniform has 5 verbs incl. ""close"")"
6,click-6,click,2,nice,column,,"""salute"" on Blather was offered and paid off (demerits reduced)"
6,click-6,click,3,confusing,column,,"""go south"" listed as an exit but Blather pushes me back; turn does not advance, fine, but the exit looked open"
6,click-6,click,4,parse,column,,"Slime on my freshly polished deck, I hold a scrub brush, but no ""scrub/clean"" option anywhere"
6,click-6,click,5,nice,column,,Brochure joke lands well
6,click-6,click,6,bug,column,,"Room text says the ambassador ""is standing here"" in the same turn he ""disappears up the gangway"""
6,click-6,click,7,nice,column,,"""open escape pod bulkhead"" refused with a clear hint (""if there's no emergency?"") that taught me to wait"
6,click-6,click,8,nice,column,,"After the explosion the ""open"" option vanished and ""get in"" worked straight away"
6,click-6,click,9,tedious,column,,"~14 bare ""wait"" presses in a row while the pod descends; nothing to decide"
6,click-6,click,10,confusing,column,,"Towel and kit appear but have no ""take"" while I am in the web; no hint why"
6,click-6,click,11,nice,column,,"""take all"" button grabbed both new items in one click"
6,click-6,click,12,bug,column,,"""go up / out"" listed as an exit but the door is closed; it costs a click to learn that"
6,click-6,click,13,tedious,column,,Opening the kit promotes three goo blobs to top-level carried rows (3 verbs each); carried block now ~30 options on every screen
6,click-6,click,14,nice,column,,Dropped brochure gets a funny custom room line
6,click-6,click,15,nice,column,,"""set to a number <value>"" on the combination dial is a clean mouse-friendly way to enter numbers"
6,click-6,click,16,nice,column,,"Exit labels name rooms I have already seen (""go southwest, Plain Hall"")"
6,click-6,click,17,tedious,column,,Eight identical empty rooms; nothing to click but exits
6,click-6,click,18,nice,column,,"ID card offers ""slide through slot"" as a context verb; I would not have guessed the phrasing"
6,click-6,click,19,nice,column,,"Slot and door both give clear phonetic hints that I need a ""kitcin akses kard"""
6,click-6,click,20,confusing,column,,"All canteen verbs marked ""(new)"" although I used them one room ago; ""(new)"" is per room, not per player"
6,click-6,click,21,confusing,column,,"""open canteen"" just says ""Opened."" with no statement that it is empty"
6,click-6,click,22,nice,column,,Long walkway traversed in a single click with a narrated transition
6,click-6,click,23,bug,column,,"Event says the blue door slid open while the room text printed on that screen says it ""is closed"""
6,click-6,click,24,blocked,column,,"Three card slots, a padlock and a dial, and I have no card; everything is gated at once"
6,click-6,click,25,nice,column,,Hunger warning explicitly points at the goo; eating it was one click
6,click-6,click,26,tedious,column,,"""push"" + several waits until the door opens; a door-opening elevator costs 3-4 clicks each time"
6,click-6,click,27,blocked,column,,"Key visible in crevice, ""take"" offered but fails; no tool verb appears on the crevice to hint what might work"
6,click-6,click,28,confusing,column,,"""throw into rift"" is added to the brush, towel and kit; feels like a trap on the list"
6,click-6,click,29,nice,column,,"Load-too-heavy refusal names exactly what to drop, and costs no turn"
6,click-6,click,30,tedious,column,,"Box contents listed as separate ""take"" rows alongside the box: 6 item rows for one shelf"
6,click-6,click,31,nice,column,,"""go down"" into pitch black with grue warning; I could retreat safely"
6,click-6,click,32,tedious,column,,Nine dispenser buttons each get examine+push rows: 66 options on screen
6,click-6,click,33,nice,column,,"Canteen gets ""put under spout"" here: good contextual hint"
6,click-6,click,34,nice,column,,Turning on the robot and meeting Floyd was smooth and charming (+2)
6,click-6,click,35,parse,column,,"Floyd ""ask about…"" topics are limited to carried items; can't ask about the crevice key or padlock I'm stuck on"
6,click-6,click,36,confusing,column,,"Floyd's verbs renumber in every room (49-56, then 67-76, then 64-73)"
6,click-6,click,37,confusing,column,,Taking the magnet silently smeared my ID card's stripe; no warning before the action
6,click-6,click,38,nice,column,,"""Too heavy"" message again names the exact item to drop"
6,click-6,click,39,confusing,column,,"Laser offers ""shoot floyd"" as a one-click option right on the list"
6,click-6,click,40,bug,column,,"""laser setting dial"" shown as a separate carried item with its own ""drop"""
6,click-6,click,41,nice,column,,"""take with magnet"" appeared on the key once I carried the magnet; one click solved it"
6,click-6,click,42,confusing,column,,Solving the crevice key gave no points and no fanfare
6,click-6,click,43,tedious,column,,"Removing an unlocked padlock requires picking it up, which hit the carry limit twice; 5 clicks of juggling"
6,click-6,click,44,bug,column,,"Carried padlock still lists ""take"""
6,click-6,click,45,confusing,column,,"Carried-item numbers change from room to room, so muscle memory never forms"
6,click-6,click,46,nice,column,,"Ladder ""too heavy"" message lists all four things to drop"
6,click-6,click,47,nice,column,,"""drop all"" keeps worn items on me and clears the list in one click"
6,click-6,click,48,bug,column,,"""open ladder"" while holding it is refused; the refusal explains why, but the list offered it"
6,click-6,click,49,nice,column,,"""put across rift (new)"" appears once the ladder is extended: natural step-by-step affordance"
6,click-6,click,50,nice,column,,Floyd's reaction to saving is a great touch
6,click-6,click,51,nice,column,,"Crossing the ladder narrated with tension, +4"
6,click-6,click,52,nice,column,,"Hunger warning tells me where I left the goo (""in the survival kit you left in Storage West"")"
6,click-6,click,53,nice,column,,"Three access cards found in two desks, +1 each: a satisfying unlock after long gating"
6,click-6,click,54,nice,column,,"""sleep"" button appears the moment tiredness is announced"
6,click-6,click,55,blocked,column,,Second pitch-black room and still no light source visible anywhere
6,click-6,click,56,parse,column,,"Goo inside the kit on the floor offers only ""examine"", not ""eat"", while I'm ravenous; must pick up the kit first"
6,click-6,click,57,nice,column,,"Sleep button label escalates ""(very tired)"" then ""(exhausted)"": urgency visible on the list itself"
6,click-6,click,58,nice,column,,"Octagonal canteen into octagonal niche, push button: a clean, fair puzzle via ""put in…"""
6,click-6,click,59,bug,column,,"Room text says the south door ""is open"" while the same screen says it slid closed"
6,click-6,click,60,confusing,column,,"""sleep (exhausted)"" in bed only says I'll fall asleep soon; needed an extra ""wait"""
6,click-6,click,61,confusing,column,,"On waking, everything carried is dumped on the floor; list balloons with room items to re-take"
6,click-6,click,62,nice,column,,"""take all"" after waking re-collected all eight items in one click"
6,click-6,click,63,nice,column,,"Right card, ""slide through slot"", ""Elevator enabled"": clean"
6,click-6,click,64,bug,column,,"""go south / out"" stays listed while the elevator door is shut and moving"
6,click-6,click,65,tedious,column,,"Three waits to ride the elevator; no ""wait until arrival"""
6,click-6,click,66,nice,column,,Arrival gives +4 and a new area; good payoff for the card hunt
7,click-7-late,click,1,nice,column,,"Phonetic-spelled consoles are fun to decode; ""read screen"" and ""push glowing button"" both on the list, good story payoff"
7,click-7-late,click,2,nice,column,,"""examine funnel-shaped hole"" spells out that anything poured runs into the machinery: a clear hint"
7,click-7-late,click,3,confusing,column,,"""examine communication send console"" gives ""I see nothing special"" although the room description is rich about it"
7,click-7-late,click,4,confusing,column,,"Locked control panel; the key's menu shows only ""examine, drop"", so I can't tell whether the key is wrong or unlock just isn't offered"
7,click-7-late,click,5,nice,column,,"""Nothing happens. The slot beside the buttons stays dark."" tells me precisely to re-swipe the card"
7,click-7-late,click,6,nice,column,,"""wait for the elevator (new)"" appears while moving; the (new) tag is effective"
7,click-7-late,click,7,nice,column,,"Card rejections are in-world and specific (""Inkorekt awtharazaashun kard"") so I know it's the wrong card, not the wrong action"
7,click-7-late,click,8,tedious,column,,"After taking the box, the carried list grows by five lines (each fuse/board listed separately); the Carried block is getting long"
7,click-7-late,click,9,nice,column,,"""take laser"": load too heavy, ""Dropping the cardboard box would make enough room"" names the fix"
7,click-7-late,click,10,confusing,column,,"Typed the flask's old room number (11) after taking it; it had moved to carried slot 120, ""That is not one of the options on screen"""
7,click-7-late,click,11,nice,column,,"""put under spout (new)"" appears on the carried flask as soon as I enter; context options are excellent"
7,click-7-late,click,12,nice,column,,"Weariness warning coincides with a new ""sleep"" button, so I know sleeping is possible, though not whether here is ""safe"""
7,click-7-late,click,13,nice,column,,"Floyd waking up is a great moment; he gets a full action row (talk to, ask about, salute...)"
7,click-7-late,click,14,nice,column,,"Hunger message plus ""There is still goo in the survival kit you left in Storage West"" is a perfect reminder"
7,click-7-late,click,15,parse,column,,"Goo blobs inside the kit on the floor offer only ""examine""; ""eat"" only appears once the kit is carried"
7,click-7-late,click,16,nice,column,,"Load-too-heavy suggests dropping the brochure; I wanted to drop the box and had to find its ""…"" menu"
7,click-7-late,click,17,nice,column,,"""sleep (very tired)"" label on the button shows urgency without a status screen"
7,click-7-late,click,18,confusing,column,,Sleeping dumps everything on the floor and spills the flask's coolant with no prior warning
7,click-7-late,click,19,nice,column,,"""take all"" after waking lists every item ""Taken."" in one turn"
7,click-7-late,click,20,nice,column,,"Dispenser ""put in…"" lists my carried items by name; ""15 canteen"" worked first try"
7,click-7-late,click,21,blocked,column,,"Locked door with a 0-1000 combination dial and no clue yet; ""set to a number <value>"" form is clear"
7,click-7-late,click,22,tedious,column,,"Floyd's ambient chatter is appended to almost every turn, pushing the real result into a crowd"
7,click-7-late,click,23,bug,column,,"Flask lists ""close"" but ""There's no way to close it."""
7,click-7-late,click,24,nice,column,,"""pour into funnel-shaped hole (new)"" appears on the fluid when I arrive with it"
7,click-7-late,click,25,tedious,column,,Correct pour gives no score and just changes the light to brown: a multi-step chemistry run with a 16-turn round trip each way
7,click-7-late,click,26,confusing,column,,"Died while walking a known route; the cause (and any warning) scrolled by in "">>"" lines I was not reading"
7,click-7-late,click,27,bug,column,,"After death, ""restore"" is refused (""The game is over. Start again with --new."") despite a save at turn 236"
7,click-7-late,click,28,nice,column,,"Red button: door vibrates, opens a few turns later on its own with a "">>"" line; reveals Lower Elevator (card-locked)"
7,click-7-late,click,29,nice,column,,"Printed phrases like ""put under spout"" work as answers; faster than hunting numbers that differ between attempts"
7,click-7-late,click,30,confusing,column,,"Carried-item option numbers differ between attempts (pour was 142, now 131) because numbers are assigned in pickup order"
7,click-7-late,click,31,nice,column,,"Hunger and sleep warnings escalate in clear, well-worded steps with a reminder of where the food is"
7,click-7-late,click,32,nice,column,,"Coolant fixed: clear success text, +6; two-room colour puzzle feels fair"
7,click-7-late,click,33,nice,column,,"""Some innocuous Hawaiian music oozes from the elevator's intercom"""
7,click-7-late,click,34,nice,column,,Very tired: walking into the dorm auto-beds and sleeps you; nice mercy
7,click-7-late,click,35,confusing,column,,"Warnings arrive stacked with Floyd chatter in the same "">>"" style, so life-or-death lines look like flavour"
7,click-7-late,click,36,nice,column,,"Plague symptom arrives as a "">>"" aside (""feel a bit weak and slightly flushed""); diagnose confirms it"
7,click-7-late,click,37,parse,column,,"Floyd's ""ask about…"" topics are only visible objects; can't ask about the plague, the lock or cards"
7,click-7-late,click,38,confusing,column,,Old attempt's number (132) now means a different item after a restart
7,click-7-late,click,39,nice,column,,"Hunger reminder adapts: ""The goo in your survival kit would take care of both"""
7,click-7-late,click,40,nice,column,,"Opening the canteen exposes a ""drink"" option on the liquid; two-step but discoverable"
7,click-7-late,click,41,nice,column,,Monitor wall doubles as a progress board (communications now green)
7,click-7-late,click,42,confusing,column,,Dark room still lists exits north/east/west as if visible; tempting a grue death
7,click-7-late,click,43,confusing,column,,"""examine maps"" gives ""reveals no new information"" though the maps are the room's showpiece"
7,click-7-late,click,44,confusing,column,,Firing the laser at nothing scores +2 with no hint why
7,click-7-late,click,45,nice,column,,"""The crag where you landed yesterday is now underwater!"": time visibly changes the world"
7,click-7-late,click,46,confusing,column,,"""talk to Floyd"" only returns ""Hi!"""
7,click-7-late,click,47,confusing,column,,"Dark room offers ""go down"" as a normal exit; one click is instant death by grue, no extra warning"
7,click-7-late,click,48,bug,column,,Second death; restore refused again despite a save one turn earlier
8,click-8-lawanda,click,1,confusing,column,,Floyd absent from the option list at start although the briefing says he is right behind me; he arrives next turn
8,click-8-lawanda,click,2,nice,column,,"Save is free and a Restore button appears marked ""(new)"""
8,click-8-lawanda,click,3,confusing,column,,"Exits list ""go east"" and ""go up"" separately with no destination names; unclear if they are the same"
8,click-8-lawanda,click,4,nice,column,,"""take all"" blocked by weight, but the reply names exactly which item to drop to make room"
8,click-8-lawanda,click,5,bug,column,,"""eat"" offered on medicine in a bottle I was not holding: ""You're not holding the medicine bottle."""
8,click-8-lawanda,click,6,bug,column,,"""eat"" offered on medicine inside a closed bottle: ""The bottle is closed."""
8,click-8-lawanda,click,7,bug,column,,"Carried-item submenu says 'Answer ""127 <item>""' when it means an action"
8,click-8-lawanda,click,8,nice,column,,Floyd finds the Lazarus breastplate and runs off sobbing
8,click-8-lawanda,click,9,blocked,column,,Four fromitz boards examine identically; no way (yet) to tell the failed one
8,click-8-lawanda,click,10,confusing,column,,"""take with pliers"" offered on the fused bedistor before I tried anything, which gives the solution away"
8,click-8-lawanda,click,11,bug,column,,"Carried fused bedistor still offers ""take with pliers"""
8,click-8-lawanda,click,12,nice,column,,"Bedistor swap: clear feedback, green ""+6 points"" notice"
8,click-8-lawanda,click,13,confusing,column,,"Installed bedistor listed loose in the room with ""take"", tempting me to undo the fix"
8,click-8-lawanda,click,14,confusing,column,,Description hints the plant is oddly oversized; no clickable way to follow up
8,click-8-lawanda,click,15,nice,column,,"Terminal ""type a number <value>"" works smoothly with ""21 5""; lore menus readable"
8,click-8-lawanda,click,16,nice,column,,"""slide through slot"" offered for every card I carry: tells me a card is needed without telling which"
8,click-8-lawanda,click,17,confusing,column,,"Inserting a spool into a switched-on reader says ""Some information appears"" but does not print it; needs a separate ""read"""
8,click-8-lawanda,click,18,nice,column,,"Microfilm reader story beats (disease timeline, helicopter needs) are clear goals"
8,click-8-lawanda,click,19,tedious,column,,"Fever message returns ~40 turns after the medicine, as an unobtrusive ""!>"" line; easy to miss"
8,click-8-lawanda,click,20,nice,column,,"Doors appear in the Exits row with ""open""/""examine"" right there"
8,click-8-lawanda,click,21,nice,column,,Searching the lab uniform yields the teleport card and a combination note
8,click-8-lawanda,click,22,nice,column,,Floyd's comment on the red light points straight at the main quest
8,click-8-lawanda,click,23,confusing,column,,"Footer example ""12 384"" matches the plot's Section 384"
8,click-8-lawanda,click,24,parse,column,,"Rippling mural hints at something behind it but only ""examine"" is offered"
8,click-8-lawanda,click,25,nice,column,,"Wrong card gives a clear ""Inkorekt awtharazaashun kard"""
8,click-8-lawanda,click,26,confusing,column,,"""examine"" on either lock door only says ""The door is closed."""
8,click-8-lawanda,click,27,bug,column,,"""The is the second half of the sterilization chamber"""
8,click-8-lawanda,click,28,confusing,column,,"""examine window"" says ""nothing special""; the real content comes from Floyd's interjection"
8,click-8-lawanda,click,29,bug,column,,"Card in the next room appears in In-the-room with ""take""; reply ""It's in the next room."""
8,click-8-lawanda,click,30,nice,column,,Floyd's plan is fully executable with listed options; generous timing
8,click-8-lawanda,click,31,nice,column,,Floyd's death scene lands emotionally
8,click-8-lawanda,click,32,nice,column,,"Swapping the laser battery took two visible steps (drop old from laser sub-list, ""put in..."" on laser)"
8,click-8-lawanda,click,33,nice,column,,"""The bio-lock door has closed since you were last here."""
8,click-8-lawanda,click,34,confusing,column,,"Every carried item grows a ""throw off the strip"" option on arrival; puzzling (and a tempting red herring)"
8,click-8-lawanda,click,35,nice,column,,"Untargeted ""shoot"" reveals the beam colour and awards points: teaches the dial"
8,click-8-lawanda,click,36,tedious,column,,Five shots to hit the speck; random misses cost turns under a timer
8,click-8-lawanda,click,37,blocked,column,,"Threw the warm laser off the strip to distract the microbe; eaten. Death screen offers restore; score ""65 out of 80"""
8,click-8-lawanda,click,38,nice,column,,"Single ""restore your saved game"" option; instant"
8,click-8-lawanda,click,39,tedious,column,,Speck shots replay identically after restore (deterministic misses)
8,click-8-lawanda,click,40,nice,column,,"""perhaps attracted by the warmth of the laser"" makes the heat mechanic explicit"
8,click-8-lawanda,click,41,confusing,column,,"Worn gas mask shows no ""(being worn)"" in the Carried list"
8,click-8-lawanda,click,42,nice,column,,PA announcement links the revival to the Project Control Office: clear signpost
8,click-8-lawanda,click,43,tedious,column,,Three monsters x six options each re-listed in every room of the chase; exits buried
8,click-8-lawanda,click,44,nice,column,,"Lock door re-closed itself; needed an extra ""open"" click mid-chase (tense but fair)"
8,click-8-lawanda,click,45,nice,column,,"Escape lands with ""+5""; single-button climax works well by click"
8,click-8-lawanda,click,46,bug,column,,"""open cryo-elevator door"" offered while moving; reply ""You must be very clever to do that"""
8,click-8-lawanda,click,47,tedious,column,,"Elevator needs unexplained ""wait""s to arrive; ""push button"" does nothing"
8,click-8-lawanda,click,48,nice,column,,Ending names the missed task (meteor defences) so I know what to go back for
8,click-8-lawanda,click,49,nice,column,,"After the restart, every option number from attempt 1 still worked; replay was fast"
8,click-8-lawanda,click,50,confusing,column,,"""go north"" and ""go down"" both listed for ""a narrow stairway leads down to the north""; I assumed one exit and missed the Repair Room in attempt 1"
8,click-8-lawanda,click,51,confusing,column,,"""show to floyd"" on the small doorway only appears after Floyd is present/talked to; ""talk to"" itself says just ""Hi!"""
8,click-8-lawanda,click,52,nice,column,,"""show to floyd"" then ""ask to get the board"": a neat click-native way to command Floyd"
8,click-8-lawanda,click,53,blocked,column,,All four boards examine identically; the fault is only found by trial-taking
8,click-8-lawanda,click,54,nice,column,,"Live board shocks you when taken: a clear, fair signal"
8,click-8-lawanda,click,55,confusing,column,,"Taken board silently renamed ""fried ... fromitz board"" in the Carried list; the take message does not say so"
8,click-8-lawanda,click,56,nice,column,,"Board swap: ""The warning lights stop flashing."" +6"
8,click-8-lawanda,click,57,bug,column,,"Reply calls the board a ""card"" (""The card clicks neatly into the socket"")"
8,click-8-lawanda,click,58,blocked,column,,"Floyd's offer to fetch the card silently depends on having visited the broken computer with him; otherwise ""open lab door"" is instant death with no warning"
8,click-8-lawanda,click,59,confusing,column,,My own batching error: pre-queued clicks ran after the situation changed
8,click-8-lawanda,click,60,confusing,column,,"Same number means different things in different rooms (5 = ""go in"" here, ""look"" elsewhere); habit misclick"
8,click-8-lawanda,click,61,nice,column,,"Full-score ending, Floyd restored: strong payoff for replaying"
10,typed-10,typed,1,bug,text,,Blather appears in the room I just entered and blocks every onward exit
10,typed-10,typed,2,nice,text,,"Score change shown in-line, in green, at the moment it happened"
10,typed-10,typed,3,nice,text,,The self-advertising joke brochure
10,typed-10,typed,4,tedious,text,,"Standing up starts the pod sinking; it is ""completely submerged"" 2 turns later and you must take the kit, open the bulkhead and swim out with no slack"
10,typed-10,typed,5,other,text,,"""Inkorekt awtharazaashun kard...akses deeniid"""
10,typed-10,typed,6,nice,text,,"""Nice try."""
10,typed-10,typed,7,nice,text,,Phonetic-Galalingua sign describing a valley that is now ocean
10,typed-10,typed,8,parse,text,,"""What do you want to press?"" although the room lists exactly an ""Up button"" and a ""Down button"""
10,typed-10,typed,9,nice,text,,"""A growl... the goo in your survival kit would take care of both"""
10,typed-10,typed,10,other,text,,"Three green systems, four malfunctioning, all labelled in phonetic Galalingua"
10,typed-10,typed,11,nice,text,,Names a threat without explaining it
10,typed-10,typed,12,nice,text,,"""Your load is too heavy. (For the cardboard box: dropping the ... scrub brush would make enough room.)"""
10,typed-10,typed,13,bug,text,,Each fumbled a *different* carried item onto the floor; the flask fumble spilled and evaporated the acid I'd just dispensed
10,typed-10,typed,14,other,text,,"The magnet warns it will smear the ID card's stripe ""if carried any longer""; exactly one turn later it does"
10,typed-10,typed,15,parse,text,,"""You can't see any acid button here!"" though the room text says a white round button ""says ASID"""
10,typed-10,typed,16,bug,text,,"Flask listed twice: once as ""Sitting under the spout is a glass flask"" in the dispenser paragraph, once as a standalone ""There is a glass flask here."""
10,typed-10,typed,17,nice,text,,"`turn on robot` → ""Nothing happens. Then again, you notice a faint hum"" (+2), then he wakes a turn later"
10,typed-10,typed,18,other,text,,"""Floyd never heard of that. Is it a game?"" — two turns after Floyd himself asked if I was ""a doctor-person or a planner-person"""
10,typed-10,typed,19,confusing,text,,"""Enough talking! Let's play Hider-and-Seeker."""
10,typed-10,typed,20,parse,text,,"""I don't know the word 'lets'"""
10,typed-10,typed,21,nice,text,,"""a piece of metal leaps from the crevice and affixes itself to the magnet"""
10,typed-10,typed,22,other,text,,"Four turns and two fumbled takes: unlock, take padlock, drop padlock, open door"
10,typed-10,typed,23,nice,text,,"""There is still goo in the survival kit you left in Storage West."""
10,typed-10,typed,24,other,text,,"On waking: ""While you slept, the things you were carrying slipped to the floor beside you."""
10,typed-10,typed,25,parse,text,,"Three refusals in a row, each naming its own reason: too loaded to take, can't extend while holding, then ""put ladder across rift"" works"
10,typed-10,typed,26,blocked,text,,"A third survival clock starts, and unlike hunger and fatigue it does not name its own solution"
10,typed-10,typed,27,parse,text,,"""You can't see any lawanda map here!"" — the room text names ""Kalamontee Kompleks"" and ""Lawanda Kompleks"" as two separate wall maps"
10,typed-10,typed,28,nice,text,,"kitchen, upper elevator and shuttle access cards (+2, +1)"
10,typed-10,typed,29,nice,text,,"Crayon graffiti, fretting about his batteries, sharpening a pencil, ""fond memories about his robotic friend Lazarus"", rumours about Dr. Fizpick"
10,typed-10,typed,30,nice,text,,The Feinstein hailing the planet and dying mid-sentence; the planet's own plague distress call
10,typed-10,typed,31,nice,text,,"Seven coloured lights that are exactly the seven dispenser buttons, one flashing"
10,typed-10,typed,32,parse,text,,"""You can't see any message playback button here!""; `press glowing button` worked"
10,typed-10,typed,33,blocked,text,,"""You collapse from extreme thirst and hunger."" Score 23/80, Day 2, rank Space Cadet"
10,typed-10,typed,34,other,text,,"Food (Storage West) is at the far west end; everything interesting (tower, offices, Comm Room) is at the far east end; the 160-unit corridor sits between them, "
10,typed-10,typed,35,nice,text,,"Treaty of Gishen IV joke, score + rank + day, and RESTART/RESTORE/QUIT with an on-screen hint that a save exists"
10,typed-10,typed,36,confusing,text,,"""Of particular interest is a machine near the door. You should probably examine it more closely."""
10,typed-10,typed,37,nice,text,,The canteen picked up ~200 turns earlier is octagonal; the dispenser's niche is octagonal
10,typed-10,typed,38,nice,text,,"""A thick, brown liquid spills over the closed canteen... forms a puddle on the floor which quickly dries up"""
10,typed-10,typed,39,confusing,text,,"`press down button` → ""Nothing happens. The slot beside the buttons stays dark."" after the elevator had already been enabled for the trip up"
10,typed-10,typed,40,other,text,,Same line appears for acid and for green coolant
10,typed-10,typed,41,tedious,text,,"""Pouring or spilling non-liquids is specifically forbidden by section 17.9.2 of the Galactic Adventure Game Compendium of Rules."""
10,typed-10,typed,42,other,text,,Pouring green makes the panel blink and settle on a single brown light
10,typed-10,typed,43,other,text,,"Each colour is a ~25-move round trip through the 160-unit corridor and a 3-turn elevator ride, and there are at least two colours"
10,typed-10,typed,44,other,text,,"""Floyd's lower lip quivers. 'Lazarus was Floyd's best friend.' He doesn't want to talk about it any more."""
10,typed-10,typed,45,nice,text,,"The turn I picked the filled flask up, ""Floyd pushes one of the dispenser buttons. Fluid pours from the spout and splashes across the floor. Floyd jumps up and "
10,typed-10,typed,46,nice,text,,"""Floyd's eyes light up. 'Oh boy! Are we gonna try something dangerous now?'"""
10,typed-10,typed,47,parse,text,,"""You can't turn that on.""; firing it in the dark gives ""a narrow violet beam of light"" and no room description"
10,typed-10,typed,48,nice,text,,"The can only ""grows a bit warm"", yet the game awards 2 points"
10,typed-10,typed,49,confusing,text,,**No message at all.** The item silently stays where it was; only `look in box` revealed it had not moved
10,typed-10,typed,50,parse,text,,Moving an access card from my hands into the worn Patrol uniform let me pick up an item I had just been refused
10,typed-10,typed,51,parse,text,,"""The walkway doesn't need oiling."" / ""You can't turn that on."""
10,typed-10,typed,52,confusing,text,,"""devices"" matched the laser I was carrying; ""robots"" matched Floyd"
10,typed-10,typed,53,nice,text,,"""ten centimeters wide... two centimeters deep... surrounded on its long sides by parallel ridges of metal"", and `slide bedistor through slot` -> ""A valiant atte"
10,typed-10,typed,54,parse,text,,"""As the ladder shortens it plunges into the rift."" The ladder is destroyed, Admin Corridor North is cut off forever, and the only candidate tool for the Physica"
10,typed-10,typed,55,parse,text,,"""I don't know the word 'unextend'."" / ""...'retract'."""
10,typed-10,typed,56,confusing,text,,One turn in darkness is safe; a second move is instant death
10,typed-10,typed,57,other,text,,"""This score gives you the rank of Ensign First Class"" -- up from Space Cadet at 23 points"
10,typed-10,typed,58,parse,text,,"`pull ladder`, `move ladder`, `take ladder` all refuse; `close ladder` destroys it. So once placed across the rift it can never be retrieved"
10,typed-10,typed,59,parse,text,,"`floyd, go north` gives a lovely refusal ending ""Tell Floyd a story?"", but `tell floyd a story` -> ""You can't see any floyd story here!"""
10,typed-10,typed,60,parse,text,,"""Floyd looks slightly embarrassed. 'You know me and my sense of direction.'"""
10,typed-10,typed,61,bug,text,,"`floyd, take X`, `floyd, fix the helicopter`, `floyd, climb the catwalk`, `floyd, wait here` all -> ""Enough talking! Let's play Hider-and-Seeker"", including aft"
10,typed-10,typed,62,bug,text,,"""The crag where you landed yesterday is now underwater!"""
10,typed-10,typed,63,bug,text,,"""A mighty undertow drags you across some underwater obstructions."" Instant death, same turn"
10,typed-10,typed,64,bug,text,,"`set combination dial to 485`, `open door` -> ""The door is locked. You probably have to turn the dial to some number to open it."" Identical for every wrong numb"
10,typed-10,typed,65,parse,text,,"""Which do you mean, the combination dial or the laser setting dial?"""
10,typed-10,typed,66,bug,text,,"""Standing on **a equipment** seems like a waste of time."""
10,typed-10,typed,67,parse,text,,"`take lamp`, `take qwertyuiop` and `take zorkmid` all give ""You can't see any X here!"", while an unknown *verb* gives ""I don't know the word 'X'"""
10,typed-10,typed,68,parse,text,,`open can` names the missing tool and implies it exists
10,typed-10,typed,69,confusing,text,,"The canteen holds a single drink, the flask ""doesn't fit in the niche"", and the only dispenser is at the far west end of the map"
10,typed-10,typed,70,other,text,,"""You are a bit sick and feverish. You feel well-rested. You seem to be well-fed."""
10,typed-10,typed,71,parse,text,,"Every `floyd, <task>` gets the blanket ""Enough talking! Let's play Hider-and-Seeker"", but `give X to floyd` -> ""'Neat!' ... He thanks you profusely"" and `floyd,"
10,typed-10,typed,72,nice,text,,"""Click."""
10,typed-10,typed,73,parse,text,,"""You can't see any kitchen card and shuttle card and upper elevator card here!"""
10,typed-10,typed,74,parse,text,,"""Floyd examines the pair of wide-nosed pliers, shrugs, and drops them."""
10,typed-10,typed,75,other,text,,"""You're not tired!"""
10,typed-10,typed,76,bug,text,,"""The set of controls doesn't need oiling."" / ""The towel doesn't need oiling."""
10,typed-10,typed,77,nice,text,,"""The slot is shallow, so you can't put anything in it. It may be possible to slide something through the slot, though."""
10,typed-10,typed,78,parse,text,,"""You can't see any cargo space here!"" -- in a room whose first sentence is ""This is a large vehicle with a lot of cargo space."""
10,typed-10,typed,79,parse,text,,"Disambiguation offers ""the laser setting dial or the set of controls""; typing ""the set of controls"" gives ""You can't see any set of controls here!"""
10,typed-10,typed,80,other,text,,The laser's old battery is exhausted after roughly half a dozen shots across legs 2 and 3
10,typed-10,typed,81,nice,text,,`turn on the lights` in a pitch-black room consumed no turn and did not trigger the grue
10,typed-10,typed,82,nice,text,,"""Wow!!! Under the table are three keys, a sack of food, a reactor elevator access pass, one hundred gold pieces ... Just kidding. Actually, there's nothing ther"
10,typed-10,typed,83,confusing,text,,"""While you slept, the things you were carrying slipped to the floor beside you. The open canteen spilled its liquid across the floor."""
10,typed-10,typed,84,other,text,,"Ambient text escalated to ""You notice that you feel unusually weak, and you suspect that you have a fever"", but `diagnose` still reported the Day 2 wording, ""Yo"
10,typed-10,typed,85,other,text,,"""Oh, no. The kitchen access card slips from your arms while taking the canteen and both tumble to the ground. To make matters worse, the high-protein liquid spi"
10,typed-10,typed,86,blocked,text,,"`slide id card through slot` -> ""Magnetik striip randumiizd...konsult Prajekt Handbuk abowt propur kaar uv awtharazaashun kardz."" -- a *different* message from "
10,typed-10,typed,87,blocked,text,,"""You can't see any down button here!"" with the article; ""Nothing happens. The slot beside the buttons stays dark."" without it"
10,typed-10,typed,88,other,text,,"""The catwalks are too high for you to access."" / ""You can't climb onto the equipment."""
10,typed-10,typed,89,confusing,text,,"""Oh, no! Something (a grue?) slithered into the room and devoured you!"" Score 35/80, Day 3, rank Ensign First Class"
10,typed-10,typed,90,bug,text,,"485, 197, 42, 531, 541 and 617 all give the identical ""The door is locked. You probably have to turn the dial to some number to open it."""
10,typed-10,typed,91,other,text,,"Every card slot answers ""Inkorekt awtharazaashun kard...akses deeniid"" to all three cards the island contains"
11,typed-11,typed,1,blocked,text,1,Blather blocks every exit; Auxiliary Control and the Jump Machinery Room are named in room text but unreachable. Waiting near Blather loops one line forever wit
11,typed-11,typed,2,confusing,text,2,"The escape-pod door opens and re-shuts within two turns and nothing tells you to move. Died at turn 24 with 0 points on a first, reasonable playthrough"
11,typed-11,typed,3,confusing,text,2,"""You have died. Start again with --new."" The in-game prompt says type RESTART/RESTORE/QUIT; none of those work"
11,typed-11,typed,4,bug,text,2,"""The Ensign First Class looks at you expectantly, as though he thought you were about to talk."" Reads like the parser didn't understand ASK ABOUT and fell throu"
11,typed-11,typed,5,bug,text,1,"""I see nothing special about **the you**."""
11,typed-11,typed,6,bug,text,2,"""You find nothing unusual"" — even though `i` shows the uniform *contains* the ID card"
11,typed-11,typed,7,parse,text,2,"""What do you want to press?"" — the object is literally named ""Up button"" and there is exactly one thing called Up in the room"
11,typed-11,typed,8,other,text,1,"""It could **accomodate** from one to, perhaps, twenty people."" Misspelling of ""accommodate"""
11,typed-11,typed,9,other,text,1,"""how little the **millenia** and cultural gulfs have changed toilet bowl design."" Misspelling of ""millennia"", and it appears in all four SanFacs"
11,typed-11,typed,10,bug,text,1,"""The pod rocks gently back and forth **as if it was** precariously balanced"" — subjunctive should be ""were"""
11,typed-11,typed,11,bug,text,2,"All four dorms share one description and all four SanFacs share another; `search bunks` finds nothing. Eight rooms, no content"
11,typed-11,typed,12,nice,text,,"""Nice try."" — a catch-all sneer, so I assumed GET X WITH Y wasn't implemented and stopped trying it. It *is* implemented: `get key with bar` (the magnet) works "
11,typed-11,typed,13,bug,text,3,Opening the robot **auto-takes** the card into the same hands as the magnet and warns in the same breath; one turn later the stripe is smeared — and the score g
11,typed-11,typed,14,parse,text,2,"""It's usually impolite to point."" / ""You can't turn that on."" The only verb that works is `fire laser`"
11,typed-11,typed,15,parse,text,2,"""You can't see any acid here!"" — the button is labelled ASID and the room text calls it ""The other white button ... says ASID."" `press acid button` works"
11,typed-11,typed,16,other,text,1,"""Oh, no. The oil can slips from your arms while taking the cardboard box and both tumble to the ground."" Nothing hints the can can simply go *in* the box"
11,typed-11,typed,17,parse,text,1,"Resolves to the chemical dispenser — ""I see nothing special about the chemical dispenser"" — even though the room text advertises ""a variety of unusual machines"""
11,typed-11,typed,18,other,text,1,"The laser lists its contents as ""A laser setting dial / An old battery."" A dial is not something a laser *contains*; it leaks an implementation detail into the "
11,typed-11,typed,19,other,text,2,"""Floyd whines, 'Enough talking! Let's play Hider-and-Seeker.'"" Floyd never carries anything, so the ladder forces you to drop **everything else** and make two s"
11,typed-11,typed,20,tedious,text,2,"""The door is closed."" Nothing says you're in transit; the only cue that you've arrived is a `>>` event you'll miss if you don't `wait`"
11,typed-11,typed,21,other,text,1,"""Examining the maps reveals no new information."" The maps are the room's whole point and the room description is the only place their content exists"
11,typed-11,typed,22,other,text,2,"""Of particular interest is a machine near the door. **You should probably examine it more closely.**"" The only place the game drops out of its voice to instruct"
11,typed-11,typed,23,other,text,2,"""Pouring or spilling non-liquids is specifically forbidden by section 17.9.2 of the Galactic Adventure Game Compendium of Rules"" — while the flask is full of li"
11,typed-11,typed,24,other,text,3,"The enunciator demands one colour at a time, and each dose is a ~22-move round trip (Comm Room ⇄ Machine Shop, two elevator waits each way). One iteration is a "
11,typed-11,typed,25,confusing,text,1,"Minor but worth recording: the Feinstein's explosion fires on the **clock** (~time 4895), not the turn counter, so a player who spends the prologue examining th"
11,typed-11,typed,26,confusing,text,3,"""Oh, no. The glass flask slips from your arms while taking the oil can and both tumble to the ground. **Unfortunately, the chemical spills out of the flask and "
11,typed-11,typed,27,parse,text,2,"""I don't know the word **display**"" — the room description in the same breath says ""A control panel contains a slot, a lever, and a **display**."" Same for ""cent"
11,typed-11,typed,28,parse,text,2,"All three: unknown word. The only working phrasing is a bare `pull lever` / `push lever`, which steps the three-position lever one notch. Nothing says the lever"
11,typed-11,typed,29,bug,text,2,"""The shuttle car rumbles through the station and smashes into the wall at the far end ... Both you and the shuttle car produce unhealthy crunching sounds."" Spee"
11,typed-11,typed,30,parse,text,2,"""I don't know the word **call**."" The terminal's own text is ""If yuu reekwiir asistins, **kawl** xe liibrereein"" — the game issues an instruction using a verb i"
11,typed-11,typed,31,other,text,2,"Topics 1 and 2 each print a paragraph of real backstory. Topic 3 prints only ""Yuu hav reect xe loowist levul uv xe liibreree indeks. Pleez tiip zeeroo..."" — i.e"
11,typed-11,typed,32,other,text,1,"""The bottle is closed."" The room description had just printed ""The medicine bottle contains: A quantity of medicine"" — a closed container listing its contents. "
11,typed-11,typed,33,other,text,2,"Three times in a row: ""Oh, no. The X slips from your arms while taking the Y and both tumble to the ground."" My whole inventory at the time was six items, two o"
11,typed-11,typed,34,other,text,3,"**There is no food or water anywhere on Lawanda.** The canteen emptied four turns after I arrived, and the only refill (the Kitchen dispenser) and the only goo "
11,typed-11,typed,35,confusing,text,3,"Turn 526 ""starting to feel faint"", turn 530 ""if you don't eat or drink something in a few millichrons, you'll probably pass out"", turn **532** dead. **Two turns"
11,typed-11,typed,36,confusing,text,3,"Every hunger warning was followed by ""!> There is still goo in the survival kit you left in Storage West."" Storage West is on **the other island**, roughly fort"
11,typed-11,typed,37,confusing,text,3,"All five: ""You have died. Start again with --new."" Meanwhile the status line itself reads ""YOU HAVE DIED (**restore your saved game**, or start again with --new"
11,typed-11,typed,38,other,text,1,"The cabin description still reads ""Through the cabin window you can see parallel rails running along the floor of a long tunnel, vanishing in the distance,"" ide"
11,typed-11,typed,39,other,text,2,"""You can't reach it from here."" The panel opens on the landing turn while you are still webbed in, and the only way to reach it is `get out of web` — which is a"
11,typed-11,typed,40,confusing,text,3,"""A mighty undertow drags you across some underwater obstructions. **** You have died ****"" — instantly, on the move, with no intervening room, no warning in the"
11,typed-11,typed,41,confusing,text,3,"Hunger runs on the **clock**, not the turn counter, and the long Dorm Corridor ⇄ Corridor Junction hallway costs **160 time units** per crossing against 20 for "
11,typed-11,typed,42,confusing,text,3,"""Ok."" — and the save was already unsurvivable. Death was scheduled at 7383, two actions away; the Kitchen needed four. `restore` faithfully returns you to a pos"
11,typed-11,typed,43,other,text,2,"""There's no room."" The Patrol uniform is a **one-item** container and the prologue ID card is already in it, so it is effectively zero-slot unless you think to "
11,typed-11,typed,44,confusing,text,2,"""A thick, brown liquid spills over the closed canteen, dribbles down the side of the machine, and forms a puddle on the floor which quickly dries up."" The machi"
11,typed-11,typed,45,other,text,3,"""A recorded voice explains that using the shuttle car during the evening hours requires special authorization."" **The shuttle has an undocumented night curfew.*"
11,typed-11,typed,46,parse,text,3,"""You're not tired!"" — and later, at the **last** rung of the exhaustion ladder (""You can barely keep your eyes open""), `sleep` in Reactor Control gives ""Civiliz"
11,typed-11,typed,47,parse,text,3,"Both are silently truncated to a plain 40-unit `wait` with no comment. The parser drops the phrase instead of rejecting it, so the reply is indistinguishable fr"
11,typed-11,typed,48,parse,text,2,"The fatigue ladder ran all the way to ""You can barely keep your eyes open""; then the clock wrapped to Day 2 and `diagnose` in the bunk reported ""You feel **well"
11,typed-11,typed,49,parse,text,2,"""You can't see any robots here!"" — in a room described as ""filled with robot-like devices of every conceivable description, all in various states of disassembly"
11,typed-11,typed,50,parse,text,2,"Both get his catch-all ""You know me and my sense of direction... Tell Floyd a story?"" So the Repair Room's small-doorway errand on Lawanda is a single scripted "
11,typed-11,typed,51,bug,text,2,"**Correction to leg 2's worst finding: SAVE and RESTORE both work.** `save` answers ""Ok."" and costs **no turn**; after a death `restore` returns you to the exac"
6,typed-6,typed,1,nice,text,,"""Why open the door to the emergency escape pod if there's no emergency?"""
6,typed-6,typed,2,nice,text,,Ship-relative directions all worked
6,typed-6,typed,3,nice,text,,Explosion came on turn 18 after a few waits; each wait costs ~40 time units
6,typed-6,typed,4,nice,text,,"Understood first try; status line shows ""in the safety web"""
6,typed-6,typed,5,blocked,text,,"Long descent with several blank ""Time passes..."" turns"
6,typed-6,typed,6,nice,text,,Multi-object take and the escape sequence all parsed naturally
6,typed-6,typed,7,nice,text,,"Worked first try, matching the text's own hint"
6,typed-6,typed,8,nice,text,,"Phonetic Galalingua text, decodable and informative"
6,typed-6,typed,9,nice,text,,"Locked door with a dial 0-1000; `north` says ""The door is closed."""
6,typed-6,typed,10,nice,text,,"""The slot is shallow... It may be possible to slide something through the slot"""
6,typed-6,typed,11,nice,text,,"Auto-removed card from uniform, ""Inkorekt awtharazaashun kard"""
6,typed-6,typed,12,other,text,,"Only ""The canteen is closed."""
6,typed-6,typed,13,nice,text,,Long walk compressed into one move with a narrative line
6,typed-6,typed,14,bug,text,,"Identical text, nothing to find in any"
6,typed-6,typed,15,nice,text,,"Warning plus ""The goo in your survival kit would take care of both."""
6,typed-6,typed,16,nice,text,,"""Nothing happens. The slot beside the buttons stays dark."""
6,typed-6,typed,17,other,text,,"Useful change note, though the room text already said it was open"
6,typed-6,typed,18,nice,text,,"Revealed a key; room description then shows ""a shiny object"""
6,typed-6,typed,19,nice,text,,"Both understood, both refused with a clear reason"
6,typed-6,typed,20,nice,text,,Status board of what is broken
6,typed-6,typed,21,nice,text,,"""Your load is too heavy. Dropping the ... scrub brush would make enough room."""
6,typed-6,typed,22,other,text,,I entered by going `west` but the way back is `northeast`
6,typed-6,typed,23,nice,text,,Suggestions name a different item each time; I am juggling a lot
6,typed-6,typed,24,nice,text,,Automatic event on picking up the magnet while carrying the card
6,typed-6,typed,25,nice,text,,Multi-object lists parse cleanly
6,typed-6,typed,26,nice,text,,"Magnet pulled the key out, key auto-taken"
6,typed-6,typed,27,parse,text,,"Answered with a weight-limit refusal (""Dropping the key would make enough room""), yet `open door` then succeeded"
6,typed-6,typed,28,nice,text,,"+4 points, ladder and a tin can"
6,typed-6,typed,29,nice,text,,Both refusals name the fix
6,typed-6,typed,30,nice,text,,Comma-and list parsed
6,typed-6,typed,31,other,text,,"Carrying the ladder forces dropping the food kit; hunger returns right after crossing, far from the kit"
6,typed-6,typed,32,parse,text,,"Asked ""Which do you mean, the kitchen access card or the upper elevator access card or the ID card?"" instead of taking both"
6,typed-6,typed,33,other,text,,Picking up a card while carrying the magnet ruins it; message comes after the damage; score still awarded
6,typed-6,typed,34,nice,text,,"""You begin to feel weary..."""
6,typed-6,typed,35,nice,text,,"""Elevator enabled"", ride narrated, door opens at top"
6,typed-6,typed,36,nice,text,,Needed two `wait`s after pushing the button before the door opened
7,typed-7-late,typed,1,nice,text,,Room text clear; exits listed; stair up to Helipad
7,typed-7-late,typed,2,nice,text,,"Understood, moved into Helicopter"
7,typed-7-late,typed,3,parse,text,,"""You can't see any door here!"" though room text says ""Several doors lead out"""
7,typed-7-late,typed,4,confusing,text,,"""You don't even have the orange key!"""
7,typed-7-late,typed,5,nice,text,,Plays the Feinstein's last message
7,typed-7-late,typed,6,parse,text,,"""You can't see any all here!"""
7,typed-7-late,typed,7,parse,text,,"""You can't see any funnel here!""; ""examine hole"" works"
7,typed-7-late,typed,8,parse,text,,"""You can't see any island here!"""
7,typed-7-late,typed,9,nice,text,,"""Anything poured into it would run down into the machinery below."""
7,typed-7-late,typed,10,nice,text,,"""Nothing happens. The slot beside the buttons stays dark."""
7,typed-7-late,typed,11,nice,text,,"""Inkorekt awtharazaashun kard...akses deeniid."""
7,typed-7-late,typed,12,other,text,,"Door took ~3 turns to open; ""south"" meanwhile: ""The door is closed."""
7,typed-7-late,typed,13,nice,text,,"""There is still goo in the survival kit you left in Storage West."""
7,typed-7-late,typed,14,other,text,,"Moved me west (see row 16: it was only the word ""west"")"
7,typed-7-late,typed,15,nice,text,,Every command understood first try; +4 on entering
7,typed-7-late,typed,16,parse,text,,"""You can't see any rec corridor here!"" (the earlier ""go to storage west"" had just been read as ""west"")"
7,typed-7-late,typed,17,nice,text,,"Slept, dream, woke next morning; items on floor"
7,typed-7-late,typed,18,nice,text,,Picked up all eight items with per-item lines
7,typed-7-late,typed,19,nice,text,,"All answered with flavour; dial ""0 to 1000"""
7,typed-7-late,typed,20,confusing,text,,"East exit loops to Rec Corridor, which I had reached via SW to Plain Hall"
7,typed-7-late,typed,21,parse,text,,"""You can't see any liquid here!"""
7,typed-7-late,typed,22,nice,text,,"Symptom message, no explanation"
7,typed-7-late,typed,23,nice,text,,Lists which systems are green and which malfunction
7,typed-7-late,typed,24,confusing,text,,"""a dark stairway winds downward"""
7,typed-7-late,typed,25,tedious,text,,"First hint ""Dropping the brochure would make enough room""; after dropping it, ""Dropping the towel would make enough room"""
7,typed-7-late,typed,26,nice,text,,Buttons coloured to match the Comm Room enunciator
7,typed-7-late,typed,27,other,text,,"Understood; fluid ""gradually turns milky white"""
7,typed-7-late,typed,28,nice,text,,Accepted; enunciator now shows brown
7,typed-7-late,typed,29,tedious,text,,"~12 turns each way, swipe card every ride"
7,typed-7-late,typed,30,nice,text,,"Robot hums, +2, then wakes as Floyd with a lovely intro"
7,typed-7-late,typed,31,nice,text,,Idle chatter
7,typed-7-late,typed,32,other,text,,"""Floyd never heard of that. Is it a game?"" one turn after Floyd reminisced about Lazarus"
7,typed-7-late,typed,33,nice,text,,"""Okay!"", and he follows through the elevator"
7,typed-7-late,typed,34,nice,text,,"Help message now being sent, +6"
7,typed-7-late,typed,35,nice,text,,"""Teleportaashun buux not aktivaatid."""
7,typed-7-late,typed,36,nice,text,,"Floyd: ""Are we gonna try something dangerous now?"""
7,typed-7-late,typed,37,nice,text,,"Pitch black, grue warning; ""up"" returns"
7,typed-7-late,typed,38,other,text,,"Four slots, three cards, none fit the new ones"
7,typed-7-late,typed,39,parse,text,,"All ""You can't see any ... here!"""
7,typed-7-late,typed,40,nice,text,,Pitch black
7,typed-7-late,typed,41,nice,text,,Floyd pats a compartment and giggles
7,typed-7-late,typed,42,confusing,text,,Disambiguation over my own four cards
7,typed-7-late,typed,43,parse,text,,"""You can't see any me your card here!"""
7,typed-7-late,typed,44,nice,text,,"Found the lower elevator card, +1; Floyd hurt then ""Why you turn Floyd off?"""
7,typed-7-late,typed,45,nice,text,,Worked exactly like the upper one
7,typed-7-late,typed,46,confusing,text,,"""to the south is a metal door"" right after I came north out of the elevator"
7,typed-7-late,typed,47,nice,text,,"""Shuttle controls activated."""
7,typed-7-late,typed,48,parse,text,,"""You can't see any lever up here!"""
7,typed-7-late,typed,49,parse,text,,"""You can't see any lever center here!""; ""pull lever"" works"
7,typed-7-late,typed,50,nice,text,,Each turn +5; sign at 15
7,typed-7-late,typed,51,other,text,,"Braked 3 turns late, stopped short of the station"
7,typed-7-late,typed,52,nice,text,,"""Operator should remain in control cabin while shuttle car is between stations."""
7,typed-7-late,typed,53,other,text,,Centre held speed 5; car smashed into the far wall
7,typed-7-late,typed,54,nice,text,,"""a bit sick and feverish"", rested, fed"
7,typed-7-late,typed,55,nice,text,,+4 even after the crash
7,typed-7-late,typed,56,confusing,text,,Companion wanders off
8,typed-8-lawanda,typed,1,parse,text,,"""You can't see any sign here!"" although the room text quotes a faded sign"
8,typed-8-lawanda,typed,2,confusing,text,,Took a turn and advanced the clock by 18 units
8,typed-8-lawanda,typed,3,confusing,text,,"I hold a laser with a dial and old battery, but the briefing never says where it came from"
8,typed-8-lawanda,typed,4,nice,text,,"Clear description: six settings, currently 5, battery in a depression"
8,typed-8-lawanda,typed,5,nice,text,,Both phrasings understood; the broken escalator is an intermediate room
8,typed-8-lawanda,typed,6,nice,text,,"""Your load is too heavy"" plus a hint naming exactly which item to drop to make room"
8,typed-8-lawanda,typed,7,other,text,,"""You're not holding the medicine bottle."""
8,typed-8-lawanda,typed,8,nice,text,,"Fever breaks, strength returns; clear feedback"
8,typed-8-lawanda,typed,9,nice,text,,Floyd finds his dead friend's breast plate and runs off crying
8,typed-8-lawanda,typed,10,bug,text,,"""Which do you mean, the Floyd or the broken robot?"""
8,typed-8-lawanda,typed,11,parse,text,,"""Which do you mean, the small doorway or the doorway?"" though the room mentions only one doorway"
8,typed-8-lawanda,typed,12,nice,text,,"""It is a robot-sized doorway -- a bit too small for you."""
8,typed-8-lawanda,typed,13,nice,text,,"Floyd explores, reports a board, then fetches it on request"
8,typed-8-lawanda,typed,14,nice,text,,"""You feel a bit weak and slightly flushed"" returns ~18 turns after the medicine"
8,typed-8-lawanda,typed,15,parse,text,,"""Which do you mean, the access panel or the set of controls?"" twice"
8,typed-8-lawanda,typed,16,bug,text,,"All four boards give identical text; the faulty one is only revealed (""fried"") after removal"
8,typed-8-lawanda,typed,17,confusing,text,,"""Nothing interesting happens."""
8,typed-8-lawanda,typed,18,nice,text,,"Clicks in, warning lights stop, +6 points"
8,typed-8-lawanda,typed,19,nice,text,,"Save works, with a funny Floyd aside"
8,typed-8-lawanda,typed,20,nice,text,,"""fused to its socket"" then ""With a tug, you manage to remove"""
8,typed-8-lawanda,typed,21,parse,text,,"""You can't see any 5 here!"""
8,typed-8-lawanda,typed,22,parse,text,,"""Which do you mean, the green spool or the red spool?"""
8,typed-8-lawanda,typed,23,nice,text,,Menu navigation works well; lore on the disease and the Project
8,typed-8-lawanda,typed,24,nice,text,,"Understood; ""Inkorekt awtharazaashun kard"""
8,typed-8-lawanda,typed,25,parse,text,,"""Which do you mean, the microfilm reader or the doorway?"""
8,typed-8-lawanda,typed,26,nice,text,,Red spool: disease timeline (death 8-10 days after symptoms); green: heli card and key are in Transportation Storage
8,typed-8-lawanda,typed,27,nice,text,,Disambiguation names both doors; hyphenated name parsed
8,typed-8-lawanda,typed,28,nice,text,,Clear warning before the dangerous room
8,typed-8-lawanda,typed,29,nice,text,,Evocative view; Floyd names the card on the floor
8,typed-8-lawanda,typed,30,parse,text,,"""You can't see any shapes here!"" right after the window described them"
8,typed-8-lawanda,typed,31,bug,text,,Typo in room description
8,typed-8-lawanda,typed,32,tedious,text,,"Asks new vs old, though the old one is installed in my laser"
8,typed-8-lawanda,typed,33,bug,text,,"""You already have it."" while it sits in the laser"
8,typed-8-lawanda,typed,34,nice,text,,Paper with a combination and the teleport card
8,typed-8-lawanda,typed,35,nice,text,,"The printout and Floyd together explain the whole goal: cure is ready, computer broke, repair robot is dead"
8,typed-8-lawanda,typed,36,nice,text,,"""Are we going to teleport into the computer like Achilles always used to do?"""
8,typed-8-lawanda,typed,37,confusing,text,,"""It won't budge."""
8,typed-8-lawanda,typed,38,parse,text,,"""You can't see any room here!"""
8,typed-8-lawanda,typed,39,other,text,,"""much larger than the one in Kalamontee"" but nothing to find"
8,typed-8-lawanda,typed,40,nice,text,,Card + colour/number buttons are intuitive; Floyd comes along with a funny squeal
8,typed-8-lawanda,typed,41,other,text,,The destination room description is not printed; only the status line shows the new room
8,typed-8-lawanda,typed,42,nice,text,,"Hunger warning followed by ""There is still goo in the survival kit you left in Storage West."""
8,typed-8-lawanda,typed,43,other,text,,"""locked from the other side"""
8,typed-8-lawanda,typed,44,parse,text,,"""Use compass directions for movement."""
8,typed-8-lawanda,typed,45,parse,text,,"""You're not holding the survival kit."" then the kit was too heavy"
8,typed-8-lawanda,typed,46,nice,text,,"Tasty message, cures hunger and thirst together"
8,typed-8-lawanda,typed,47,confusing,text,,Instant death by mutants if you open the door before Floyd has made his offer
8,typed-8-lawanda,typed,48,nice,text,,"Floyd explains exactly what to do, in character, voice trembling"
8,typed-8-lawanda,typed,49,other,text,,I waited through the first knock; Floyd was destroyed and the card left behind
8,typed-8-lawanda,typed,50,nice,text,,"The ballad, the dialogue, +2 points"
8,typed-8-lawanda,typed,51,other,text,,Must `open door` on the very next turn after the first knock
8,typed-8-lawanda,typed,52,nice,text,,Voice asks for the damaged sector; the printout's number works
8,typed-8-lawanda,typed,53,nice,text,,"Vivid shrunken-scale descriptions, +4 on arrival"
8,typed-8-lawanda,typed,54,other,text,,"""Sorry, the laser doesn't have a rubber barrel."" and +2 points"
8,typed-8-lawanda,typed,55,tedious,text,,Random misses before two hits
8,typed-8-lawanda,typed,56,other,text,,Two turns from the microbe landing to being eaten; changing the dial ate my last turn
8,typed-8-lawanda,typed,57,nice,text,,The warm-laser clue pays off beautifully
8,typed-8-lawanda,typed,58,nice,text,,Memo + gas mask + labelled buttons lay out the puzzle clearly
8,typed-8-lawanda,typed,59,other,text,,After two `wait`s the mutants recover and kill me when I open the door
8,typed-8-lawanda,typed,60,parse,text,,"""You can't see any window here!"""
8,typed-8-lawanda,typed,61,other,text,,"""The lab door is closed."" while fleeing"
8,typed-8-lawanda,typed,62,nice,text,,Mutants on my heels each turn; the mural has slid away revealing the elevator
8,typed-8-lawanda,typed,63,other,text,,Several quiet turns with no cue about when the ride ends
8,typed-8-lawanda,typed,64,nice,text,,"""You must be very clever to do that to the cryo-elevator door."" then it opens by itself"
8,typed-8-lawanda,typed,65,nice,text,,"Full, funny, touching ending; Floyd returns"
8,typed-8-lawanda,typed,66,bug,text,,"Helicopter manual, Transportation Storage, Conference Room combination 982, Physical Plant ""larger than it should be"", light switches: none were needed"
12,click-12,click,1,other,text,1,"Could not answer. ""talk to"" gives a shrug, not a reply"
12,click-12,click,2,blocked,text,1,No way to try taking it; can't tell if it is scenery or a missed item
12,click-12,click,3,other,text,1,The game's own premise has no button
12,click-12,click,4,other,text,2,"Pressed it, got ""The escape pod bulkhead is closed."" The exit line marks state, the object button never does"
12,click-12,click,5,blocked,text,3,Mouse-only player is dead-ended at the death screen with no button at all. **CORRECTED in leg 2:** the screen reads `On screen you can: 1 restore your saved gam
12,click-12,click,6,confusing,text,1,Harmless but confusing - the container you are in is listed as a thing you can enter
12,click-12,click,7,other,text,2,Pressed 23 expecting to move and examined a bed instead. No muscle memory is possible for movement
12,click-12,click,8,other,text,2,"Carry limit. Each take dropped something else (""the K-series megafuse slips from your arms...""). Took 14 moves of take/put/drop juggling to leave with everythin"
12,click-12,click,9,confusing,text,2,"The same action has two numbers depending on where the box is, and 128 vanishes without warning when the box falls. The error message (""not on screen now: somet"
12,click-12,click,10,parse,text,2,"No one-step ""put floor item in held container"". You must take it first, which can make you drop something else. A typed parser would do the implicit take"
12,click-12,click,11,blocked,text,2,"There is no **give**. There is `show to floyd` on a card and `throw at` (!), but no way to hand a friendly robot an object. With a hard carry limit this is the "
12,click-12,click,12,blocked,text,2,"**PARTLY CORRECTED in leg 2.** The list is not purely nouns in scope: in the Rec Area it also offered **Lazarus**, a name that appears nowhere else in the game,"
12,click-12,click,13,blocked,text,3,"**CORRECTED - partly my misreading.** It was not a dead end; I simply did not have the key yet, and the unlock button appears the moment you do. What stands: th"
12,click-12,click,14,confusing,text,2,Contextual verbs silently vanish when an item is on the floor. A player who did not think to `take all` first would conclude the goo was no longer edible
12,click-12,click,15,blocked,text,3,"**CORRECTED - my misreading.** I filed this as ""no way to apply a tool to an object"" and that was wrong: the click layer does generate tool-specific actions, it"
12,click-12,click,16,other,text,2,"**CORRECTED in leg 2, and this is the layer at its best.** In Lawanda's Repair Room there is a robot-sized doorway I cannot fit through. Floyd's menu carried `1"
12,click-12,click,17,other,text,2,Had to drop the can on the floor before it became a legal target. Carried items are invisible to a carried tool's target list
12,click-12,click,18,other,text,3,"The ladder is a solo load and its destination is a three-hour walk away, so the only click-expressible route is `20 drop all`, walk, and come back. Multi-trip f"
12,click-12,click,19,other,text,2,Finding the one entry I wanted meant re-reading the whole block. Most of the bulk is `examine` entries that never do anything
12,click-12,click,20,other,text,2,"Every fetch is a manual re-walk of 6-10 clicks. The exit labels (which do show destinations once visited) are the only navigation aid, and with the carry limit "
12,click-12,click,21,other,text,2,"Leg 1's best navigation trick - ""an exit with no name attached is somewhere you have not been"" - is not reliable. The one link in the game that costs three hour"
12,click-12,click,22,other,text,1,"The contextual-action generator does not filter for sense. Pouring chemicals on an elevator call button is offered as prominently as the one pour that matters, "
12,click-12,click,23,blocked,text,2,"Floyd is audibly in the room but has no entry, so there is no way to ask him anything, including whether he can do something about the dark. In click mode an NP"
12,click-12,click,24,other,text,1,"I slept, and ""While you slept, the things you were carrying slipped to the floor beside you. The open canteen spilled its liquid across the floor."" The button t"
12,click-12,click,25,tedious,text,2,"Closing the container hides its contents and kills the one-click hunger suggestion that the game had trained me to rely on. The fix (open `120 …`, pick `open`, "
12,click-12,click,26,other,text,2,"Two numbering systems on screen at once, overlapping exactly. Pressing what the fiction tells you to press (5) saves your game. The two-number form is the right"
12,click-12,click,27,parse,text,3,"This is the clearest hole I have found. The prose plants a secret passage in bold letters, the companion NPC confirms the wall is new, and the click layer has n"
12,click-12,click,28,confusing,text,2,"The layer is honest but mute: a capacity limit is expressed only by an option silently vanishing, and the generic churn message does not say *why*. ""The pocket "
12,click-12,click,29,bug,text,1,"The authorisation lapses, and the failure text is identical to the no-card case, so the obvious reading is ""the card did not work"" rather than ""do it again, now"
12,click-12,click,30,bug,text,2,"The only method the layer offers is trial and error by electrocution, and the buttons never learn: a board that has just shocked me looks exactly like the one t"
12,click-12,click,31,bug,text,,"The click layer offers exactly one verb for the game's final obstacle, that verb destroys the component, the power dial makes no difference, and nothing warns y"
12,click-12,click,32,blocked,text,2,"Examine turns out to do the job, but the game names a verb in plain English that is not on the list and leaves the player to guess that a differently-worded but"
12,click-12,click,33,confusing,text,2,"Pressing 22 un-miniaturised me - ""You feel the familiar wrenching of your innards"" - and dumped me in the **Miniaturization Booth** at full size, which is not S"
12,click-12,click,34,other,text,1,"The wake-up text says ""the things you were carrying slipped to the floor beside you"" in the same breath that the button for fixing it is absent. Worse, a droppe"
12,click-12,click,35,bug,text,3,The gauge the interface trained me to read goes silent exactly when I am starving *and* have nothing to eat - the one case where I most need to be told. A healt
12,click-12,click,36,confusing,text,2,"It **silently skipped the canteen**, because the canteen was sitting inside the dispenser unit rather than loose on the floor. No line said so. It was the one o"
12,click-12,click,37,confusing,text,1,"The warning (""Raadeeaashun suuts must bee worn beeyond xis point"") is in the room prose and a typed player gets exactly the same information, so this is not a c"
12,click-12,click,38,other,text,2,"`29 examine` itself is perfect (""You turn to look at Floyd, but a tremendous sense of loss overcomes you, and you turn away"") - the prose knows exactly what thi"
12,click-12,click,39,parse,text,2,"Same shape as row 32: the prose plants an object whose only purpose is to be looked *through*, and the layer offers the generic *examine* that returns the stock"
12,click-12,click,40,other,text,2,"The cure was a one-shot and the disease is not. That is the game's design, not the layer's. What *is* the layer's is that a lethal, running clock produces no ma"
12,click-12,click,41,other,text,2,"It printed ""Time passes..."" three times, then "">> The elevator door opens onto a room to the north"", and then **kept waiting for nine more turns** (turn 950 to "
12,click-12,click,42,other,text,3,"The winning move is a contextual entry the generator prints on **every carried object in every room of the miniature world** - canteen, cards, battery, laser - "
12,click-12,click,43,confusing,text,2,The death screen at least offers `1 restore your saved game`. The victory screen offers a mouse-only player a command-line flag he cannot type. This is row 5 ag
12,click-12,click,44,confusing,text,2,"I saved at turn 919 (relay fixed, monster not yet arrived), then saved again at 920 out of habit once the microbe appeared - silently destroying the only state "
12,typed-12,typed,1,nice,text,,"""You sound rather positive."" — the generic yes-handler. The NPC asked me a question and then ignored my answer."
12,typed-12,typed,2,parse,text,1,"""You have died. Start again with --new."" The death text says ""Type RESTART, RESTORE, or QUIT"". **Correction, filed later:** RESTORE *does* work once you have a "
12,typed-12,typed,3,parse,text,1,"""What do you want to press?"" — I had to type `press down button`. The panel's own noun phrase is refused."
12,typed-12,typed,4,blocked,text,2,"The bar smeared my ID card's magnetic stripe, permanently. The game warns one turn ahead, clearly — but the damage is irreversible and nothing tells you whether"
12,typed-12,typed,5,parse,text,2,"'I don't know the word ""story"".' The game put the word in Floyd's mouth and then didn't recognise it."
12,typed-12,typed,6,nice,text,,"""Civilized members of society usually sleep in beds. The dormitories have bunks: Dorms C and D off the Dorm Corridor, Dorms A and B off the Rec Corridor."" Excel"
12,typed-12,typed,7,parse,text,2,"All three: ""Floyd whines, 'Enough talking! Let's play Hider-and-Seeker.'"" It reads like a state I can clear by playing with him, so I played four times. It is a"
12,typed-12,typed,8,parse,text,2,"""You can't see any key here!"" — the key only exists to the parser after you have typed `examine crevice` once. Hidden prerequisite."
12,typed-12,typed,9,other,text,1,"""The door cannot be opened until the padlock is removed."" I had to also `take padlock`. Unlocking a padlock should imply unhooking it."
12,typed-12,typed,10,other,text,2,Hider-and-Seeker brush-off again. A four-foot general-purpose work robot who follows me everywhere cannot pick anything up.
12,typed-12,typed,11,blocked,text,3,"The ladder needed to bridge the rift is so heavy you must leave all food behind, and the only food is a three-hour walk west. I reached the Comm Room with ""abou"
12,typed-12,typed,12,tedious,text,1,"""You're not holding the survival kit."" / ""It would ooze through your fingers. You'll have to eat it right from the survival kit."" You must `take kit` first. Two"
12,typed-12,typed,13,parse,text,2,"""Pouring or spilling non-liquids is specifically forbidden by section 17.9.2 of the Galactic Adventure Game Compendium of Rules."" Funny, but it refuses the obvi"
12,typed-12,typed,14,other,text,2,"""Oh, no. The canteen slips from your arms while taking the glass flask and both tumble to the ground."" I didn't notice, walked six rooms and an elevator ride aw"
12,typed-12,typed,15,parse,text,3,"'I don't know the word ""center"".' / '""central"".' / '""middle"".' The room description itself says ""The lever can be set at a central position"" — the game does not"
12,typed-12,typed,16,blocked,text,2,"Stopped between stations (""Operator should remain in control cabin while shuttle car is between stations""), then crept forward and ""smashe[d] into the wall at t"
12,typed-12,typed,17,confusing,text,3,"""Oh, no. The piece of paper slips from your arms while taking the teleportation access card and both tumble to the ground."" This happened to me six separate tim"
12,typed-12,typed,18,nice,text,,"Instant, unsurvivable death. A rusted diagnostic robot straps you down, ""injects you with all 347 serums and medicines it carries,"" and starts sawing your legs "
12,typed-12,typed,19,parse,text,1,"'I don't know the word ""cut"".' `shoot mural with laser` works (and scored +2), but ""cut"" is the natural verb for a cutting tool."
12,typed-12,typed,20,bug,text,1,"""Teleportaashun buux not aktivaatid."" You must re-slide the teleportation card in every booth, every departure, including a booth you activated ten minutes ago."
12,typed-12,typed,21,blocked,text,2,"""You can't turn that on."" Two rooms I need are pitch black (""You might be eaten by a grue"") and after three in-game days I have not found anything in the game t"
12,typed-12,typed,22,blocked,text,2,"""You jerk your hand back as you receive a powerful shock"" / ""Nothing interesting happens."" No hint about de-powering the panel, and no way I can see to tell whi"
12,typed-12,typed,23,confusing,text,2,"The game nags ""SAVE costs no time at all, and one would have spared you replaying all of this"" only in the death message, and in the same breath tells you to ty"
12,typed-12,typed,24,parse,text,1,"'I don't know the word ""press"".' Two problems in one: the period-separated chain is not supported, and the error blames a word the game *does* know (`press down"
12,typed-12,typed,25,bug,text,2,"'I don't know the word ""first"".' The game printed the word itself, in its own question, one line earlier. `take first fromitz board` works fine as a whole comma"
12,typed-12,typed,26,confusing,text,3,"""Oh, no. The shiny seventeen-centimeter fromitz board slips from your arms while taking the miniaturization access card and both tumble to the ground."" Then `ta"
12,typed-12,typed,27,confusing,text,3,"Death. ""The last traces of mist in the air vanish... Dozens of hungry eyes fix on you."" The Bio Lab's only warning is ""They appear to be stunned and confused, b"
12,typed-12,typed,28,confusing,text,2,"""Mutated monsters from the Bio Lab pour into the office. You are devoured."" The memo says the system ""wud flud xe entiir Biioo Lab wic aa dedlee fungasiid"" — de"
12,typed-12,typed,29,confusing,text,2,"Instant death — the monsters pour in. Reasonable, but combined with the five-turn window and the closed lab door on the far side it means the escape has exactly"
12,typed-12,typed,30,confusing,text,2,"""The door closes, but not soon enough!"" then death. The room is explicitly a *sterilization chamber* with a door at each end, which is exactly the architecture "
12,typed-12,typed,31,blocked,text,2,"""You stupidly run right into the jaws of the pursuing mutants."" Fatal. In an unmapped chase, the game punishes the one move that a lost player always makes — ba"
12,typed-12,typed,32,other,text,1,"""You can't go that way."" / ""You hit your head against the crack as you attempt this feat."" The crack is the most emphasised feature of the room and, as far as I"
12,typed-12,typed,33,bug,text,3,"Failed/refused commands mostly cost no time at all, which is how I mapped the chase. But the two ""device is not activated"" refusals *do* consume a turn, and so "
12,typed-12,typed,34,other,text,2,"Cost a turn, the mist ran out and I was eaten. SAVE costs nothing; SCORE costs a turn."
12,typed-12,typed,35,other,text,2,"The lighting changes between ""bright"" and ""dim"" and nothing else happens: all four mutants are present and pursue identically. A room description that singles o"
12,typed-12,typed,36,other,text,3,"Booths must be re-activated with the teleportation card on every single use (row 20), so escaping by teleport needs two turns — slide card, press button — and t"
12,typed-12,typed,37,confusing,text,3,"The only escape is a lift behind the ProjCon Office mural, and **that doorway only exists if you have already solved the mural puzzle in another wing**, which h"
12,typed-12,typed,38,confusing,text,3,"The chase permits exactly one command per room and it must be a successful move. Every tool I had dropped over the previous two days was visible, named and unto"
12,typed-12,typed,39,confusing,text,2,One save slot. My second save silently destroyed the only position from which the last six points were still reachable — and by then I had also learned that the
12,typed-12,typed,40,nice,text,,"The ride takes about five turns and the elevator gives no sign of progress until the door opens. Both refusals read as ""this is broken"" rather than ""be patient"""
12,typed-12,typed,41,confusing,text,2,"Leg 1 filed this as ""no hint about de-powering the panel"". I now think the panel is not meant to be opened by hand at all: the Miniaturization Booth south of th"
12,typed-12,typed,42,other,text,1,"My notes said Lawanda Library, Day 3 morning, score 50, Floyd alive. The actual saved position was the Bio Lab, afternoon, turn 676, score 69, Floyd dead, one t"
13,click-13,click,1,tedious,column,1,Carried items' actions hide behind a two-step '104' then '104 read'; learnable but costs an extra command each time
13,click-13,click,2,confusing,column,2,"Died: the pod door opened for only ~2 turns after the explosion; my fault for waiting, but a click player with a 'wait' habit is easily caught"
13,click-13,click,3,nice,column,,Death screen explicitly tells me no save exists and SAVE costs no time - good nudge
13,click-13,click,4,confusing,column,1,"Option numbers are per room: 22 was 'go west' outside and is 'examine bulkhead' inside - the help text says so, but I nearly misclicked"
13,click-13,click,5,nice,column,,The 'get out of the safety web (to reach what is on the floor)' button explains itself - great hint
13,click-13,click,6,confusing,column,2,'go up' three times printed fresh narration but the same Underwater room heading and description each time; felt like I might be stuck in a loop
13,click-13,click,7,nice,column,,Goo blobs inside the kit show 'eat' right on the inventory line - no digging needed
13,click-13,click,8,nice,column,,"Visited exits are labelled with their destination ('go south, Rec Corridor') - very helpful for mapping"
13,click-13,click,9,nice,column,,"Hunger warning + 'diagnose (hungry, about 14 hours)' on the button + a one-click eat button - superb"
13,click-13,click,10,confusing,column,2,'take curved metal bar' silently dropped the bedistor I was holding ('slips from your arms') - surprising in a click UI; the load-limit hint on the next try was
13,click-13,click,11,confusing,column,1,"Magnet warned it would smear the ID card, but there was no obvious one-click remedy and it happened the very next turn"
13,click-13,click,12,nice,column,,"Floyd waking up is charming, and his row of options is clear"
13,click-13,click,13,nice,column,,"'take with magnet' appears as a ready-made option on the key - convenient, though it spells the puzzle out"
13,click-13,click,14,tedious,column,2,Load-limit message names exactly what to drop - good; but items must then be ferried back and forth across a 3-hour corridor
13,click-13,click,15,confusing,column,2,Reusing a number from the previous room walked me the wrong way; per-room numbering of exits invites this when chaining moves
13,click-13,click,16,confusing,column,1,"Extending the ladder is called 'open', and 'put across rift' only appears after dropping and opening it - three steps to discover"
13,click-13,click,17,nice,column,,Hunger reminder said exactly where I left the goo ('in the survival kit you left in Storage West') - kind
13,click-13,click,18,nice,column,,"Tiredness warning names the dorms with bunks, and the diagnose button carries both countdowns - excellent survival UI"
13,click-13,click,19,confusing,column,2,"'take all' picked up the magnet with my access cards, risking smearing them, and juggled/dropped the canteen - bulk take is dangerous here"
13,click-13,click,20,nice,column,,The octagonal canteen / octagonal niche puzzle worked perfectly with the 'put in...' list
13,click-13,click,21,confusing,column,2,"Slept with the canteen open and lost the protein liquid; the game never nudged me to close it after filling, and items dropping during sleep is a surprise"
13,click-13,click,22,nice,column,,The dream sequence and Floyd's 'lazy bones' wake-up are delightful
13,click-13,click,23,confusing,column,1,"Typing a phrase for an exit that doesn't exist ('go east') printed nothing at all - no 'you can't go that way', turn not spent"
13,click-13,click,24,tedious,column,1,"Drinking needs 'open canteen' first before 'drink' appears on the liquid - fine, but no drink shortcut on the hunger warning like the goo gets"
13,click-13,click,25,confusing,column,2,"The smeared ID card gets its own rejection message - makes me worry the magnet cost me a key item, with no way to know"
13,click-13,click,26,blocked,column,2,Dark room with no light source found anywhere so far; nothing in the UI hints where light might come from
13,click-13,click,27,tedious,column,2,Four identical empty rooms plus three-hour corridor walks make exhaustive exploration a slog
13,click-13,click,28,blocked,column,1,Combination dial 0-1000 with no clue anywhere I've found; the value entry works but guessing is hopeless
13,click-13,click,29,nice,column,,"The Feinstein's last transmission cut off by the explosion, and the phonetic plague message - great storytelling"
13,click-13,click,30,nice,column,,'put under spout' offered directly on the flask - smooth
13,click-13,click,31,bug,column,3,Taking the full flask silently failed on weight: the only text was 'The flask lands on its side ... the stopper holds' - no 'too heavy' - and I walked 7 rooms b
13,click-13,click,32,tedious,column,2,"Coolant puzzle is a multi-step sequence, each step a ~25-command round trip between tower and Machine Shop"
13,click-13,click,33,nice,column,,Getting the distress message sent (+6) after the coolant sequence was a satisfying payoff
13,click-13,click,34,blocked,column,3,"Blocked: I have the shuttle card but never found how to reach the shuttle; the lower elevator (and the reactor elevator) reject every card I own, and the remain"
14,click-14,click,1,nice,column,,Stable numbered options with directions on fixed numbers; easy to pick up
14,click-14,click,2,nice,column,,"Exits line merges ""go west / in"" and marks door state inline; getting into the pod and the web was one click each"
14,click-14,click,3,tedious,column,1,"About 15 waits in a row for the flight and landing; the story is good but there is no ""wait until something happens"""
14,click-14,click,4,nice,column,,"The ""get out of the safety web (to reach what is on the floor)"" button explains why the kit is out of reach; nice"
14,click-14,click,5,nice,column,,"""depth 3 of 3"" in the status line, with ""go up"" as the only exit not labelled Underwater, makes the way out clear"
14,click-14,click,6,confusing,column,1,"Each depth step reprints the full ""momentarily disoriented as you enter the turbulent waters"" room text, even at the surface, which reads oddly after the new fl"
14,click-14,click,7,nice,column,,Exits I have used get the destination name appended; builds a map in the option list
14,click-14,click,8,nice,column,,"Guessing an option number (108) for the canteen gave a clear ""not on screen now"" message and cost no turn"
14,click-14,click,9,nice,column,,"The ID card has a contextual ""slide through slot"" option right in its carried line, so the slot puzzle is discoverable"
14,click-14,click,10,confusing,column,1,"The long walk is one click and says it took about 3 hours, but the clock went only from 6160 to 6320, the same as a couple of ordinary moves; is it evening stil"
14,click-14,click,11,nice,column,,"A ""wait for the elevator"" button showed up while the lift was coming"
14,click-14,click,12,nice,column,,"Hunger warning came with an ""eat the blob of red goo"" button and ""diagnose (hungry, about 14 hours)""; exactly what a clicker needs"
14,click-14,click,13,confusing,column,2,"Sliding the ID card earlier left it loose in my arms instead of back in the pocket; taking the oil can then dropped both. The message mentions the pocket, but n"
14,click-14,click,14,nice,column,,"Waking Floyd is charming, and his option row (ask to go west, ask about...) is clear"
14,click-14,click,15,nice,column,,The overload message names exactly what to drop to make room
14,click-14,click,16,nice,column,,The magnet-smears-card warning is fair and gives me a turn to react
14,click-14,click,17,nice,column,,"""take with magnet"" appeared on the key once I carried the bar; the bar itself only offers examine/drop, so I had to look at the key to find it"
14,click-14,click,18,tedious,column,1,"Dropping four things to take the ladder is four separate two-level clicks; a ""drop these and take it"" option would help"
14,click-14,click,19,confusing,column,1,"The ladder's ""open"" is offered while carried but refuses (""couldn't extend it while holding it""); the menu offers a dead action. Once dropped, open, then ""put a"
14,click-14,click,20,nice,column,,Walking into a dark room shows only exits and buttons; the grue warning is clear and there was a safe way out
14,click-14,click,21,nice,column,,"The diagnose button reads out hunger and sleep countdowns in plain hours, ""nothing to eat"" included; great for planning"
14,click-14,click,22,nice,column,,"The hunger warning says where my last food is (""goo in the survival kit you left in Storage West""); very helpful"
14,click-14,click,23,confusing,column,2,"I cannot tell how long an ""hour"" on the diagnose button is in turns: 14 hours lasted about 100 turns earlier, but 10 to 7 took 9 turns now"
14,click-14,click,24,tedious,column,2,"Night lockout on the shuttle is fair (the message gives the hours), but nothing earlier hinted the shuttle keeps hours, so I rode down with no food and now face"
14,click-14,click,25,nice,column,,"The sleep warning names the dorms with bunks, and the sleep button escalates to ""sleep now!"""
14,click-14,click,26,tedious,column,2,"Starving, with food in a kit on the floor: the goo shows only ""examine"" until the kit is in hand, and taking it hit the weight limit (a card fell). Three turns "
14,click-14,click,27,nice,column,,Collapsing asleep on the floor and waking with Floyd giggling is a nice beat
14,click-14,click,28,confusing,column,2,"Slowed to 5 and centred the lever as the red ""15/10/5"" signs passed, then smashed into the station's end wall. Nothing said the signs are target speeds or that "
14,click-14,click,29,nice,column,,The shuttle's push / pull / center lever buttons plus a per-turn display readout make the driving sequence very playable by clicks
14,click-14,click,30,confusing,column,1,"I did two plain waits before spotting ""wait for the elevator"" among the buttons; it's easy to miss when it appears mid-ride"
14,click-14,click,31,nice,column,,"Arrived (+4). A clear endpoint, with the escalator and the other shuttle cars laid out as options"
15,click-15-lawanda,click,1,confusing,column,1,"""Take all"" dropped the shuttle card on the floor to fit the spool, then told me the load was too heavy; the pocket hint helped me recover"
15,click-15-lawanda,click,2,confusing,column,2,"After opening the bottle, the medicine's ""…"" list showed only examine/drop; the ""eat"" option appeared only in the full options list. ""Eat"" for a liquid medicine"
15,click-15-lawanda,click,3,nice,column,,Floyd finding Lazarus's breast plate and running off sobbing
15,click-15-lawanda,click,4,confusing,column,2,Four fromitz boards with identical descriptions; nothing tells me which is faulty
15,click-15-lawanda,click,5,confusing,column,1,"""take with pliers"" only appeared after a plain ""take"" failed; pliers' own ""…"" list has only examine/drop, so a click player must fail first to discover it"
15,click-15-lawanda,click,6,nice,column,,"Bedistor swap was clean and satisfying, with the lights reacting"
15,click-15-lawanda,click,7,confusing,column,1,"Putting the teleport card in the uniform pocket (typed as ""102 teleportation access card"") gave ""There's no room""; the pocket's capacity is invisible until you "
15,click-15-lawanda,click,8,bug,column,1,"The laser's ""…"" list offers ""close"", which then says ""There doesn't seem to be any way to do that to this laser"""
15,click-15-lawanda,click,9,nice,column,,"Floyd's ""ask to get the board"" option appears once he mentions the board; fetching it is a delightful beat"
15,click-15-lawanda,click,10,confusing,column,2,"The bad board is only named ""fried"" once you've pulled it; the in-panel boards give no clue, so it's a guess (I got it first time)"
15,click-15-lawanda,click,11,tedious,column,1,"""open lab door"" refused because the west door is open, but ""close radiation-lock door"" isn't offered from this half of the lock; had to walk back west"
15,click-15-lawanda,click,12,nice,column,,"Died of radiation poisoning three turns after grabbing the lamp and spool from the Radiation Lab. Fair (the sign warned), and the save covered it"
15,click-15-lawanda,click,13,nice,column,,"Floyd's sacrifice: every step (open, close, wait for the knock, open, close) was a visible option; the ballad scene lands"
15,click-15-lawanda,click,14,tedious,column,1,"Shooting the speck is a dice roll: nine identical ""shoot speck"" clicks before the second hit"
15,click-15-lawanda,click,15,nice,column,,The hunger warning named the ration I was carrying - a considerate nudge for a click player
15,click-15-lawanda,click,16,nice,column,,"""throw off the strip"" on the warm laser was right there for the microbe; the solution reads well from the options"
15,click-15-lawanda,click,17,nice,column,,"The chase: the west bio-lock door had auto-closed, costing a turn with the mutants on my heels. Tense but fair, and the options kept up"
15,click-15-lawanda,click,18,nice,column,,"""wait for the elevator"" button was a neat touch; the ending (Floyd's return) is a great payoff"
17,click-17-teen,click,1,confusing,column,1,"""Throw at..."" then it made me answer again with ""106 brush"" even though the brush was the only thing. Extra step."
17,click-17-teen,click,2,nice,column,,Throwing the brush at Blather: huge demerits joke. Loved it.
17,click-17-teen,click,3,other,column,2,"Had to wait around ~5 turns with just ""Time passes..."" before anything happened. Didnt know if waiting was even right."
17,click-17-teen,click,4,nice,column,,"Explosion, pod opens, jumped in and got points. Exciting."
17,click-17-teen,click,5,tedious,column,2,"About 12 ""wait"" clicks in a row for the flight and landing. Cool text but slow; wanted a skip / wait-until-something-happens button."
17,click-17-teen,click,6,nice,column,,"Pod falls, water rushes in, swim up with a depth counter. Tense and clear, I knew which way to go."
17,click-17-teen,click,7,confusing,column,2,"Every door is locked: dial lock, padlock, three card slots all say wrong card, teleporter not activated. No goal on screen telling me what I'm looking for."
17,click-17-teen,click,8,nice,column,,"Long walk done in one click with ""That walk took about 3 hours."" Funny and saved me clicks."
17,click-17-teen,click,9,nice,column,,"""wait for the elevator"" button appeared after pushing the button, way better than spamming wait."
17,click-17-teen,click,10,confusing,column,1,Too heavy to take the box. First hint says drop the survival kit; after I dropped the brush it said dropping the ID card (a tiny card!) would make room. Felt ra
17,click-17-teen,click,11,nice,column,,Hunger warning told me exactly what to do and gave me an eat button; cherry pie goo joke.
17,click-17-teen,click,12,confusing,column,1,"""You might be eaten by a grue"" in the dark. Scary/funny, but I have no light and no idea what a grue is."
17,click-17-teen,click,13,confusing,column,1,"Once I put the canteen under the spout its number changed (117 -> 53), so ""117 open"" failed with ""not on screen now"". Had to reprint the options."
17,click-17-teen,click,14,confusing,column,1,"Button-mashing the dispenser was fun, but the canteen's mouth is ""too narrow"" so it never fills. Tease."
17,click-17-teen,click,15,nice,column,,Floyd the robot wakes up and talks in his funny way. First character since Blather. Loved it.
17,click-17-teen,click,16,bug,column,2,"""ask Floyd to follow you"" (128) was listed, I picked it, and got ""not on screen now: something has changed"". Nothing visible had changed."
17,click-17-teen,click,17,nice,column,,"Floyd followed me on his own anyway (""Floyd here now!""), so no harm."
17,click-17-teen,click,18,nice,column,,"Floyd says he's itchy, I searched him, he got tickled and a card fell out. Felt like I figured it out myself. Best moment."
17,click-17-teen,click,19,tedious,column,1,"Taking the card made me drop the laser (too much to carry); had to drop something, pick up card, pick up laser again. 3 extra clicks."
17,click-17-teen,click,20,confusing,column,2,"Got the elevator open, then the shuttle wants yet another card. Notice says shuttle runs ""until 6000"" and evenings need special authorization; the time readout "
17,click-17-teen,click,21,tedious,column,3,"~30 turns of walking back and forth through corridors and identical dorms/bathrooms looking for a shuttle card. No new items, no points."
17,click-17-teen,click,22,confusing,column,2,"Shooting the padlock with the laser gave +2 points but the lock just ""grows a bit warm"". Points made me think I was on the right track; I wasn't."
17,click-17-teen,click,23,nice,column,,"The Blather dream after sleeping, and Floyd calling me ""lazy bones"". Funny payoff."
17,click-17-teen,click,24,confusing,column,1,"""take all"" was offered while I was in bed, but every item said ""You can't reach it from here."" Wasted click."
17,click-17-teen,click,25,blocked,column,3,"Slept till morning because the notice said service resumes each morning, walked all the way back, and the shuttle STILL says ""controls not activated"". I guessed"
17,click-17-teen,click,26,tedious,column,3,"13+ clicks of pure walking across the whole map to reach one unexplored exit, which was a dead end (West Wing rubble). Want a fast-travel / click-a-room option."
17,click-17-teen,click,27,confusing,column,2,"Diagnose suddenly says ""feverish"" with no explanation of why or what to do. Worrying."
17,click-17-teen,click,28,blocked,column,2,Combination dial is 0-1000 and I've found no code anywhere. Can't guess it.
17,click-17-teen,click,29,nice,column,,"Picking up the magnet: game warned it would smear my elevator card's stripe if carried together. Clear, fair warning."
17,click-17-teen,click,30,tedious,column,2,"Carry limit again: taking one thing drops the laser, so drop 2 things, take, retake laser. Inventory juggling every time I find something."
17,click-17-teen,click,31,confusing,column,1,"Dark stairs: only exit is back up, laser gives no light. Dead end that looked like a lead."
17,click-17-teen,click,32,confusing,column,2,"Examining the crevice (which I walked past twice) shows a steel key. Great find, but it was hidden behind an ""examine"" I had no reason to click; I only did it o"
17,click-17-teen,click,33,nice,column,,"Magnet fishes out key, key opens padlock, new room with a ladder and food, +4. Chain of stuff clicking together felt great."
17,click-17-teen,click,34,tedious,column,1,"Unlocked the padlock, but ""open door"" said the padlock must be removed first; needed an extra ""take padlock""."
17,click-17-teen,click,35,confusing,column,2,"Diagnose shows ""hungry, nothing to eat, about 12 hours; feverish"" — a countdown with no food in sight is stressful."
17,click-17-teen,click,36,tedious,column,2,"Ladder carry limit: told me to drop 4 specific things, then after that the Spam too. Ended up leaving almost everything in a pile."
17,click-17-teen,click,37,nice,column,,"""open ladder"" while holding it refused; had to drop, open, then put across. Once dropped, ""put across rift"" button made it obvious. Crossing = +4, felt great."
17,click-17-teen,click,38,confusing,column,2,"The hunger hint pointing at ""the kitchen behind the Mess Hall's locked door"" is helpful, but I have no card for it and I'm starving right as I finally find new "
17,click-17-teen,click,39,blocked,column,3,"Died of hunger on the 3-hour hallway walk, 3 rooms from the kitchen, right after finally getting the kitchen card. No save, so restart from the spaceship. ~320 "
17,click-17-teen,click,40,confusing,column,2,"The death screen says ""SAVE costs no turn"" — useful, but nothing told me that earlier or nudged me to save before things got risky."
17,click-17-teen,click,41,nice,column,,Replay was different: an alien ambassador with celery instead of Blather. Nice surprise.
17,click-17-teen,click,42,tedious,column,2,"Second time through the pod flight = 13 more ""wait"" clicks with no way to skip."
17,click-17-teen,click,43,nice,column,,"Floyd reacts to me saving: ""Oh boy! Are we gonna try something dangerous now?"" Loved it."
17,click-17-teen,click,44,confusing,column,2,Shuttle card was in the office one room past where I got the kitchen card in life 1. I never checked the west exit because I was starving. The hunger timer push
17,click-17-teen,click,45,nice,column,,"Octagonal canteen fits the octagonal niche, fills with protein liquid, a ""drink"" button shows up. Satisfying, and it explains the canteen from the Mess Hall."
17,click-17-teen,click,46,blocked,column,1,Pitch black room with a grue warning; no light source found anywhere in either life.
18,click-18,click,1,bug,column,,"T260/261 `36` (Lawanda Platform, then the Escalator): the options list a ""stairway"" (examine, climb up) that the room text never mentions, beside the ""escalator"
18,click-18,click,2,bug,column,,"T303 `47` (examine librarian): the button says examine, but the game answers ""You call for the librarian..."" The label and the action don't match."
18,click-18,click,3,bug,column,,"T311 `24` (entering Library Lobby after `drop` of the ration): ""A sealed emergency ration... lies on the counter."" There's no counter here; the Infirmary's plac"
18,click-18,click,4,bug,column,,"T342-344 `34`, `21`, `24`: Floyd, already following, ""rushes into the room and barrels into you"" and then ""bounds into the room. 'Floyd here now!'"" on plain mov"
18,click-18,click,5,bug,column,,"T374/375 `27`, `23`: Floyd's ""Is this...is this a squash court?"" fires twice in a row, once in each half of the bio lock."
18,click-18,click,6,bug,column,,"T376 `35` (examine window, Bio Lock East): ""I see nothing special about the window"" while Floyd, the same turn, looks through it and describes the lab. The wind"
18,click-18,click,7,bug,column,,"T288 `38` (examine light, Planetary Defense): ""nothing special"" though the room text quotes its blinking warning."
18,click-18,click,8,bug,column,,"T396 `35` (examine speck): ""nothing special"" right after ""look inside micro-relay"" described it as a blue boulder."
18,click-18,click,9,bug,column,,"T425 `24` (ProjCon Office after the mural slid away): ""mural"" is still offered as scenery."
18,click-18,click,10,bug,column,,"T418 onward (Bio Lab and the chase): the mobile plant is under ""In the room"" while the other three mutants are under ""Characters""."
18,click-18,click,11,parse,column,,"T274 `137` (medicine ""…""): the menu lists only ""examine, drop""; ""drink"" exists only as the separate entry 140. The ""…"" menu is incomplete."
18,click-18,click,12,parse,column,,"T295 `42` then `43`: ""take with pliers"" appears only after a failed plain take. The pliers' ""…"" (109) only ever offered examine/drop, so nothing points to using"
18,click-18,click,13,parse,column,,"T376 `36`/`37` (miniaturization card): it's offered with examine/read ""in the room"" while it lies behind the closed Bio Lab door."
18,click-18,click,14,confusing,column,,"T284-287 `41`, `43`, `45`, `47` (examine each fromitz board): all four give identical text. Nothing marks the dead one, so I found it by taking shocks until `48"
18,click-18,click,15,confusing,column,,"T363 `40 shiny seventeen-centimeter fromitz board`: ""The card clicks neatly into the socket"". It's a board."
18,click-18,click,16,confusing,column,,"T295 `43`: the label ""take with pliers (fused ninety-ohm bedistor)"" reads oddly."
18,click-18,click,17,confusing,column,,"T312 `40 5`: the label ""type a number 5"" is clunky."
18,click-18,click,18,confusing,column,,"T407 `134 speck` (repeated click): the error names the option 'shoot something (laser) (laser)', with the object doubled."
18,click-18,click,19,confusing,column,,"T302 (Library Lobby): ""You catch a glimpse of a small object nestled among the dust"", but the option list already names it ""green spool""."
18,click-18,click,20,tedious,column,,"T399-407 `134 speck` ×7: shooting the speck is a run of random misses. It isn't bad, but seven clicks with no sense of progress beyond ""sizzles"" feels long."
18,click-18,click,21,tedious,column,,"T270 `8`, T303 `34` (take all / take green spool): the disease's carry limit keeps dropping things (the shuttle card, the ration). The hints are good, but I spe"
18,click-18,click,22,tedious,column,,"Throughout: Floyd's idle lines repeat within a few turns (""bruised his knee"" at T272 and T296, the crayon at T283 and T297, ""Floyd going exploring"" about every "
18,click-18,click,23,tedious,column,,"T352-354 `3` ×3: I waited for Floyd to come back to the Repair Room with no hint of how long it would take (he returned on the first wait, and I didn't notice)."
16,typed-16,typed,1,confusing,column,2,"The escape pod door is open for only about two turns after the explosion. I waited and died at turn 15. Fair, but harsh for a player who is waiting to see what "
16,typed-16,typed,2,bug,column,1,"RESTART at the death prompt doesn't restart. It says ""Start again with --new"", while the game text offers RESTART/RESTORE/QUIT"
16,typed-16,typed,3,confusing,column,3,"Every depth prints the same room text (""You are momentarily disoriented as you enter...""), even ""at the surface"". The only things that change are the status lin"
16,typed-16,typed,4,nice,column,,"The lines as I kick upward (""the green goes out of the water..."") are lovely"
16,typed-16,typed,5,nice,column,,PUT CARD IN SLOT explains that I should slide it through instead. A helpful nudge
16,typed-16,typed,6,nice,column,,The first hunger warning names the goo and points to DIAGNOSE. Friendly and clear
16,typed-16,typed,7,nice,column,,"Waking Floyd and the itch that turns up the access card. Charming, and the itch line is clear enough to act on"
16,typed-16,typed,8,tedious,column,1,"TAKE CARD asks ""the lower elevator access card or the ID card?"", even though the ID card is tucked in my uniform. I moved on and left the new card on the floor"
16,typed-16,typed,9,confusing,column,2,"The magnet smeared my ID card one turn after the warning. The warning was fair, but the INVENTORY I typed right after it counted as the turn. I like that it's a"
16,typed-16,typed,10,tedious,column,2,"TAKE KEY AND CARD asked ""which card"" again, although the ID card was in my pocket. Twice now"
16,typed-16,typed,11,nice,column,,Floyd reacting to SAVE is a great joke
16,typed-16,typed,12,nice,column,,"The first weariness warning lists which dorms have bunks. Helpful, but it gives the whole answer away"
16,typed-16,typed,13,tedious,column,2,"My carrying limit keeps knocking things out of my hands: the key in the Robot Shop, then the elevator card here. A card slid through a slot doesn't go back into"
16,typed-16,typed,14,nice,column,,"The ladder steps are clear and each refusal says what's missing (""extended first"", ""while you're holding it""). Good puzzle feedback"
16,typed-16,typed,15,tedious,column,2,"The hunger warning reminds me the goo is in Storage West, three hours back. Useful, but hunger plus carrying limits plus the long hall made for a costly trek"
16,typed-16,typed,16,nice,column,,"DIAGNOSE says hours left, and explains that they're chronometer hours, not turns. Very clear"
16,typed-16,typed,17,confusing,column,1,"""You feel a bit weak and slightly flushed"" came with no cause at all. Ominous in a good way, but I have no idea what triggered it"
16,typed-16,typed,18,tedious,column,1,"EAT GREEN GOO with the kit on the floor in front of me: ""You're not holding the survival kit."" When I'm faint with hunger, it could just pick the kit up for me"
16,typed-16,typed,19,blocked,column,3,"I dropped the kitchen card inside the kitchen and the door auto-closed behind me. The card is locked in with the only food supply, with no warning. A possible s"
16,typed-16,typed,20,nice,column,,"Floyd's line on RESTORE (""That part of the game was more fun than this part"") is a delight"
16,typed-16,typed,21,tedious,column,1,"""Floyd notices a mouse scurrying by and tries to hide behind you"" three turns running. It reads like a stuck message"
16,typed-16,typed,22,tedious,column,1,"The rides take two or three WAITs with no progress line in between. Leaving early just says ""The door is closed"""
16,typed-16,typed,23,confusing,column,2,"SET LEVER TO CENTER: ""You can't see any lever center here!"" The panel text names a ""central position""; PULL/PUSH LEVER worked"
16,typed-16,typed,24,nice,column,,"The shuttle ride: speed display, ""Limit 45"", the half-way ""begin deceleration"" sign and the 15/10/5 countdown signs teach the whole puzzle. A joy"
16,typed-16,typed,25,nice,column,,Floyd finds Lazarus's breast plate and runs off sobbing. Beautifully set up
16,typed-16,typed,26,tedious,column,1,"LOOK THROUGH DOORWAY asks ""the small doorway or the doorway?"", though the room text mentions just one"
16,typed-16,typed,27,confusing,column,1,"TAKE ALL BOARDS FROM PANEL: ""You can't see any all boards here!"" TAKE FIRST BOARD WITH PLIERS: ""Nothing interesting happens"", a flat reply to a reasonable idea"
16,typed-16,typed,28,confusing,column,2,"The board I pulled became the ""fried seventeen-centimeter fromitz board"", so DROP SECOND BOARD failed. I learned the new name only from INVENTORY"
16,typed-16,typed,29,bug,column,1,"INVENTORY lists ""A emergency ration"""
16,typed-16,typed,30,bug,column,1,"TAKE OBJECT (for ""a small object nestled among the dust"") asks ""the green spool or the red spool?"", naming the hidden item"
16,typed-16,typed,31,tedious,column,2,The carrying limit again: the paper and then the teleport card spilled when I took something else. It happens with nearly every useful pick-up
16,typed-16,typed,32,nice,column,,"Floyd volunteers for the Bio Lab, gets the card and dies to the Ballad of the Starcrossed Miner. The emotional high point of the game"
16,typed-16,typed,33,nice,column,,The teleport booths make the two complexes two turns apart. A big relief after the three-hour hall and the shuttle
16,typed-16,typed,34,blocked,column,3,"The microbe allows two actions before it eats you. The key clue (a pseudopod ""attracted by the warmth of the laser"") appears only after you've already shot it w"
16,typed-16,typed,35,nice,column,,"The mutant chase: each room says who's on my heels, the mural has slid open, and the elevator door shuts in their faces. Thrilling and fair"
16,typed-16,typed,36,confusing,column,2,"The game ends the moment you step out of the Cryo-Elevator. Nothing warned me that the unfixed systems (Planetary Defense, Communications) would cost me the goo"
19,typed-19,typed,1,bug,column,,"**T75, T81 (second life)** `the blue one` / `blue` / `blue button` after ""Which do you mean, the blue button or the red button?"", and `the lower one` after ""the"
19,typed-19,typed,2,bug,column,,"**T62** `go through the portal` (the open ""large portal"" south of the Mess Corridor): ""You hit your head against the doorway as you attempt this feat."""
19,typed-19,typed,3,bug,column,,"**T104** `go through the red door` (the red door open, and the lobby text said so): ""You hit your head against the red door""."
19,typed-19,typed,4,bug,column,,"**T82** `press the up button` in the Upper Elevator, whose text lists ""an Up button"": ""You can't see any up button here!"""
19,typed-19,typed,5,bug,column,,"**T134 restore** `restore` to a save made before Floyd existed: Floyd's line ""That part of the game was more fun than this part"" still prints."
19,typed-19,typed,6,bug,column,,"**T86 (second life)** `put the elevator card in my pocket` then `pick up the magnet`: the card smeared on the same turn, with no fresh ""any longer"" warning. The"
19,typed-19,typed,7,bug,column,,"**T78 (second life)** `pick up the card` before any card had dropped: ""Taken."" It quietly moved my own ID card from pocket to hand, and I thought I had Floyd's "
19,typed-19,typed,8,bug,column,,"**T79 (second life)** `inventory`: ""The laser contains: A laser setting dial"", as if the dial were a loose item inside it."
19,typed-19,typed,9,bug,column,,"**T81 (second life)** `pick up the card on the floor` asked ""the lower elevator access card or the ID card?"", although the ID card was in my hand."
19,typed-19,typed,10,parse,column,,"**T0** `what do I do` (and every question: `what was that` T19, `what is goo` T44, `what does that mean` T70, `where is floyd`, `what is a grue`, `what's a from"
19,typed-19,typed,11,parse,column,,"**T4** `what's in my bag`, `what am i carrying`, **T97** `what do i have`: none of them reach inventory."
19,typed-19,typed,12,parse,column,,"**T7, T54** `go back`: ""I don't know the word 'back'."""
19,typed-19,typed,13,parse,column,,"**T19** `run into the escape pod`, **T61** `go into the big doorway`: ""I don't know the word 'into'."" At T19 this happened during the escape-pod countdown."
19,typed-19,typed,14,parse,column,,"**T114** `get on the train`: ""I don't know the word 'on'."""
19,typed-19,typed,15,parse,column,,"**T115** `go in the train`, `go in the shuttle`: ""You can't go that way."""
19,typed-19,typed,16,parse,column,,"**T116** `enter the transport`: ""I don't know the word 'transport'"", the game's own word for the shuttle."
19,typed-19,typed,17,parse,column,,"**T56** `use the toilet`: ""I don't know the word 'use'."""
19,typed-19,typed,18,parse,column,,"**T64, T69 (second life)** `pick up the thing`, `pick up the u thing`: ""I don't know the word 'thing'."""
19,typed-19,typed,19,parse,column,,"**T95** `open floyd's compartment`, **T77 (second life)** `open his compartment`: possessives aren't known."
19,typed-19,typed,20,parse,column,,"**T77 (second life)** `tickle floyd`: unknown word, although the game's own reply says ""You're tickling Floyd!"""
19,typed-19,typed,21,parse,column,,"**T95** `scratch floyd`: unknown word, when Floyd is literally scratching at his side panel."
19,typed-19,typed,22,parse,column,,"**T45** `read the sign` (it's a ""plaque""): ""I don't know the word 'sign'."""
19,typed-19,typed,23,parse,column,,"**T39** `swim to the light`: ""You can't see any light here!"", right after ""a dim light filters down from far above""."
19,typed-19,typed,24,parse,column,,"**T42** `climb out` at the surface: ""You can't see any out here!"""
19,typed-19,typed,25,parse,column,,"**T3, T46** `keep cleaning the floor`, `keep going up`: ""I don't know the word 'keep'."""
19,typed-19,typed,26,parse,column,,**T72 (second life)** `oops`: unknown word.
19,typed-19,typed,27,parse,column,,"**T81 (second life)** `pick up the new card`: ""You can't see any new card here!"""
19,typed-19,typed,28,parse,column,,"**T87 (second life)** `go to the elevator`: ""Use compass directions for movement."" It's clear, but a beginner expects this to work."
19,typed-19,typed,29,confusing,column,,"**T2, T86 (second life)** `help`, `hint`: ""order a complete map and InvisiClues Hint Booklet using the order form in your game package"". There is no package, an"
19,typed-19,typed,30,confusing,column,,"**T3** `say sorry to blather`: ""You must address the Ensign First Class directly."" It doesn't say how."
19,typed-19,typed,31,confusing,column,,"**T134** `jump over the hole`: instant death with no warning, and my only save was 90 turns back."
19,typed-19,typed,32,confusing,column,,"**T118** `sit down` on a shuttle ""with seating for around 20 people"": ""You recline on the floor for a bit""."
19,typed-19,typed,33,confusing,column,,"**T66 (second life)** `go up` from the dark stairs: ""The elevator door slides shut."" I had never been told the door east of Reactor Control was an elevator."
19,typed-19,typed,34,confusing,column,,"**T113** Waiting Area: ""to the south is a metal door"". It's the elevator I just came out of, which isn't obvious."
19,typed-19,typed,35,confusing,column,,"**T66** `open the canteen`: just ""Opened."" It doesn't say it's empty; I had to look inside."
19,typed-19,typed,36,confusing,column,,"**T21** `close the door` in the pod: ""You can't close it yourself"", then it closes by itself the same turn."
19,typed-19,typed,37,tedious,column,,**T22-34** The pod ride is about twelve WAITs with nothing for me to do. As a beginner I wasn't sure I was supposed to just wait.
19,typed-19,typed,38,tedious,column,,"**T72** `go east` down the long hall: ""That walk took about 3 hours."" It's fine the first time, but after dying I had to redo the whole route from the Crag."
19,typed-19,typed,39,tedious,column,,"**T109-112, T125-128** The elevator rides take three WAITs, and `go out` early says ""The door is closed"" with no ""still moving"" cue."
19,typed-19,typed,40,tedious,column,,"**T71-72 (second life)** The magnet smears the card one turn after its warning. That isn't enough time for a beginner to work out what ""carried together any lon"
